    0.000145,  -0.0145729
 0.000145004,  -0.0140704
 0.000145008,  -0.0135678
 0.000145012,  -0.0135678
 0.000145016,  -0.0130653
  0.00014502,  -0.0135678
 0.000145024,  -0.0130653
 0.000145028,  -0.0125628
 0.000145032,  -0.0125628
 0.000145036,  -0.0120603
  0.00014504,  -0.0120603
 0.000145044,  -0.0120603
 0.000145048,  -0.0115578
 0.000145052,  -0.0115578
 0.000145056,  -0.0110553
  0.00014506,  -0.0110553
 0.000145064,  -0.0110553
 0.000145068,  -0.0105528
 0.000145072,  -0.0105528
 0.000145076,  -0.0100503
  0.00014508, -0.00954774
 0.000145084,  -0.0100503
 0.000145088, -0.00954774
 0.000145092, -0.00904523
 0.000145096, -0.00854271
   0.0001451, -0.00854271
 0.000145104, -0.00854271
 0.000145108,  -0.0080402
 0.000145112, -0.00753769
 0.000145116, -0.00753769
  0.00014512, -0.00703518
 0.000145124, -0.00703518
 0.000145128, -0.00703518
 0.000145132, -0.00653266
 0.000145136, -0.00603015
  0.00014514, -0.00552764
 0.000145144, -0.00552764
 0.000145148, -0.00502513
 0.000145152, -0.00502513
 0.000145156, -0.00452261
  0.00014516, -0.00452261
 0.000145164, -0.00452261
 0.000145168,  -0.0040201
 0.000145172,  -0.0040201
 0.000145176, -0.00351759
  0.00014518, -0.00301508
 0.000145184, -0.00301508
 0.000145188, -0.00251256
 0.000145192, -0.00201005
 0.000145196, -0.00201005
   0.0001452, -0.00201005
 0.000145204, -0.00150754
 0.000145208, -0.00100503
 0.000145212, -0.00100503
 0.000145216,-0.000502513
  0.00014522,           0
 0.000145224,           0
 0.000145228, 0.000502513
 0.000145232, 0.000502513
 0.000145236,  0.00100503
  0.00014524,  0.00150754
 0.000145244,  0.00150754
 0.000145248,  0.00201005
 0.000145252,  0.00201005
 0.000145256,  0.00251256
  0.00014526,  0.00251256
 0.000145264,  0.00301508
 0.000145268,  0.00351759
 0.000145272,  0.00351759
 0.000145276,   0.0040201
  0.00014528,  0.00452261
 0.000145284,  0.00452261
 0.000145288,  0.00452261
 0.000145292,  0.00502513
 0.000145296,  0.00552764
   0.0001453,  0.00603015
 0.000145304,  0.00603015
 0.000145308,  0.00653266
 0.000145312,  0.00703518
 0.000145316,  0.00703518
  0.00014532,  0.00753769
 0.000145324,  0.00753769
 0.000145328,   0.0080402
 0.000145332,   0.0080402
 0.000145336,  0.00854271
  0.00014534,  0.00904523
 0.000145344,  0.00904523
 0.000145348,  0.00954774
 0.000145352,   0.0100503
 0.000145356,   0.0100503
  0.00014536,   0.0100503
 0.000145364,   0.0105528
 0.000145368,   0.0110553
 0.000145372,   0.0115578
 0.000145376,   0.0115578
  0.00014538,   0.0120603
 0.000145384,   0.0120603
 0.000145388,   0.0125628
 0.000145392,   0.0125628
 0.000145396,   0.0130653
   0.0001454,   0.0140704
 0.000145404,   0.0140704
 0.000145408,   0.0145729
 0.000145412,   0.0145729
 0.000145416,   0.0150754
  0.00014542,   0.0150754
 0.000145424,   0.0155779
 0.000145428,   0.0160804
 0.000145432,   0.0165829
 0.000145436,   0.0165829
  0.00014544,   0.0170854
 0.000145444,   0.0170854
 0.000145448,   0.0175879
 0.000145452,   0.0180905
 0.000145456,   0.0180905
  0.00014546,    0.018593
 0.000145464,    0.018593
 0.000145468,   0.0190955
 0.000145472,    0.019598
 0.000145476,    0.019598
  0.00014548,   0.0201005
 0.000145484,    0.020603
 0.000145488,    0.020603
 0.000145492,   0.0211055
 0.000145496,   0.0211055
   0.0001455,    0.021608
 0.000145504,   0.0221106
 0.000145508,   0.0226131
 0.000145512,   0.0231156
 0.000145516,   0.0226131
  0.00014552,   0.0231156
 0.000145524,   0.0236181
 0.000145528,   0.0236181
 0.000145532,   0.0241206
 0.000145536,   0.0246231
  0.00014554,   0.0251256
 0.000145544,   0.0256281
 0.000145548,   0.0256281
 0.000145552,   0.0256281
 0.000145556,   0.0261307
  0.00014556,   0.0261307
 0.000145564,   0.0266332
 0.000145568,   0.0271357
 0.000145572,   0.0276382
 0.000145576,   0.0276382
  0.00014558,   0.0281407
 0.000145584,   0.0281407
 0.000145588,   0.0286432
 0.000145592,   0.0286432
 0.000145596,   0.0291457
   0.0001456,   0.0296482
 0.000145604,   0.0296482
 0.000145608,   0.0301508
 0.000145612,   0.0306533
 0.000145616,   0.0306533
  0.00014562,   0.0311558
 0.000145624,   0.0311558
 0.000145628,   0.0316583
 0.000145632,   0.0321608
 0.000145636,   0.0321608
  0.00014564,   0.0326633
 0.000145644,   0.0331658
 0.000145648,   0.0331658
 0.000145652,   0.0336683
 0.000145656,   0.0336683
  0.00014566,   0.0341709
 0.000145664,   0.0341709
 0.000145668,   0.0346734
 0.000145672,   0.0351759
 0.000145676,   0.0351759
  0.00014568,   0.0356784
 0.000145684,   0.0361809
 0.000145688,   0.0361809
 0.000145692,   0.0366834
 0.000145696,   0.0366834
   0.0001457,   0.0371859
 0.000145704,   0.0376884
 0.000145708,   0.0376884
 0.000145712,    0.038191
 0.000145716,   0.0386935
  0.00014572,   0.0386935
 0.000145724,    0.039196
 0.000145728,    0.039196
 0.000145732,   0.0396985
 0.000145736,   0.0396985
  0.00014574,    0.040201
 0.000145744,   0.0407035
 0.000145748,   0.0407035
 0.000145752,    0.041206
 0.000145756,   0.0417085
  0.00014576,    0.041206
 0.000145764,   0.0417085
 0.000145768,   0.0422111
 0.000145772,   0.0422111
 0.000145776,   0.0427136
  0.00014578,   0.0427136
 0.000145784,   0.0432161
 0.000145788,   0.0432161
 0.000145792,   0.0437186
 0.000145796,   0.0442211
   0.0001458,   0.0442211
 0.000145804,   0.0447236
 0.000145808,   0.0447236
 0.000145812,   0.0452261
 0.000145816,   0.0452261
  0.00014582,   0.0452261
 0.000145824,   0.0462312
 0.000145828,   0.0462312
 0.000145832,   0.0467337
 0.000145836,   0.0467337
  0.00014584,   0.0472362
 0.000145844,   0.0472362
 0.000145848,   0.0477387
 0.000145852,   0.0477387
 0.000145856,   0.0482412
  0.00014586,   0.0482412
 0.000145864,   0.0487437
 0.000145868,   0.0487437
 0.000145872,   0.0492462
 0.000145876,   0.0492462
  0.00014588,   0.0497487
 0.000145884,   0.0497487
 0.000145888,   0.0502513
 0.000145892,   0.0502513
 0.000145896,   0.0507538
   0.0001459,   0.0507538
 0.000145904,   0.0512563
 0.000145908,   0.0517588
 0.000145912,   0.0517588
 0.000145916,   0.0522613
  0.00014592,   0.0522613
 0.000145924,   0.0527638
 0.000145928,   0.0527638
 0.000145932,   0.0532663
 0.000145936,   0.0532663
  0.00014594,   0.0532663
 0.000145944,   0.0537688
 0.000145948,   0.0537688
 0.000145952,   0.0542714
 0.000145956,   0.0542714
  0.00014596,   0.0542714
 0.000145964,   0.0547739
 0.000145968,   0.0552764
 0.000145972,   0.0552764
 0.000145976,   0.0552764
  0.00014598,   0.0557789
 0.000145984,   0.0557789
 0.000145988,   0.0562814
 0.000145992,   0.0562814
 0.000145996,   0.0567839
    0.000146,   0.0567839
 0.000146004,   0.0567839
 0.000146008,   0.0572864
 0.000146012,   0.0572864
 0.000146016,   0.0577889
  0.00014602,   0.0577889
 0.000146024,   0.0577889
 0.000146028,   0.0582915
 0.000146032,    0.058794
 0.000146036,    0.058794
  0.00014604,    0.058794
 0.000146044,   0.0592965
 0.000146048,    0.059799
 0.000146052,   0.0592965
 0.000146056,    0.059799
  0.00014606,    0.059799
 0.000146064,   0.0603015
 0.000146068,   0.0603015
 0.000146072,   0.0603015
 0.000146076,    0.060804
  0.00014608,   0.0613065
 0.000146084,   0.0613065
 0.000146088,   0.0613065
 0.000146092,    0.061809
 0.000146096,    0.061809
   0.0001461,    0.061809
 0.000146104,   0.0623116
 0.000146108,   0.0623116
 0.000146112,   0.0628141
 0.000146116,   0.0628141
  0.00014612,   0.0628141
 0.000146124,   0.0633166
 0.000146128,   0.0633166
 0.000146132,   0.0633166
 0.000146136,   0.0638191
  0.00014614,   0.0643216
 0.000146144,   0.0643216
 0.000146148,   0.0643216
 0.000146152,   0.0643216
 0.000146156,   0.0648241
  0.00014616,   0.0648241
 0.000146164,   0.0648241
 0.000146168,   0.0658291
 0.000146172,   0.0653266
 0.000146176,   0.0658291
  0.00014618,   0.0658291
 0.000146184,   0.0658291
 0.000146188,   0.0663317
 0.000146192,   0.0658291
 0.000146196,   0.0663317
   0.0001462,   0.0668342
 0.000146204,   0.0668342
 0.000146208,   0.0673367
 0.000146212,   0.0668342
 0.000146216,   0.0673367
  0.00014622,   0.0673367
 0.000146224,   0.0673367
 0.000146228,   0.0678392
 0.000146232,   0.0678392
 0.000146236,   0.0678392
  0.00014624,   0.0683417
 0.000146244,   0.0683417
 0.000146248,   0.0688442
 0.000146252,   0.0688442
 0.000146256,   0.0683417
  0.00014626,   0.0688442
 0.000146264,   0.0688442
 0.000146268,   0.0693467
 0.000146272,   0.0693467
 0.000146276,   0.0693467
  0.00014628,   0.0698492
 0.000146284,   0.0698492
 0.000146288,   0.0698492
 0.000146292,   0.0703518
 0.000146296,   0.0708543
   0.0001463,   0.0708543
 0.000146304,   0.0703518
 0.000146308,   0.0708543
 0.000146312,   0.0713568
 0.000146316,   0.0708543
  0.00014632,   0.0708543
 0.000146324,   0.0713568
 0.000146328,   0.0718593
 0.000146332,   0.0713568
 0.000146336,   0.0718593
  0.00014634,   0.0723618
 0.000146344,   0.0718593
 0.000146348,   0.0723618
 0.000146352,   0.0723618
 0.000146356,   0.0728643
  0.00014636,   0.0728643
 0.000146364,   0.0723618
 0.000146368,   0.0733668
 0.000146372,   0.0733668
 0.000146376,   0.0733668
  0.00014638,   0.0738693
 0.000146384,   0.0738693
 0.000146388,   0.0738693
 0.000146392,   0.0743719
 0.000146396,   0.0743719
   0.0001464,   0.0743719
 0.000146404,   0.0743719
 0.000146408,   0.0748744
 0.000146412,   0.0753769
 0.000146416,   0.0748744
  0.00014642,   0.0748744
 0.000146424,   0.0753769
 0.000146428,   0.0753769
 0.000146432,   0.0753769
 0.000146436,   0.0758794
  0.00014644,   0.0763819
 0.000146444,   0.0763819
 0.000146448,   0.0763819
 0.000146452,   0.0768844
 0.000146456,   0.0763819
  0.00014646,   0.0763819
 0.000146464,   0.0768844
 0.000146468,   0.0773869
 0.000146472,   0.0773869
 0.000146476,   0.0773869
  0.00014648,   0.0773869
 0.000146484,   0.0778894
 0.000146488,   0.0778894
 0.000146492,   0.0778894
 0.000146496,   0.0778894
   0.0001465,    0.078392
 0.000146504,    0.078392
 0.000146508,    0.078392
 0.000146512,   0.0788945
 0.000146516,   0.0788945
  0.00014652,   0.0788945
 0.000146524,    0.079397
 0.000146528,    0.079397
 0.000146532,    0.079397
 0.000146536,   0.0798995
  0.00014654,    0.080402
 0.000146544,   0.0798995
 0.000146548,    0.080402
 0.000146552,   0.0809045
 0.000146556,   0.0809045
  0.00014656,   0.0809045
 0.000146564,   0.0809045
 0.000146568,    0.081407
 0.000146572,    0.081407
 0.000146576,    0.081407
  0.00014658,   0.0819095
 0.000146584,   0.0819095
 0.000146588,   0.0819095
 0.000146592,   0.0824121
 0.000146596,   0.0824121
   0.0001466,   0.0824121
 0.000146604,   0.0824121
 0.000146608,   0.0829146
 0.000146612,   0.0834171
 0.000146616,   0.0829146
  0.00014662,   0.0834171
 0.000146624,   0.0839196
 0.000146628,   0.0839196
 0.000146632,   0.0844221
 0.000146636,   0.0844221
  0.00014664,   0.0844221
 0.000146644,   0.0849246
 0.000146648,   0.0849246
 0.000146652,   0.0854271
 0.000146656,   0.0849246
  0.00014666,   0.0849246
 0.000146664,   0.0854271
 0.000146668,   0.0859296
 0.000146672,   0.0864322
 0.000146676,   0.0864322
  0.00014668,   0.0864322
 0.000146684,   0.0869347
 0.000146688,   0.0864322
 0.000146692,   0.0869347
 0.000146696,   0.0869347
   0.0001467,   0.0874372
 0.000146704,   0.0874372
 0.000146708,   0.0879397
 0.000146712,   0.0884422
 0.000146716,   0.0884422
  0.00014672,   0.0879397
 0.000146724,   0.0884422
 0.000146728,   0.0884422
 0.000146732,   0.0889447
 0.000146736,   0.0889447
  0.00014674,   0.0894472
 0.000146744,   0.0894472
 0.000146748,   0.0894472
 0.000146752,   0.0899497
 0.000146756,   0.0899497
  0.00014676,   0.0904523
 0.000146764,   0.0904523
 0.000146768,   0.0909548
 0.000146772,   0.0914573
 0.000146776,   0.0914573
  0.00014678,   0.0914573
 0.000146784,   0.0914573
 0.000146788,   0.0919598
 0.000146792,   0.0924623
 0.000146796,   0.0924623
   0.0001468,   0.0924623
 0.000146804,   0.0929648
 0.000146808,   0.0929648
 0.000146812,   0.0929648
 0.000146816,   0.0929648
  0.00014682,   0.0934673
 0.000146824,   0.0939699
 0.000146828,   0.0939699
 0.000146832,   0.0939699
 0.000146836,   0.0944724
  0.00014684,   0.0944724
 0.000146844,   0.0949749
 0.000146848,   0.0949749
 0.000146852,   0.0949749
 0.000146856,   0.0949749
  0.00014686,   0.0949749
 0.000146864,   0.0959799
 0.000146868,   0.0959799
 0.000146872,   0.0964824
 0.000146876,   0.0959799
  0.00014688,   0.0964824
 0.000146884,   0.0969849
 0.000146888,   0.0969849
 0.000146892,   0.0969849
 0.000146896,   0.0974874
   0.0001469,   0.0974874
 0.000146904,   0.0974874
 0.000146908,   0.0979899
 0.000146912,   0.0984925
 0.000146916,   0.0984925
  0.00014692,   0.0979899
 0.000146924,   0.0984925
 0.000146928,    0.098995
 0.000146932,    0.098995
 0.000146936,   0.0994975
  0.00014694,   0.0994975
 0.000146944,   0.0994975
 0.000146948,   0.0994975
 0.000146952,         0.1
 0.000146956,         0.1
  0.00014696,    0.100503
 0.000146964,    0.100503
 0.000146968,    0.100503
 0.000146972,    0.101005
 0.000146976,    0.101005
  0.00014698,    0.101005
 0.000146984,    0.101005
 0.000146988,    0.101508
 0.000146992,    0.101508
 0.000146996,     0.10201
    0.000147,     0.10201
 0.000147004,    0.102513
 0.000147008,    0.102513
 0.000147012,    0.103015
 0.000147016,    0.102513
  0.00014702,    0.103015
 0.000147024,    0.103015
 0.000147028,    0.103015
 0.000147032,    0.103518
 0.000147036,    0.103518
  0.00014704,    0.103518
 0.000147044,     0.10402
 0.000147048,     0.10402
 0.000147052,     0.10402
 0.000147056,    0.104523
  0.00014706,     0.10402
 0.000147064,    0.104523
 0.000147068,    0.105025
 0.000147072,    0.105025
 0.000147076,    0.105025
  0.00014708,    0.105025
 0.000147084,    0.105528
 0.000147088,    0.105528
 0.000147092,    0.105025
 0.000147096,    0.105528
   0.0001471,     0.10603
 0.000147104,     0.10603
 0.000147108,    0.106533
 0.000147112,     0.10603
 0.000147116,    0.106533
  0.00014712,    0.106533
 0.000147124,    0.106533
 0.000147128,    0.106533
 0.000147132,    0.107035
 0.000147136,    0.107035
  0.00014714,    0.107538
 0.000147144,    0.107035
 0.000147148,    0.107538
 0.000147152,    0.107538
 0.000147156,    0.107538
  0.00014716,    0.107538
 0.000147164,     0.10804
 0.000147168,     0.10804
 0.000147172,     0.10804
 0.000147176,     0.10804
  0.00014718,    0.108543
 0.000147184,    0.108543
 0.000147188,    0.108543
 0.000147192,    0.108543
 0.000147196,    0.108543
   0.0001472,    0.108543
 0.000147204,    0.109045
 0.000147208,    0.109045
 0.000147212,    0.109548
 0.000147216,    0.109045
  0.00014722,    0.109045
 0.000147224,    0.109548
 0.000147228,     0.11005
 0.000147232,    0.109548
 0.000147236,     0.11005
  0.00014724,     0.11005
 0.000147244,     0.11005
 0.000147248,     0.11005
 0.000147252,     0.11005
 0.000147256,     0.11005
  0.00014726,     0.11005
 0.000147264,     0.11005
 0.000147268,    0.110553
 0.000147272,    0.110553
 0.000147276,    0.110553
  0.00014728,    0.110553
 0.000147284,    0.110553
 0.000147288,    0.111055
 0.000147292,    0.110553
 0.000147296,    0.111055
   0.0001473,    0.111055
 0.000147304,    0.111055
 0.000147308,    0.111558
 0.000147312,    0.111558
 0.000147316,    0.111055
  0.00014732,    0.111558
 0.000147324,    0.111558
 0.000147328,    0.111558
 0.000147332,    0.111558
 0.000147336,    0.111558
  0.00014734,     0.11206
 0.000147344,     0.11206
 0.000147348,     0.11206
 0.000147352,     0.11206
 0.000147356,     0.11206
  0.00014736,     0.11206
 0.000147364,     0.11206
 0.000147368,     0.11206
 0.000147372,     0.11206
 0.000147376,     0.11206
  0.00014738,    0.112563
 0.000147384,     0.11206
 0.000147388,    0.112563
 0.000147392,    0.112563
 0.000147396,     0.11206
   0.0001474,     0.11206
 0.000147404,    0.112563
 0.000147408,    0.112563
 0.000147412,    0.112563
 0.000147416,    0.112563
  0.00014742,    0.112563
 0.000147424,    0.112563
 0.000147428,    0.112563
 0.000147432,    0.113065
 0.000147436,    0.113065
  0.00014744,    0.112563
 0.000147444,    0.112563
 0.000147448,    0.113065
 0.000147452,    0.113065
 0.000147456,    0.113065
  0.00014746,    0.113065
 0.000147464,    0.113065
 0.000147468,    0.113065
 0.000147472,    0.113065
 0.000147476,    0.113065
  0.00014748,    0.113065
 0.000147484,    0.113065
 0.000147488,    0.113065
 0.000147492,    0.113065
 0.000147496,    0.113065
   0.0001475,    0.113065
 0.000147504,    0.113065
 0.000147508,    0.113065
 0.000147512,    0.113065
 0.000147516,    0.113065
  0.00014752,    0.113065
 0.000147524,    0.113065
 0.000147528,    0.113065
 0.000147532,    0.113065
 0.000147536,    0.113065
  0.00014754,    0.113065
 0.000147544,    0.113065
 0.000147548,    0.113065
 0.000147552,    0.113065
 0.000147556,    0.113065
  0.00014756,    0.113065
 0.000147564,    0.113065
 0.000147568,    0.113065
 0.000147572,    0.113065
 0.000147576,    0.112563
  0.00014758,    0.113065
 0.000147584,    0.113065
 0.000147588,    0.112563
 0.000147592,    0.112563
 0.000147596,    0.113065
   0.0001476,    0.112563
 0.000147604,    0.112563
 0.000147608,    0.112563
 0.000147612,    0.113065
 0.000147616,    0.112563
  0.00014762,     0.11206
 0.000147624,    0.112563
 0.000147628,    0.112563
 0.000147632,    0.112563
 0.000147636,     0.11206
  0.00014764,    0.112563
 0.000147644,    0.112563
 0.000147648,     0.11206
 0.000147652,     0.11206
 0.000147656,     0.11206
  0.00014766,     0.11206
 0.000147664,    0.111558
 0.000147668,     0.11206
 0.000147672,     0.11206
 0.000147676,    0.111558
  0.00014768,    0.111558
 0.000147684,    0.111558
 0.000147688,    0.111558
 0.000147692,    0.111055
 0.000147696,    0.111055
   0.0001477,    0.111558
 0.000147704,    0.111055
 0.000147708,    0.111055
 0.000147712,    0.111055
 0.000147716,    0.111055
  0.00014772,    0.111055
 0.000147724,    0.110553
 0.000147728,    0.110553
 0.000147732,    0.110553
 0.000147736,     0.11005
  0.00014774,    0.110553
 0.000147744,    0.110553
 0.000147748,     0.11005
 0.000147752,     0.11005
 0.000147756,     0.11005
  0.00014776,     0.11005
 0.000147764,    0.109548
 0.000147768,    0.109548
 0.000147772,    0.109548
 0.000147776,    0.109548
  0.00014778,    0.109548
 0.000147784,    0.109548
 0.000147788,    0.109045
 0.000147792,    0.109045
 0.000147796,    0.109045
   0.0001478,    0.109045
 0.000147804,    0.108543
 0.000147808,    0.108543
 0.000147812,    0.108543
 0.000147816,     0.10804
  0.00014782,     0.10804
 0.000147824,     0.10804
 0.000147828,     0.10804
 0.000147832,    0.107538
 0.000147836,    0.107538
  0.00014784,    0.107538
 0.000147844,    0.107538
 0.000147848,    0.107035
 0.000147852,    0.107035
 0.000147856,    0.107035
  0.00014786,    0.106533
 0.000147864,    0.106533
 0.000147868,    0.106533
 0.000147872,     0.10603
 0.000147876,     0.10603
  0.00014788,     0.10603
 0.000147884,    0.105528
 0.000147888,    0.105025
 0.000147892,    0.105025
 0.000147896,    0.105025
   0.0001479,    0.105025
 0.000147904,    0.105025
 0.000147908,    0.104523
 0.000147912,    0.104523
 0.000147916,    0.104523
  0.00014792,     0.10402
 0.000147924,     0.10402
 0.000147928,    0.103518
 0.000147932,    0.103518
 0.000147936,    0.103518
  0.00014794,    0.103518
 0.000147944,    0.103518
 0.000147948,    0.103015
 0.000147952,    0.102513
 0.000147956,    0.102513
  0.00014796,    0.102513
 0.000147964,     0.10201
 0.000147968,    0.101508
 0.000147972,     0.10201
 0.000147976,    0.101508
  0.00014798,    0.101508
 0.000147984,    0.101508
 0.000147988,    0.100503
 0.000147992,    0.100503
 0.000147996,    0.101005
    0.000148,    0.100503
 0.000148004,    0.100503
 0.000148008,         0.1
 0.000148012,         0.1
 0.000148016,   0.0994975
  0.00014802,    0.098995
 0.000148024,   0.0994975
 0.000148028,    0.098995
 0.000148032,   0.0984925
 0.000148036,   0.0984925
  0.00014804,   0.0984925
 0.000148044,   0.0979899
 0.000148048,   0.0974874
 0.000148052,   0.0974874
 0.000148056,   0.0974874
  0.00014806,   0.0969849
 0.000148064,   0.0969849
 0.000148068,   0.0964824
 0.000148072,   0.0964824
 0.000148076,   0.0959799
  0.00014808,   0.0959799
 0.000148084,   0.0954774
 0.000148088,   0.0954774
 0.000148092,   0.0949749
 0.000148096,   0.0949749
   0.0001481,   0.0949749
 0.000148104,   0.0944724
 0.000148108,   0.0939699
 0.000148112,   0.0939699
 0.000148116,   0.0939699
  0.00014812,   0.0934673
 0.000148124,   0.0929648
 0.000148128,   0.0929648
 0.000148132,   0.0929648
 0.000148136,   0.0924623
  0.00014814,   0.0919598
 0.000148144,   0.0919598
 0.000148148,   0.0919598
 0.000148152,   0.0914573
 0.000148156,   0.0909548
  0.00014816,   0.0909548
 0.000148164,   0.0909548
 0.000148168,   0.0904523
 0.000148172,   0.0904523
 0.000148176,   0.0899497
  0.00014818,   0.0899497
 0.000148184,   0.0894472
 0.000148188,   0.0889447
 0.000148192,   0.0884422
 0.000148196,   0.0889447
   0.0001482,   0.0884422
 0.000148204,   0.0879397
 0.000148208,   0.0879397
 0.000148212,   0.0874372
 0.000148216,   0.0874372
  0.00014822,   0.0869347
 0.000148224,   0.0864322
 0.000148228,   0.0864322
 0.000148232,   0.0859296
 0.000148236,   0.0859296
  0.00014824,   0.0859296
 0.000148244,   0.0854271
 0.000148248,   0.0849246
 0.000148252,   0.0849246
 0.000148256,   0.0844221
  0.00014826,   0.0844221
 0.000148264,   0.0839196
 0.000148268,   0.0834171
 0.000148272,   0.0834171
 0.000148276,   0.0829146
  0.00014828,   0.0829146
 0.000148284,   0.0824121
 0.000148288,   0.0824121
 0.000148292,   0.0819095
 0.000148296,    0.081407
   0.0001483,    0.081407
 0.000148304,   0.0809045
 0.000148308,   0.0809045
 0.000148312,    0.080402
 0.000148316,    0.080402
  0.00014832,    0.079397
 0.000148324,    0.079397
 0.000148328,    0.079397
 0.000148332,   0.0788945
 0.000148336,    0.078392
  0.00014834,    0.078392
 0.000148344,    0.078392
 0.000148348,   0.0778894
 0.000148352,   0.0773869
 0.000148356,   0.0768844
  0.00014836,   0.0763819
 0.000148364,   0.0763819
 0.000148368,   0.0763819
 0.000148372,   0.0758794
 0.000148376,   0.0753769
  0.00014838,   0.0753769
 0.000148384,   0.0748744
 0.000148388,   0.0748744
 0.000148392,   0.0738693
 0.000148396,   0.0738693
   0.0001484,   0.0738693
 0.000148404,   0.0733668
 0.000148408,   0.0733668
 0.000148412,   0.0728643
 0.000148416,   0.0723618
  0.00014842,   0.0723618
 0.000148424,   0.0713568
 0.000148428,   0.0713568
 0.000148432,   0.0713568
 0.000148436,   0.0713568
  0.00014844,   0.0703518
 0.000148444,   0.0698492
 0.000148448,   0.0698492
 0.000148452,   0.0698492
 0.000148456,   0.0693467
  0.00014846,   0.0688442
 0.000148464,   0.0683417
 0.000148468,   0.0683417
 0.000148472,   0.0678392
 0.000148476,   0.0678392
  0.00014848,   0.0673367
 0.000148484,   0.0668342
 0.000148488,   0.0668342
 0.000148492,   0.0663317
 0.000148496,   0.0658291
   0.0001485,   0.0658291
 0.000148504,   0.0653266
 0.000148508,   0.0653266
 0.000148512,   0.0648241
 0.000148516,   0.0643216
  0.00014852,   0.0638191
 0.000148524,   0.0633166
 0.000148528,   0.0633166
 0.000148532,   0.0628141
 0.000148536,   0.0623116
  0.00014854,   0.0628141
 0.000148544,    0.061809
 0.000148548,    0.061809
 0.000148552,   0.0613065
 0.000148556,    0.060804
  0.00014856,   0.0603015
 0.000148564,   0.0603015
 0.000148568,    0.059799
 0.000148572,   0.0592965
 0.000148576,   0.0592965
  0.00014858,    0.058794
 0.000148584,   0.0582915
 0.000148588,   0.0577889
 0.000148592,   0.0577889
 0.000148596,   0.0572864
   0.0001486,   0.0567839
 0.000148604,   0.0567839
 0.000148608,   0.0562814
 0.000148612,   0.0557789
 0.000148616,   0.0557789
  0.00014862,   0.0552764
 0.000148624,   0.0547739
 0.000148628,   0.0542714
 0.000148632,   0.0542714
 0.000148636,   0.0537688
  0.00014864,   0.0532663
 0.000148644,   0.0527638
 0.000148648,   0.0527638
 0.000148652,   0.0522613
 0.000148656,   0.0517588
  0.00014866,   0.0517588
 0.000148664,   0.0507538
 0.000148668,   0.0507538
 0.000148672,   0.0507538
 0.000148676,   0.0497487
  0.00014868,   0.0497487
 0.000148684,   0.0487437
 0.000148688,   0.0487437
 0.000148692,   0.0487437
 0.000148696,   0.0477387
   0.0001487,   0.0477387
 0.000148704,   0.0472362
 0.000148708,   0.0472362
 0.000148712,   0.0467337
 0.000148716,   0.0462312
  0.00014872,   0.0457286
 0.000148724,   0.0457286
 0.000148728,   0.0447236
 0.000148732,   0.0447236
 0.000148736,   0.0442211
  0.00014874,   0.0442211
 0.000148744,   0.0437186
 0.000148748,   0.0432161
 0.000148752,   0.0427136
 0.000148756,   0.0422111
  0.00014876,   0.0417085
 0.000148764,   0.0417085
 0.000148768,    0.041206
 0.000148772,    0.041206
 0.000148776,   0.0407035
  0.00014878,    0.040201
 0.000148784,   0.0396985
 0.000148788,    0.039196
 0.000148792,   0.0386935
 0.000148796,   0.0386935
   0.0001488,    0.038191
 0.000148804,   0.0376884
 0.000148808,   0.0376884
 0.000148812,   0.0371859
 0.000148816,   0.0366834
  0.00014882,   0.0361809
 0.000148824,   0.0356784
 0.000148828,   0.0351759
 0.000148832,   0.0351759
 0.000148836,   0.0346734
  0.00014884,   0.0346734
 0.000148844,   0.0336683
 0.000148848,   0.0336683
 0.000148852,   0.0331658
 0.000148856,   0.0326633
  0.00014886,   0.0326633
 0.000148864,   0.0321608
 0.000148868,   0.0316583
 0.000148872,   0.0316583
 0.000148876,   0.0311558
  0.00014888,   0.0306533
 0.000148884,   0.0301508
 0.000148888,   0.0296482
 0.000148892,   0.0296482
 0.000148896,   0.0291457
   0.0001489,   0.0286432
 0.000148904,   0.0286432
 0.000148908,   0.0276382
 0.000148912,   0.0276382
 0.000148916,   0.0271357
  0.00014892,   0.0266332
 0.000148924,   0.0261307
 0.000148928,   0.0256281
 0.000148932,   0.0256281
 0.000148936,   0.0251256
  0.00014894,   0.0246231
 0.000148944,   0.0246231
 0.000148948,   0.0241206
 0.000148952,   0.0236181
 0.000148956,   0.0236181
  0.00014896,   0.0226131
 0.000148964,   0.0226131
 0.000148968,   0.0221106
 0.000148972,   0.0221106
 0.000148976,    0.021608
  0.00014898,   0.0211055
 0.000148984,    0.020603
 0.000148988,    0.020603
 0.000148992,   0.0201005
 0.000148996,    0.019598
    0.000149,   0.0190955
 0.000149004,    0.018593
 0.000149008,    0.018593
 0.000149012,   0.0180905
 0.000149016,   0.0175879
  0.00014902,   0.0170854
 0.000149024,   0.0165829
 0.000149028,   0.0165829
 0.000149032,   0.0160804
 0.000149036,   0.0155779
  0.00014904,   0.0155779
 0.000149044,   0.0150754
 0.000149048,   0.0145729
 0.000149052,   0.0140704
 0.000149056,   0.0135678
  0.00014906,   0.0135678
 0.000149064,   0.0130653
 0.000149068,   0.0125628
 0.000149072,   0.0125628
 0.000149076,   0.0115578
  0.00014908,   0.0110553
 0.000149084,   0.0115578
 0.000149088,   0.0105528
 0.000149092,   0.0100503
 0.000149096,  0.00954774
   0.0001491,  0.00954774
 0.000149104,  0.00954774
 0.000149108,  0.00854271
 0.000149112,  0.00854271
 0.000149116,   0.0080402
  0.00014912,  0.00703518
 0.000149124,  0.00703518
 0.000149128,  0.00653266
 0.000149132,  0.00603015
 0.000149136,  0.00603015
  0.00014914,  0.00552764
 0.000149144,  0.00502513
 0.000149148,  0.00452261
 0.000149152,   0.0040201
 0.000149156,   0.0040201
  0.00014916,  0.00301508
 0.000149164,  0.00251256
 0.000149168,  0.00251256
 0.000149172,  0.00201005
 0.000149176,  0.00201005
  0.00014918,  0.00100503
 0.000149184, 0.000502513
 0.000149188, 0.000502513
 0.000149192,           0
 0.000149196,-0.000502513
   0.0001492, -0.00100503
 0.000149204, -0.00100503
 0.000149208, -0.00150754
 0.000149212, -0.00201005
 0.000149216, -0.00251256
  0.00014922, -0.00301508
 0.000149224, -0.00351759
 0.000149228, -0.00351759
 0.000149232,  -0.0040201
 0.000149236, -0.00452261
  0.00014924, -0.00502513
 0.000149244, -0.00552764
 0.000149248, -0.00552764
 0.000149252, -0.00603015
 0.000149256, -0.00703518
  0.00014926, -0.00753769
 0.000149264, -0.00753769
 0.000149268,  -0.0080402
 0.000149272, -0.00854271
 0.000149276, -0.00854271
  0.00014928, -0.00954774
 0.000149284,  -0.0100503
 0.000149288,  -0.0105528
 0.000149292,  -0.0105528
 0.000149296,  -0.0110553
   0.0001493,  -0.0120603
 0.000149304,  -0.0120603
 0.000149308,  -0.0120603
 0.000149312,  -0.0130653
 0.000149316,  -0.0135678
  0.00014932,  -0.0140704
 0.000149324,  -0.0140704
 0.000149328,  -0.0150754
 0.000149332,  -0.0155779
 0.000149336,  -0.0155779
  0.00014934,  -0.0160804
 0.000149344,  -0.0165829
 0.000149348,  -0.0170854
 0.000149352,  -0.0175879
 0.000149356,  -0.0180905
  0.00014936,   -0.018593
 0.000149364,  -0.0190955
 0.000149368,  -0.0190955
 0.000149372,   -0.019598
 0.000149376,  -0.0201005
  0.00014938,   -0.020603
 0.000149384,  -0.0211055
 0.000149388,   -0.021608
 0.000149392,  -0.0221106
 0.000149396,  -0.0226131
   0.0001494,  -0.0231156
 0.000149404,  -0.0236181
 0.000149408,  -0.0236181
 0.000149412,  -0.0241206
 0.000149416,  -0.0246231
  0.00014942,  -0.0256281
 0.000149424,  -0.0261307
 0.000149428,  -0.0261307
 0.000149432,  -0.0266332
 0.000149436,  -0.0271357
  0.00014944,  -0.0276382
 0.000149444,  -0.0281407
 0.000149448,  -0.0286432
 0.000149452,  -0.0291457
 0.000149456,  -0.0296482
  0.00014946,  -0.0301508
 0.000149464,  -0.0306533
 0.000149468,  -0.0311558
 0.000149472,  -0.0311558
 0.000149476,  -0.0321608
  0.00014948,  -0.0321608
 0.000149484,  -0.0326633
 0.000149488,  -0.0336683
 0.000149492,  -0.0336683
 0.000149496,  -0.0341709
   0.0001495,  -0.0346734
 0.000149504,  -0.0351759
 0.000149508,  -0.0356784
 0.000149512,  -0.0361809
 0.000149516,  -0.0366834
  0.00014952,  -0.0371859
 0.000149524,  -0.0376884
 0.000149528,   -0.038191
 0.000149532,   -0.039196
 0.000149536,   -0.039196
  0.00014954,  -0.0396985
 0.000149544,   -0.040201
 0.000149548,  -0.0407035
 0.000149552,   -0.041206
 0.000149556,  -0.0417085
  0.00014956,  -0.0422111
 0.000149564,  -0.0427136
 0.000149568,  -0.0427136
 0.000149572,  -0.0432161
 0.000149576,  -0.0437186
  0.00014958,  -0.0442211
 0.000149584,  -0.0452261
 0.000149588,  -0.0452261
 0.000149592,  -0.0457286
 0.000149596,  -0.0462312
   0.0001496,  -0.0467337
 0.000149604,  -0.0472362
 0.000149608,  -0.0477387
 0.000149612,  -0.0482412
 0.000149616,  -0.0487437
  0.00014962,  -0.0492462
 0.000149624,  -0.0497487
 0.000149628,  -0.0497487
 0.000149632,  -0.0502513
 0.000149636,  -0.0507538
  0.00014964,  -0.0512563
 0.000149644,  -0.0517588
 0.000149648,  -0.0522613
 0.000149652,  -0.0527638
 0.000149656,  -0.0532663
  0.00014966,  -0.0537688
 0.000149664,  -0.0542714
 0.000149668,  -0.0547739
 0.000149672,  -0.0547739
 0.000149676,  -0.0557789
  0.00014968,  -0.0557789
 0.000149684,  -0.0562814
 0.000149688,  -0.0572864
 0.000149692,  -0.0572864
 0.000149696,  -0.0577889
   0.0001497,   -0.058794
 0.000149704,  -0.0592965
 0.000149708,  -0.0592965
 0.000149712,   -0.059799
 0.000149716,  -0.0603015
  0.00014972,   -0.060804
 0.000149724,   -0.060804
 0.000149728,   -0.061809
 0.000149732,  -0.0623116
 0.000149736,  -0.0623116
  0.00014974,  -0.0623116
 0.000149744,  -0.0633166
 0.000149748,  -0.0638191
 0.000149752,  -0.0643216
 0.000149756,  -0.0643216
  0.00014976,  -0.0648241
 0.000149764,  -0.0658291
 0.000149768,  -0.0658291
 0.000149772,  -0.0663317
 0.000149776,  -0.0668342
  0.00014978,  -0.0668342
 0.000149784,  -0.0673367
 0.000149788,  -0.0678392
 0.000149792,  -0.0688442
 0.000149796,  -0.0688442
   0.0001498,  -0.0688442
 0.000149804,  -0.0698492
 0.000149808,  -0.0698492
 0.000149812,  -0.0703518
 0.000149816,  -0.0713568
  0.00014982,  -0.0713568
 0.000149824,  -0.0718593
 0.000149828,  -0.0723618
 0.000149832,  -0.0723618
 0.000149836,  -0.0728643
  0.00014984,  -0.0733668
 0.000149844,  -0.0738693
 0.000149848,  -0.0743719
 0.000149852,  -0.0743719
 0.000149856,  -0.0753769
  0.00014986,  -0.0753769
 0.000149864,  -0.0758794
 0.000149868,  -0.0758794
 0.000149872,  -0.0763819
 0.000149876,  -0.0768844
  0.00014988,  -0.0768844
 0.000149884,  -0.0773869
 0.000149888,  -0.0778894
 0.000149892,   -0.078392
 0.000149896,  -0.0788945
   0.0001499,  -0.0788945
 0.000149904,   -0.079397
 0.000149908,  -0.0798995
 0.000149912,   -0.080402
 0.000149916,   -0.080402
  0.00014992,  -0.0809045
 0.000149924,  -0.0809045
 0.000149928,   -0.081407
 0.000149932,  -0.0819095
 0.000149936,  -0.0824121
  0.00014994,  -0.0824121
 0.000149944,  -0.0829146
 0.000149948,  -0.0829146
 0.000149952,  -0.0834171
 0.000149956,  -0.0844221
  0.00014996,  -0.0844221
 0.000149964,  -0.0844221
 0.000149968,  -0.0849246
 0.000149972,  -0.0854271
 0.000149976,  -0.0859296
  0.00014998,  -0.0859296
 0.000149984,  -0.0864322
 0.000149988,  -0.0869347
 0.000149992,  -0.0869347
 0.000149996,  -0.0874372
     0.00015,  -0.0879397
 0.000150004,  -0.0879397
 0.000150008,  -0.0884422
 0.000150012,  -0.0884422
 0.000150016,  -0.0889447
  0.00015002,  -0.0894472
 0.000150024,  -0.0894472
 0.000150028,  -0.0899497
 0.000150032,  -0.0899497
 0.000150036,  -0.0904523
  0.00015004,  -0.0909548
 0.000150044,  -0.0909548
 0.000150048,  -0.0909548
 0.000150052,  -0.0914573
 0.000150056,  -0.0919598
  0.00015006,  -0.0919598
 0.000150064,  -0.0919598
 0.000150068,  -0.0924623
 0.000150072,  -0.0929648
 0.000150076,  -0.0934673
  0.00015008,  -0.0934673
 0.000150084,  -0.0939699
 0.000150088,  -0.0939699
 0.000150092,  -0.0944724
 0.000150096,  -0.0949749
   0.0001501,  -0.0949749
 0.000150104,  -0.0949749
 0.000150108,  -0.0954774
 0.000150112,  -0.0959799
 0.000150116,  -0.0959799
  0.00015012,  -0.0964824
 0.000150124,  -0.0964824
 0.000150128,  -0.0969849
 0.000150132,  -0.0969849
 0.000150136,  -0.0969849
  0.00015014,  -0.0974874
 0.000150144,  -0.0974874
 0.000150148,  -0.0979899
 0.000150152,  -0.0984925
 0.000150156,  -0.0984925
  0.00015016,  -0.0984925
 0.000150164,   -0.098995
 0.000150168,  -0.0994975
 0.000150172,  -0.0994975
 0.000150176,  -0.0994975
  0.00015018,        -0.1
 0.000150184,   -0.100503
 0.000150188,   -0.100503
 0.000150192,   -0.100503
 0.000150196,   -0.101005
   0.0001502,   -0.101508
 0.000150204,   -0.101508
 0.000150208,   -0.101508
 0.000150212,    -0.10201
 0.000150216,   -0.102513
  0.00015022,    -0.10201
 0.000150224,   -0.102513
 0.000150228,   -0.103015
 0.000150232,   -0.103015
 0.000150236,   -0.103015
  0.00015024,   -0.103518
 0.000150244,   -0.103518
 0.000150248,    -0.10402
 0.000150252,    -0.10402
 0.000150256,   -0.104523
  0.00015026,   -0.104523
 0.000150264,   -0.104523
 0.000150268,   -0.105025
 0.000150272,   -0.105025
 0.000150276,   -0.105528
  0.00015028,   -0.105528
 0.000150284,   -0.105528
 0.000150288,    -0.10603
 0.000150292,   -0.106533
 0.000150296,   -0.106533
   0.0001503,   -0.106533
 0.000150304,   -0.106533
 0.000150308,   -0.106533
 0.000150312,   -0.107035
 0.000150316,   -0.107538
  0.00015032,   -0.107538
 0.000150324,   -0.107538
 0.000150328,    -0.10804
 0.000150332,    -0.10804
 0.000150336,    -0.10804
  0.00015034,   -0.108543
 0.000150344,   -0.108543
 0.000150348,   -0.108543
 0.000150352,   -0.109045
 0.000150356,   -0.109548
  0.00015036,   -0.109548
 0.000150364,   -0.109548
 0.000150368,   -0.109548
 0.000150372,    -0.11005
 0.000150376,    -0.11005
  0.00015038,    -0.11005
 0.000150384,   -0.110553
 0.000150388,   -0.110553
 0.000150392,   -0.111055
 0.000150396,   -0.111055
   0.0001504,   -0.111055
 0.000150404,   -0.111055
 0.000150408,   -0.111558
 0.000150412,   -0.111558
 0.000150416,   -0.111558
  0.00015042,    -0.11206
 0.000150424,    -0.11206
 0.000150428,    -0.11206
 0.000150432,   -0.112563
 0.000150436,   -0.112563
  0.00015044,   -0.113065
 0.000150444,   -0.113065
 0.000150448,   -0.113065
 0.000150452,   -0.113568
 0.000150456,   -0.113065
  0.00015046,   -0.113568
 0.000150464,   -0.113568
 0.000150468,    -0.11407
 0.000150472,    -0.11407
 0.000150476,    -0.11407
  0.00015048,   -0.114573
 0.000150484,   -0.114573
 0.000150488,   -0.114573
 0.000150492,   -0.115075
 0.000150496,   -0.115075
   0.0001505,   -0.115075
 0.000150504,   -0.115075
 0.000150508,   -0.115075
 0.000150512,   -0.115578
 0.000150516,   -0.115578
  0.00015052,    -0.11608
 0.000150524,    -0.11608
 0.000150528,    -0.11608
 0.000150532,   -0.116583
 0.000150536,   -0.116583
  0.00015054,   -0.116583
 0.000150544,   -0.116583
 0.000150548,   -0.117085
 0.000150552,   -0.117085
 0.000150556,   -0.117588
  0.00015056,   -0.117588
 0.000150564,   -0.117588
 0.000150568,   -0.117588
 0.000150572,   -0.117588
 0.000150576,   -0.117588
  0.00015058,    -0.11809
 0.000150584,   -0.118593
 0.000150588,   -0.118593
 0.000150592,   -0.118593
 0.000150596,   -0.118593
   0.0001506,   -0.119095
 0.000150604,   -0.119095
 0.000150608,   -0.119095
 0.000150612,   -0.119095
 0.000150616,   -0.119598
  0.00015062,     -0.1201
 0.000150624,     -0.1201
 0.000150628,     -0.1201
 0.000150632,   -0.120603
 0.000150636,     -0.1201
  0.00015064,   -0.120603
 0.000150644,   -0.120603
 0.000150648,   -0.120603
 0.000150652,   -0.121106
 0.000150656,   -0.121106
  0.00015066,   -0.121106
 0.000150664,   -0.121608
 0.000150668,   -0.121608
 0.000150672,   -0.121608
 0.000150676,   -0.122111
  0.00015068,   -0.122111
 0.000150684,   -0.121608
 0.000150688,   -0.122111
 0.000150692,   -0.122613
 0.000150696,   -0.122613
   0.0001507,   -0.122613
 0.000150704,   -0.123116
 0.000150708,   -0.122613
 0.000150712,   -0.123116
 0.000150716,   -0.123116
  0.00015072,   -0.123618
 0.000150724,   -0.123618
 0.000150728,   -0.123618
 0.000150732,   -0.124121
 0.000150736,   -0.124121
  0.00015074,   -0.124121
 0.000150744,   -0.124121
 0.000150748,   -0.124121
 0.000150752,   -0.125126
 0.000150756,   -0.125126
  0.00015076,   -0.124623
 0.000150764,   -0.125126
 0.000150768,   -0.125628
 0.000150772,   -0.125628
 0.000150776,   -0.125628
  0.00015078,   -0.125628
 0.000150784,   -0.126131
 0.000150788,   -0.126131
 0.000150792,   -0.126131
 0.000150796,   -0.126131
   0.0001508,   -0.126633
 0.000150804,   -0.126633
 0.000150808,   -0.126633
 0.000150812,   -0.127136
 0.000150816,   -0.127136
  0.00015082,   -0.127136
 0.000150824,   -0.127136
 0.000150828,   -0.127638
 0.000150832,   -0.127638
 0.000150836,   -0.127638
  0.00015084,   -0.127638
 0.000150844,   -0.128141
 0.000150848,   -0.128141
 0.000150852,   -0.128141
 0.000150856,   -0.128643
  0.00015086,   -0.128643
 0.000150864,   -0.128643
 0.000150868,   -0.128643
 0.000150872,   -0.128643
 0.000150876,   -0.129146
  0.00015088,   -0.129146
 0.000150884,   -0.129146
 0.000150888,   -0.129648
 0.000150892,   -0.129648
 0.000150896,   -0.130151
   0.0001509,   -0.130151
 0.000150904,   -0.130151
 0.000150908,   -0.130151
 0.000150912,   -0.130653
 0.000150916,   -0.130653
  0.00015092,   -0.131156
 0.000150924,   -0.131156
 0.000150928,   -0.131156
 0.000150932,   -0.131156
 0.000150936,   -0.131658
  0.00015094,   -0.131658
 0.000150944,   -0.131658
 0.000150948,   -0.131658
 0.000150952,   -0.132161
 0.000150956,   -0.132663
  0.00015096,   -0.132161
 0.000150964,   -0.132663
 0.000150968,   -0.132663
 0.000150972,   -0.132663
 0.000150976,   -0.133166
  0.00015098,   -0.133166
 0.000150984,   -0.133166
 0.000150988,   -0.133668
 0.000150992,   -0.133668
 0.000150996,   -0.134171
    0.000151,   -0.134171
 0.000151004,   -0.133668
 0.000151008,   -0.134171
 0.000151012,   -0.134171
 0.000151016,   -0.134673
  0.00015102,   -0.134673
 0.000151024,   -0.134673
 0.000151028,   -0.135176
 0.000151032,   -0.135176
 0.000151036,   -0.135176
  0.00015104,   -0.135176
 0.000151044,   -0.135176
 0.000151048,   -0.135678
 0.000151052,   -0.136181
 0.000151056,   -0.136181
  0.00015106,   -0.136181
 0.000151064,   -0.136181
 0.000151068,   -0.136683
 0.000151072,   -0.136683
 0.000151076,   -0.136683
  0.00015108,   -0.136683
 0.000151084,   -0.136683
 0.000151088,   -0.137186
 0.000151092,   -0.137186
 0.000151096,   -0.137688
   0.0001511,   -0.137186
 0.000151104,   -0.137688
 0.000151108,   -0.137688
 0.000151112,   -0.138191
 0.000151116,   -0.138191
  0.00015112,   -0.138191
 0.000151124,   -0.138191
 0.000151128,   -0.138191
 0.000151132,   -0.138693
 0.000151136,   -0.138693
  0.00015114,   -0.138693
 0.000151144,   -0.139196
 0.000151148,   -0.139196
 0.000151152,   -0.139196
 0.000151156,   -0.139698
  0.00015116,   -0.139698
 0.000151164,   -0.139698
 0.000151168,   -0.139698
 0.000151172,   -0.139698
 0.000151176,   -0.139698
  0.00015118,   -0.140201
 0.000151184,   -0.140201
 0.000151188,   -0.140704
 0.000151192,   -0.140704
 0.000151196,   -0.140704
   0.0001512,   -0.141206
 0.000151204,   -0.140704
 0.000151208,   -0.141206
 0.000151212,   -0.141206
 0.000151216,   -0.141206
  0.00015122,   -0.141709
 0.000151224,   -0.141709
 0.000151228,   -0.142211
 0.000151232,   -0.142211
 0.000151236,   -0.141709
  0.00015124,   -0.141709
 0.000151244,   -0.142211
 0.000151248,   -0.142714
 0.000151252,   -0.142714
 0.000151256,   -0.142714
  0.00015126,   -0.142714
 0.000151264,   -0.143216
 0.000151268,   -0.142714
 0.000151272,   -0.143216
 0.000151276,   -0.143216
  0.00015128,   -0.143719
 0.000151284,   -0.143719
 0.000151288,   -0.143719
 0.000151292,   -0.144221
 0.000151296,   -0.143719
   0.0001513,   -0.143719
 0.000151304,   -0.144221
 0.000151308,   -0.144221
 0.000151312,   -0.144221
 0.000151316,   -0.144221
  0.00015132,   -0.144724
 0.000151324,   -0.144724
 0.000151328,   -0.145226
 0.000151332,   -0.144724
 0.000151336,   -0.144724
  0.00015134,   -0.145226
 0.000151344,   -0.145226
 0.000151348,   -0.145729
 0.000151352,   -0.145729
 0.000151356,   -0.145729
  0.00015136,   -0.145729
 0.000151364,   -0.145729
 0.000151368,   -0.146231
 0.000151372,   -0.146231
 0.000151376,   -0.146231
  0.00015138,   -0.146231
 0.000151384,   -0.146231
 0.000151388,   -0.147236
 0.000151392,   -0.146734
 0.000151396,   -0.146231
   0.0001514,   -0.146734
 0.000151404,   -0.146734
 0.000151408,   -0.147236
 0.000151412,   -0.146734
 0.000151416,   -0.147236
  0.00015142,   -0.147739
 0.000151424,   -0.147739
 0.000151428,   -0.147739
 0.000151432,   -0.147739
 0.000151436,   -0.147739
  0.00015144,   -0.147739
 0.000151444,   -0.147739
 0.000151448,   -0.147739
 0.000151452,   -0.147739
 0.000151456,   -0.148241
  0.00015146,   -0.148744
 0.000151464,   -0.148744
 0.000151468,   -0.148241
 0.000151472,   -0.148241
 0.000151476,   -0.148241
  0.00015148,   -0.148744
 0.000151484,   -0.148744
 0.000151488,   -0.148744
 0.000151492,   -0.148744
 0.000151496,   -0.148744
   0.0001515,   -0.149246
 0.000151504,   -0.149246
 0.000151508,   -0.149246
 0.000151512,   -0.149246
 0.000151516,   -0.149246
  0.00015152,   -0.149246
 0.000151524,   -0.149246
 0.000151528,   -0.149246
 0.000151532,   -0.149749
 0.000151536,   -0.149749
  0.00015154,   -0.149749
 0.000151544,   -0.149246
 0.000151548,   -0.149749
 0.000151552,   -0.149749
 0.000151556,   -0.149749
  0.00015156,   -0.150251
 0.000151564,   -0.150251
 0.000151568,   -0.149749
 0.000151572,   -0.150251
 0.000151576,   -0.150251
  0.00015158,   -0.150251
 0.000151584,   -0.150251
 0.000151588,   -0.150251
 0.000151592,   -0.150754
 0.000151596,   -0.150754
   0.0001516,   -0.150754
 0.000151604,   -0.150251
 0.000151608,   -0.150251
 0.000151612,   -0.150754
 0.000151616,   -0.150754
  0.00015162,   -0.150754
 0.000151624,   -0.150754
 0.000151628,   -0.150754
 0.000151632,   -0.150754
 0.000151636,   -0.150754
  0.00015164,   -0.151256
 0.000151644,   -0.150754
 0.000151648,   -0.150754
 0.000151652,   -0.151256
 0.000151656,   -0.151256
  0.00015166,   -0.151256
 0.000151664,   -0.151256
 0.000151668,   -0.151256
 0.000151672,   -0.151256
 0.000151676,   -0.151256
  0.00015168,   -0.151256
 0.000151684,   -0.151256
 0.000151688,   -0.151256
 0.000151692,   -0.151759
 0.000151696,   -0.151256
   0.0001517,   -0.151256
 0.000151704,   -0.151256
 0.000151708,   -0.151256
 0.000151712,   -0.151256
 0.000151716,   -0.151256
  0.00015172,   -0.151256
 0.000151724,   -0.151759
 0.000151728,   -0.151256
 0.000151732,   -0.151256
 0.000151736,   -0.151759
  0.00015174,   -0.151256
 0.000151744,   -0.151256
 0.000151748,   -0.151759
 0.000151752,   -0.151759
 0.000151756,   -0.151256
  0.00015176,   -0.151256
 0.000151764,   -0.151759
 0.000151768,   -0.151759
 0.000151772,   -0.151256
 0.000151776,   -0.151256
  0.00015178,   -0.151256
 0.000151784,   -0.151256
 0.000151788,   -0.151759
 0.000151792,   -0.151759
 0.000151796,   -0.151256
   0.0001518,   -0.151256
 0.000151804,   -0.151256
 0.000151808,   -0.151256
 0.000151812,   -0.151256
 0.000151816,   -0.151256
  0.00015182,   -0.151256
 0.000151824,   -0.151256
 0.000151828,   -0.151256
 0.000151832,   -0.151256
 0.000151836,   -0.151256
  0.00015184,   -0.150754
 0.000151844,   -0.151256
 0.000151848,   -0.151256
 0.000151852,   -0.150754
 0.000151856,   -0.150754
  0.00015186,   -0.151256
 0.000151864,   -0.151256
 0.000151868,   -0.150754
 0.000151872,   -0.150754
 0.000151876,   -0.150754
  0.00015188,   -0.150754
 0.000151884,   -0.150754
 0.000151888,   -0.150754
 0.000151892,   -0.150754
 0.000151896,   -0.150754
   0.0001519,   -0.150251
 0.000151904,   -0.150251
 0.000151908,   -0.150251
 0.000151912,   -0.149749
 0.000151916,   -0.150251
  0.00015192,   -0.150251
 0.000151924,   -0.150251
 0.000151928,   -0.150251
 0.000151932,   -0.149749
 0.000151936,   -0.149749
  0.00015194,   -0.149749
 0.000151944,   -0.149749
 0.000151948,   -0.149749
 0.000151952,   -0.149246
 0.000151956,   -0.149246
  0.00015196,   -0.149246
 0.000151964,   -0.149246
 0.000151968,   -0.149246
 0.000151972,   -0.149246
 0.000151976,   -0.148744
  0.00015198,   -0.148744
 0.000151984,   -0.148744
 0.000151988,   -0.149246
 0.000151992,   -0.148744
 0.000151996,   -0.148241
    0.000152,   -0.148744
 0.000152004,   -0.148744
 0.000152008,   -0.148241
 0.000152012,   -0.148241
 0.000152016,   -0.148241
  0.00015202,   -0.148241
 0.000152024,   -0.148241
 0.000152028,   -0.147739
 0.000152032,   -0.147739
 0.000152036,   -0.147739
  0.00015204,   -0.147236
 0.000152044,   -0.147739
 0.000152048,   -0.147236
 0.000152052,   -0.147236
 0.000152056,   -0.147236
  0.00015206,   -0.147236
 0.000152064,   -0.147236
 0.000152068,   -0.146734
 0.000152072,   -0.146231
 0.000152076,   -0.146231
  0.00015208,   -0.146231
 0.000152084,   -0.146734
 0.000152088,   -0.146231
 0.000152092,   -0.145729
 0.000152096,   -0.145729
   0.0001521,   -0.145729
 0.000152104,   -0.145729
 0.000152108,   -0.145226
 0.000152112,   -0.144724
 0.000152116,   -0.144724
  0.00015212,   -0.144724
 0.000152124,   -0.144724
 0.000152128,   -0.144724
 0.000152132,   -0.144221
 0.000152136,   -0.143719
  0.00015214,   -0.143719
 0.000152144,   -0.143719
 0.000152148,   -0.143216
 0.000152152,   -0.143216
 0.000152156,   -0.143216
  0.00015216,   -0.143216
 0.000152164,   -0.142714
 0.000152168,   -0.142714
 0.000152172,   -0.142211
 0.000152176,   -0.142211
  0.00015218,   -0.141709
 0.000152184,   -0.141709
 0.000152188,   -0.141709
 0.000152192,   -0.141206
 0.000152196,   -0.140704
   0.0001522,   -0.140704
 0.000152204,   -0.140704
 0.000152208,   -0.140201
 0.000152212,   -0.139698
 0.000152216,   -0.139698
  0.00015222,   -0.139698
 0.000152224,   -0.139196
 0.000152228,   -0.139196
 0.000152232,   -0.138693
 0.000152236,   -0.138191
  0.00015224,   -0.138191
 0.000152244,   -0.138191
 0.000152248,   -0.137688
 0.000152252,   -0.137688
 0.000152256,   -0.137688
  0.00015226,   -0.137186
 0.000152264,   -0.136683
 0.000152268,   -0.136683
 0.000152272,   -0.136181
 0.000152276,   -0.135678
  0.00015228,   -0.135678
 0.000152284,   -0.135678
 0.000152288,   -0.135176
 0.000152292,   -0.134673
 0.000152296,   -0.134673
   0.0001523,   -0.134171
 0.000152304,   -0.133668
 0.000152308,   -0.133668
 0.000152312,   -0.133668
 0.000152316,   -0.133166
  0.00015232,   -0.132663
 0.000152324,   -0.132663
 0.000152328,   -0.132663
 0.000152332,   -0.132161
 0.000152336,   -0.131658
  0.00015234,   -0.131156
 0.000152344,   -0.131156
 0.000152348,   -0.130653
 0.000152352,   -0.130653
 0.000152356,   -0.130151
  0.00015236,   -0.130151
 0.000152364,   -0.129648
 0.000152368,   -0.129146
 0.000152372,   -0.129146
 0.000152376,   -0.128643
  0.00015238,   -0.128141
 0.000152384,   -0.128141
 0.000152388,   -0.127638
 0.000152392,   -0.127136
 0.000152396,   -0.127136
   0.0001524,   -0.126633
 0.000152404,   -0.126131
 0.000152408,   -0.126131
 0.000152412,   -0.125628
 0.000152416,   -0.125628
  0.00015242,   -0.125126
 0.000152424,   -0.124623
 0.000152428,   -0.124121
 0.000152432,   -0.124121
 0.000152436,   -0.123618
  0.00015244,   -0.123116
 0.000152444,   -0.122613
 0.000152448,   -0.122613
 0.000152452,   -0.122111
 0.000152456,   -0.122111
  0.00015246,   -0.121608
 0.000152464,   -0.121106
 0.000152468,   -0.120603
 0.000152472,   -0.120603
 0.000152476,     -0.1201
  0.00015248,     -0.1201
 0.000152484,   -0.119598
 0.000152488,   -0.119095
 0.000152492,   -0.118593
 0.000152496,   -0.118593
   0.0001525,    -0.11809
 0.000152504,   -0.117588
 0.000152508,   -0.117085
 0.000152512,   -0.117085
 0.000152516,   -0.117085
  0.00015252,   -0.116583
 0.000152524,    -0.11608
 0.000152528,   -0.115578
 0.000152532,   -0.115578
 0.000152536,   -0.114573
  0.00015254,   -0.114573
 0.000152544,   -0.114573
 0.000152548,    -0.11407
 0.000152552,   -0.113568
 0.000152556,   -0.113568
  0.00015256,   -0.113065
 0.000152564,   -0.112563
 0.000152568,    -0.11206
 0.000152572,    -0.11206
 0.000152576,   -0.111558
  0.00015258,   -0.111055
 0.000152584,   -0.110553
 0.000152588,   -0.110553
 0.000152592,    -0.11005
 0.000152596,   -0.109548
   0.0001526,   -0.109548
 0.000152604,   -0.109045
 0.000152608,   -0.108543
 0.000152612,    -0.10804
 0.000152616,    -0.10804
  0.00015262,    -0.10804
 0.000152624,   -0.107538
 0.000152628,   -0.107035
 0.000152632,   -0.107035
 0.000152636,   -0.106533
  0.00015264,    -0.10603
 0.000152644,   -0.105528
 0.000152648,   -0.105025
 0.000152652,   -0.105025
 0.000152656,   -0.104523
  0.00015266,   -0.104523
 0.000152664,    -0.10402
 0.000152668,   -0.103518
 0.000152672,   -0.103015
 0.000152676,   -0.103015
  0.00015268,   -0.102513
 0.000152684,    -0.10201
 0.000152688,    -0.10201
 0.000152692,   -0.101508
 0.000152696,   -0.101508
   0.0001527,   -0.101005
 0.000152704,   -0.100503
 0.000152708,        -0.1
 0.000152712,        -0.1
 0.000152716,  -0.0994975
  0.00015272,  -0.0994975
 0.000152724,   -0.098995
 0.000152728,  -0.0984925
 0.000152732,  -0.0984925
 0.000152736,  -0.0979899
  0.00015274,  -0.0979899
 0.000152744,  -0.0974874
 0.000152748,  -0.0969849
 0.000152752,  -0.0969849
 0.000152756,  -0.0964824
  0.00015276,  -0.0964824
 0.000152764,  -0.0959799
 0.000152768,  -0.0954774
 0.000152772,  -0.0949749
 0.000152776,  -0.0949749
  0.00015278,  -0.0944724
 0.000152784,  -0.0944724
 0.000152788,  -0.0939699
 0.000152792,  -0.0939699
 0.000152796,  -0.0934673
   0.0001528,  -0.0929648
 0.000152804,  -0.0924623
 0.000152808,  -0.0919598
 0.000152812,  -0.0919598
 0.000152816,  -0.0914573
  0.00015282,  -0.0914573
 0.000152824,  -0.0909548
 0.000152828,  -0.0904523
 0.000152832,  -0.0904523
 0.000152836,  -0.0899497
  0.00015284,  -0.0894472
 0.000152844,  -0.0894472
 0.000152848,  -0.0889447
 0.000152852,  -0.0889447
 0.000152856,  -0.0889447
  0.00015286,  -0.0879397
 0.000152864,  -0.0879397
 0.000152868,  -0.0874372
 0.000152872,  -0.0874372
 0.000152876,  -0.0869347
  0.00015288,  -0.0864322
 0.000152884,  -0.0864322
 0.000152888,  -0.0864322
 0.000152892,  -0.0859296
 0.000152896,  -0.0859296
   0.0001529,  -0.0854271
 0.000152904,  -0.0849246
 0.000152908,  -0.0844221
 0.000152912,  -0.0844221
 0.000152916,  -0.0839196
  0.00015292,  -0.0839196
 0.000152924,  -0.0834171
 0.000152928,  -0.0834171
 0.000152932,  -0.0829146
 0.000152936,  -0.0824121
  0.00015294,  -0.0824121
 0.000152944,  -0.0824121
 0.000152948,   -0.081407
 0.000152952,   -0.081407
 0.000152956,   -0.081407
  0.00015296,  -0.0809045
 0.000152964,  -0.0809045
 0.000152968,   -0.080402
 0.000152972,  -0.0798995
 0.000152976,   -0.079397
  0.00015298,   -0.079397
 0.000152984,   -0.079397
 0.000152988,  -0.0788945
 0.000152992,  -0.0788945
 0.000152996,   -0.078392
    0.000153,  -0.0778894
 0.000153004,  -0.0778894
 0.000153008,  -0.0778894
 0.000153012,  -0.0773869
 0.000153016,  -0.0768844
  0.00015302,  -0.0763819
 0.000153024,  -0.0768844
 0.000153028,  -0.0763819
 0.000153032,  -0.0758794
 0.000153036,  -0.0758794
  0.00015304,  -0.0753769
 0.000153044,  -0.0753769
 0.000153048,  -0.0748744
 0.000153052,  -0.0748744
 0.000153056,  -0.0743719
  0.00015306,  -0.0743719
 0.000153064,  -0.0738693
 0.000153068,  -0.0733668
 0.000153072,  -0.0733668
 0.000153076,  -0.0733668
  0.00015308,  -0.0728643
 0.000153084,  -0.0728643
 0.000153088,  -0.0723618
 0.000153092,  -0.0723618
 0.000153096,  -0.0718593
   0.0001531,  -0.0718593
 0.000153104,  -0.0713568
 0.000153108,  -0.0713568
 0.000153112,  -0.0708543
 0.000153116,  -0.0708543
  0.00015312,  -0.0703518
 0.000153124,  -0.0703518
 0.000153128,  -0.0698492
 0.000153132,  -0.0698492
 0.000153136,  -0.0693467
  0.00015314,  -0.0693467
 0.000153144,  -0.0693467
 0.000153148,  -0.0688442
 0.000153152,  -0.0683417
 0.000153156,  -0.0683417
  0.00015316,  -0.0683417
 0.000153164,  -0.0678392
 0.000153168,  -0.0673367
 0.000153172,  -0.0673367
 0.000153176,  -0.0673367
  0.00015318,  -0.0668342
 0.000153184,  -0.0668342
 0.000153188,  -0.0663317
 0.000153192,  -0.0663317
 0.000153196,  -0.0658291
   0.0001532,  -0.0658291
 0.000153204,  -0.0658291
 0.000153208,  -0.0653266
 0.000153212,  -0.0648241
 0.000153216,  -0.0648241
  0.00015322,  -0.0648241
 0.000153224,  -0.0643216
 0.000153228,  -0.0643216
 0.000153232,  -0.0638191
 0.000153236,  -0.0638191
  0.00015324,  -0.0633166
 0.000153244,  -0.0633166
 0.000153248,  -0.0633166
 0.000153252,  -0.0628141
 0.000153256,  -0.0628141
  0.00015326,  -0.0623116
 0.000153264,  -0.0623116
 0.000153268,  -0.0623116
 0.000153272,   -0.061809
 0.000153276,  -0.0613065
  0.00015328,  -0.0613065
 0.000153284,  -0.0613065
 0.000153288,  -0.0613065
 0.000153292,   -0.060804
 0.000153296,   -0.060804
   0.0001533,  -0.0603015
 0.000153304,  -0.0603015
 0.000153308,   -0.059799
 0.000153312,   -0.059799
 0.000153316,   -0.059799
  0.00015332,  -0.0592965
 0.000153324,  -0.0592965
 0.000153328,  -0.0592965
 0.000153332,   -0.058794
 0.000153336,   -0.058794
  0.00015334,  -0.0582915
 0.000153344,  -0.0582915
 0.000153348,  -0.0582915
 0.000153352,  -0.0582915
 0.000153356,  -0.0582915
  0.00015336,  -0.0577889
 0.000153364,  -0.0572864
 0.000153368,  -0.0572864
 0.000153372,  -0.0567839
 0.000153376,  -0.0567839
  0.00015338,  -0.0567839
 0.000153384,  -0.0562814
 0.000153388,  -0.0562814
 0.000153392,  -0.0562814
 0.000153396,  -0.0557789
   0.0001534,  -0.0557789
 0.000153404,  -0.0552764
 0.000153408,  -0.0552764
 0.000153412,  -0.0552764
 0.000153416,  -0.0552764
  0.00015342,  -0.0552764
 0.000153424,  -0.0547739
 0.000153428,  -0.0547739
 0.000153432,  -0.0547739
 0.000153436,  -0.0542714
  0.00015344,  -0.0542714
 0.000153444,  -0.0537688
 0.000153448,  -0.0537688
 0.000153452,  -0.0532663
 0.000153456,  -0.0537688
  0.00015346,  -0.0537688
 0.000153464,  -0.0532663
 0.000153468,  -0.0527638
 0.000153472,  -0.0527638
 0.000153476,  -0.0532663
  0.00015348,  -0.0527638
 0.000153484,  -0.0522613
 0.000153488,  -0.0527638
 0.000153492,  -0.0527638
 0.000153496,  -0.0522613
   0.0001535,  -0.0517588
 0.000153504,  -0.0522613
 0.000153508,  -0.0517588
 0.000153512,  -0.0512563
 0.000153516,  -0.0512563
  0.00015352,  -0.0517588
 0.000153524,  -0.0512563
 0.000153528,  -0.0507538
 0.000153532,  -0.0512563
 0.000153536,  -0.0507538
  0.00015354,  -0.0507538
 0.000153544,  -0.0502513
 0.000153548,  -0.0507538
 0.000153552,  -0.0507538
 0.000153556,  -0.0502513
  0.00015356,  -0.0502513
 0.000153564,  -0.0502513
 0.000153568,  -0.0502513
 0.000153572,  -0.0502513
 0.000153576,  -0.0497487
  0.00015358,  -0.0497487
 0.000153584,  -0.0497487
 0.000153588,  -0.0497487
 0.000153592,  -0.0492462
 0.000153596,  -0.0492462
   0.0001536,  -0.0492462
 0.000153604,  -0.0492462
 0.000153608,  -0.0487437
 0.000153612,  -0.0487437
 0.000153616,  -0.0492462
  0.00015362,  -0.0487437
 0.000153624,  -0.0487437
 0.000153628,  -0.0487437
 0.000153632,  -0.0487437
 0.000153636,  -0.0487437
  0.00015364,  -0.0482412
 0.000153644,  -0.0482412
 0.000153648,  -0.0482412
 0.000153652,  -0.0482412
 0.000153656,  -0.0482412
  0.00015366,  -0.0482412
 0.000153664,  -0.0482412
 0.000153668,  -0.0477387
 0.000153672,  -0.0477387
 0.000153676,  -0.0477387
  0.00015368,  -0.0477387
 0.000153684,  -0.0477387
 0.000153688,  -0.0477387
 0.000153692,  -0.0477387
 0.000153696,  -0.0477387
   0.0001537,  -0.0472362
 0.000153704,  -0.0472362
 0.000153708,  -0.0472362
 0.000153712,  -0.0472362
 0.000153716,  -0.0472362
  0.00015372,  -0.0472362
 0.000153724,  -0.0472362
 0.000153728,  -0.0472362
 0.000153732,  -0.0472362
 0.000153736,  -0.0467337
  0.00015374,  -0.0467337
 0.000153744,  -0.0472362
 0.000153748,  -0.0472362
 0.000153752,  -0.0467337
 0.000153756,  -0.0472362
  0.00015376,  -0.0472362
 0.000153764,  -0.0467337
 0.000153768,  -0.0467337
 0.000153772,  -0.0467337
 0.000153776,  -0.0472362
  0.00015378,  -0.0467337
 0.000153784,  -0.0472362
 0.000153788,  -0.0472362
 0.000153792,  -0.0472362
 0.000153796,  -0.0472362
   0.0001538,  -0.0472362
 0.000153804,  -0.0472362
 0.000153808,  -0.0472362
 0.000153812,  -0.0472362
 0.000153816,  -0.0472362
  0.00015382,  -0.0472362
 0.000153824,  -0.0472362
 0.000153828,  -0.0472362
 0.000153832,  -0.0472362
 0.000153836,  -0.0472362
  0.00015384,  -0.0472362
 0.000153844,  -0.0472362
 0.000153848,  -0.0472362
 0.000153852,  -0.0472362
 0.000153856,  -0.0477387
  0.00015386,  -0.0477387
 0.000153864,  -0.0472362
 0.000153868,  -0.0472362
 0.000153872,  -0.0477387
 0.000153876,  -0.0477387
  0.00015388,  -0.0477387
 0.000153884,  -0.0477387
 0.000153888,  -0.0477387
 0.000153892,  -0.0477387
 0.000153896,  -0.0482412
   0.0001539,  -0.0482412
 0.000153904,  -0.0482412
 0.000153908,  -0.0482412
 0.000153912,  -0.0482412
 0.000153916,  -0.0482412
  0.00015392,  -0.0482412
 0.000153924,  -0.0487437
 0.000153928,  -0.0482412
 0.000153932,  -0.0487437
 0.000153936,  -0.0487437
  0.00015394,  -0.0487437
 0.000153944,  -0.0487437
 0.000153948,  -0.0487437
 0.000153952,  -0.0487437
 0.000153956,  -0.0487437
  0.00015396,  -0.0492462
 0.000153964,  -0.0497487
 0.000153968,  -0.0497487
 0.000153972,  -0.0497487
 0.000153976,  -0.0497487
  0.00015398,  -0.0497487
 0.000153984,  -0.0497487
 0.000153988,  -0.0502513
 0.000153992,  -0.0502513
 0.000153996,  -0.0502513
    0.000154,  -0.0502513
 0.000154004,  -0.0507538
 0.000154008,  -0.0507538
 0.000154012,  -0.0507538
 0.000154016,  -0.0512563
  0.00015402,  -0.0512563
 0.000154024,  -0.0512563
 0.000154028,  -0.0517588
 0.000154032,  -0.0517588
 0.000154036,  -0.0512563
  0.00015404,  -0.0517588
 0.000154044,  -0.0517588
 0.000154048,  -0.0517588
 0.000154052,  -0.0517588
 0.000154056,  -0.0522613
  0.00015406,  -0.0527638
 0.000154064,  -0.0527638
 0.000154068,  -0.0527638
 0.000154072,  -0.0527638
 0.000154076,  -0.0527638
  0.00015408,  -0.0527638
 0.000154084,  -0.0532663
 0.000154088,  -0.0537688
 0.000154092,  -0.0537688
 0.000154096,  -0.0537688
   0.0001541,  -0.0542714
 0.000154104,  -0.0542714
 0.000154108,  -0.0542714
 0.000154112,  -0.0542714
 0.000154116,  -0.0547739
  0.00015412,  -0.0547739
 0.000154124,  -0.0552764
 0.000154128,  -0.0552764
 0.000154132,  -0.0557789
 0.000154136,  -0.0557789
  0.00015414,  -0.0557789
 0.000154144,  -0.0557789
 0.000154148,  -0.0562814
 0.000154152,  -0.0562814
 0.000154156,  -0.0562814
  0.00015416,  -0.0562814
 0.000154164,  -0.0567839
 0.000154168,  -0.0572864
 0.000154172,  -0.0572864
 0.000154176,  -0.0572864
  0.00015418,  -0.0572864
 0.000154184,  -0.0577889
 0.000154188,  -0.0582915
 0.000154192,  -0.0582915
 0.000154196,  -0.0582915
   0.0001542,   -0.058794
 0.000154204,   -0.058794
 0.000154208,   -0.058794
 0.000154212,  -0.0592965
 0.000154216,  -0.0592965
  0.00015422,   -0.059799
 0.000154224,  -0.0603015
 0.000154228,  -0.0603015
 0.000154232,  -0.0603015
 0.000154236,  -0.0603015
  0.00015424,   -0.060804
 0.000154244,  -0.0613065
 0.000154248,  -0.0613065
 0.000154252,  -0.0613065
 0.000154256,   -0.061809
  0.00015426,   -0.061809
 0.000154264,   -0.061809
 0.000154268,  -0.0623116
 0.000154272,  -0.0623116
 0.000154276,  -0.0623116
  0.00015428,  -0.0628141
 0.000154284,  -0.0633166
 0.000154288,  -0.0638191
 0.000154292,  -0.0633166
 0.000154296,  -0.0638191
   0.0001543,  -0.0643216
 0.000154304,  -0.0638191
 0.000154308,  -0.0643216
 0.000154312,  -0.0643216
 0.000154316,  -0.0648241
  0.00015432,  -0.0653266
 0.000154324,  -0.0653266
 0.000154328,  -0.0653266
 0.000154332,  -0.0658291
 0.000154336,  -0.0658291
  0.00015434,  -0.0658291
 0.000154344,  -0.0663317
 0.000154348,  -0.0668342
 0.000154352,  -0.0668342
 0.000154356,  -0.0673367
  0.00015436,  -0.0673367
 0.000154364,  -0.0678392
 0.000154368,  -0.0678392
 0.000154372,  -0.0683417
 0.000154376,  -0.0688442
  0.00015438,  -0.0683417
 0.000154384,  -0.0688442
 0.000154388,  -0.0693467
 0.000154392,  -0.0693467
 0.000154396,  -0.0693467
   0.0001544,  -0.0698492
 0.000154404,  -0.0698492
 0.000154408,  -0.0698492
 0.000154412,  -0.0703518
 0.000154416,  -0.0708543
  0.00015442,  -0.0708543
 0.000154424,  -0.0708543
 0.000154428,  -0.0713568
 0.000154432,  -0.0718593
 0.000154436,  -0.0718593
  0.00015444,  -0.0718593
 0.000154444,  -0.0718593
 0.000154448,  -0.0723618
 0.000154452,  -0.0723618
 0.000154456,  -0.0728643
  0.00015446,  -0.0738693
 0.000154464,  -0.0733668
 0.000154468,  -0.0733668
 0.000154472,  -0.0738693
 0.000154476,  -0.0743719
  0.00015448,  -0.0743719
 0.000154484,  -0.0743719
 0.000154488,  -0.0748744
 0.000154492,  -0.0753769
 0.000154496,  -0.0753769
   0.0001545,  -0.0753769
 0.000154504,  -0.0758794
 0.000154508,  -0.0758794
 0.000154512,  -0.0758794
 0.000154516,  -0.0763819
  0.00015452,  -0.0768844
 0.000154524,  -0.0768844
 0.000154528,  -0.0768844
 0.000154532,  -0.0773869
 0.000154536,  -0.0778894
  0.00015454,  -0.0778894
 0.000154544,  -0.0778894
 0.000154548,   -0.078392
 0.000154552,   -0.078392
 0.000154556,  -0.0788945
  0.00015456,  -0.0788945
 0.000154564,   -0.079397
 0.000154568,   -0.079397
 0.000154572,  -0.0798995
 0.000154576,  -0.0798995
  0.00015458,   -0.080402
 0.000154584,   -0.080402
 0.000154588,  -0.0809045
 0.000154592,   -0.081407
 0.000154596,   -0.081407
   0.0001546,  -0.0819095
 0.000154604,  -0.0819095
 0.000154608,  -0.0819095
 0.000154612,  -0.0819095
 0.000154616,  -0.0824121
  0.00015462,  -0.0829146
 0.000154624,  -0.0829146
 0.000154628,  -0.0834171
 0.000154632,  -0.0839196
 0.000154636,  -0.0834171
  0.00015464,  -0.0839196
 0.000154644,  -0.0844221
 0.000154648,  -0.0844221
 0.000154652,  -0.0844221
 0.000154656,  -0.0844221
  0.00015466,  -0.0854271
 0.000154664,  -0.0854271
 0.000154668,  -0.0854271
 0.000154672,  -0.0854271
 0.000154676,  -0.0859296
  0.00015468,  -0.0864322
 0.000154684,  -0.0864322
 0.000154688,  -0.0869347
 0.000154692,  -0.0874372
 0.000154696,  -0.0874372
   0.0001547,  -0.0874372
 0.000154704,  -0.0879397
 0.000154708,  -0.0884422
 0.000154712,  -0.0884422
 0.000154716,  -0.0884422
  0.00015472,  -0.0889447
 0.000154724,  -0.0894472
 0.000154728,  -0.0894472
 0.000154732,  -0.0899497
 0.000154736,  -0.0899497
  0.00015474,  -0.0899497
 0.000154744,  -0.0904523
 0.000154748,  -0.0904523
 0.000154752,  -0.0909548
 0.000154756,  -0.0909548
  0.00015476,  -0.0914573
 0.000154764,  -0.0919598
 0.000154768,  -0.0919598
 0.000154772,  -0.0919598
 0.000154776,  -0.0924623
  0.00015478,  -0.0929648
 0.000154784,  -0.0929648
 0.000154788,  -0.0934673
 0.000154792,  -0.0934673
 0.000154796,  -0.0934673
   0.0001548,  -0.0939699
 0.000154804,  -0.0944724
 0.000154808,  -0.0944724
 0.000154812,  -0.0944724
 0.000154816,  -0.0944724
  0.00015482,  -0.0954774
 0.000154824,  -0.0954774
 0.000154828,  -0.0954774
 0.000154832,  -0.0959799
 0.000154836,  -0.0959799
  0.00015484,  -0.0959799
 0.000154844,  -0.0964824
 0.000154848,  -0.0969849
 0.000154852,  -0.0969849
 0.000154856,  -0.0974874
  0.00015486,  -0.0974874
 0.000154864,  -0.0979899
 0.000154868,  -0.0979899
 0.000154872,  -0.0984925
 0.000154876,  -0.0984925
  0.00015488,   -0.098995
 0.000154884,   -0.098995
 0.000154888,  -0.0994975
 0.000154892,  -0.0994975
 0.000154896,        -0.1
   0.0001549,        -0.1
 0.000154904,   -0.100503
 0.000154908,   -0.100503
 0.000154912,   -0.101005
 0.000154916,   -0.101005
  0.00015492,   -0.101508
 0.000154924,   -0.101508
 0.000154928,    -0.10201
 0.000154932,    -0.10201
 0.000154936,    -0.10201
  0.00015494,   -0.102513
 0.000154944,   -0.103015
 0.000154948,   -0.103015
 0.000154952,   -0.103015
 0.000154956,   -0.103518
  0.00015496,    -0.10402
 0.000154964,    -0.10402
 0.000154968,    -0.10402
 0.000154972,   -0.104523
 0.000154976,   -0.104523
  0.00015498,   -0.105025
 0.000154984,   -0.105528
 0.000154988,   -0.105528
 0.000154992,   -0.105528
 0.000154996,    -0.10603
