    0.000149, -0.00917085
 0.000149004, -0.00917085
 0.000149008, -0.00904523
 0.000149012, -0.00917085
 0.000149016, -0.00942211
  0.00014902, -0.00942211
 0.000149024, -0.00942211
 0.000149028, -0.00942211
 0.000149032, -0.00954774
 0.000149036, -0.00967337
  0.00014904, -0.00967337
 0.000149044, -0.00967337
 0.000149048,   -0.009799
 0.000149052, -0.00967337
 0.000149056,   -0.009799
  0.00014906,  -0.0100503
 0.000149064, -0.00992462
 0.000149068, -0.00992462
 0.000149072, -0.00992462
 0.000149076,  -0.0100503
  0.00014908,  -0.0103015
 0.000149084,  -0.0100503
 0.000149088,  -0.0101759
 0.000149092,  -0.0101759
 0.000149096,  -0.0103015
   0.0001491,  -0.0103015
 0.000149104,  -0.0103015
 0.000149108,  -0.0105528
 0.000149112,  -0.0105528
 0.000149116,  -0.0105528
  0.00014912,  -0.0106784
 0.000149124,  -0.0106784
 0.000149128,  -0.0106784
 0.000149132,  -0.0106784
 0.000149136,  -0.0106784
  0.00014914,  -0.0109296
 0.000149144,  -0.0109296
 0.000149148,  -0.0109296
 0.000149152,  -0.0109296
 0.000149156,  -0.0109296
  0.00014916,  -0.0110553
 0.000149164,  -0.0110553
 0.000149168,  -0.0110553
 0.000149172,  -0.0110553
 0.000149176,  -0.0110553
  0.00014918,  -0.0110553
 0.000149184,  -0.0111809
 0.000149188,  -0.0111809
 0.000149192,  -0.0110553
 0.000149196,  -0.0113065
   0.0001492,  -0.0113065
 0.000149204,  -0.0114322
 0.000149208,  -0.0114322
 0.000149212,  -0.0111809
 0.000149216,  -0.0116834
  0.00014922,  -0.0115578
 0.000149224,  -0.0116834
 0.000149228,   -0.011809
 0.000149232,  -0.0115578
 0.000149236,  -0.0119347
  0.00014924,  -0.0119347
 0.000149244,   -0.011809
 0.000149248,   -0.011809
 0.000149252,   -0.011809
 0.000149256,  -0.0120603
  0.00014926,  -0.0120603
 0.000149264,  -0.0119347
 0.000149268,  -0.0120603
 0.000149272,  -0.0119347
 0.000149276,  -0.0121859
  0.00014928,  -0.0120603
 0.000149284,  -0.0120603
 0.000149288,  -0.0123116
 0.000149292,  -0.0123116
 0.000149296,  -0.0123116
   0.0001493,  -0.0124372
 0.000149304,  -0.0124372
 0.000149308,  -0.0124372
 0.000149312,  -0.0125628
 0.000149316,  -0.0125628
  0.00014932,  -0.0126884
 0.000149324,  -0.0126884
 0.000149328,  -0.0128141
 0.000149332,  -0.0129397
 0.000149336,  -0.0128141
  0.00014934,  -0.0129397
 0.000149344,   -0.013191
 0.000149348,  -0.0128141
 0.000149352,  -0.0129397
 0.000149356,  -0.0130653
  0.00014936,  -0.0129397
 0.000149364,  -0.0129397
 0.000149368,  -0.0130653
 0.000149372,   -0.013191
 0.000149376,  -0.0130653
  0.00014938,  -0.0129397
 0.000149384,  -0.0134422
 0.000149388,  -0.0133166
 0.000149392,   -0.013191
 0.000149396,  -0.0134422
   0.0001494,  -0.0135678
 0.000149404,  -0.0134422
 0.000149408,  -0.0134422
 0.000149412,  -0.0134422
 0.000149416,  -0.0133166
  0.00014942,  -0.0134422
 0.000149424,  -0.0134422
 0.000149428,  -0.0134422
 0.000149432,  -0.0135678
 0.000149436,  -0.0134422
  0.00014944,  -0.0135678
 0.000149444,  -0.0135678
 0.000149448,  -0.0136935
 0.000149452,  -0.0135678
 0.000149456,  -0.0135678
  0.00014946,  -0.0138191
 0.000149464,  -0.0138191
 0.000149468,  -0.0136935
 0.000149472,  -0.0136935
 0.000149476,  -0.0136935
  0.00014948,  -0.0138191
 0.000149484,  -0.0139447
 0.000149488,  -0.0139447
 0.000149492,  -0.0140704
 0.000149496,  -0.0139447
   0.0001495,   -0.014196
 0.000149504,  -0.0140704
 0.000149508,  -0.0140704
 0.000149512,  -0.0143216
 0.000149516,  -0.0140704
  0.00014952,  -0.0140704
 0.000149524,  -0.0143216
 0.000149528,  -0.0143216
 0.000149532,   -0.014196
 0.000149536,  -0.0143216
  0.00014954,  -0.0144472
 0.000149544,  -0.0143216
 0.000149548,  -0.0143216
 0.000149552,  -0.0144472
 0.000149556,  -0.0145729
  0.00014956,  -0.0144472
 0.000149564,  -0.0144472
 0.000149568,  -0.0146985
 0.000149572,  -0.0145729
 0.000149576,  -0.0146985
  0.00014958,  -0.0144472
 0.000149584,  -0.0145729
 0.000149588,  -0.0148241
 0.000149592,  -0.0146985
 0.000149596,  -0.0146985
   0.0001496,  -0.0148241
 0.000149604,  -0.0146985
 0.000149608,  -0.0146985
 0.000149612,  -0.0148241
 0.000149616,  -0.0148241
  0.00014962,  -0.0148241
 0.000149624,  -0.0146985
 0.000149628,  -0.0149497
 0.000149632,  -0.0148241
 0.000149636,  -0.0148241
  0.00014964,  -0.0148241
 0.000149644,  -0.0146985
 0.000149648,  -0.0148241
 0.000149652,  -0.0149497
 0.000149656,  -0.0150754
  0.00014966,  -0.0149497
 0.000149664,  -0.0148241
 0.000149668,  -0.0149497
 0.000149672,  -0.0149497
 0.000149676,  -0.0149497
  0.00014968,  -0.0150754
 0.000149684,  -0.0148241
 0.000149688,  -0.0149497
 0.000149692,  -0.0149497
 0.000149696,  -0.0150754
   0.0001497,  -0.0150754
 0.000149704,  -0.0150754
 0.000149708,  -0.0149497
 0.000149712,   -0.015201
 0.000149716,  -0.0153266
  0.00014972,   -0.015201
 0.000149724,   -0.015201
 0.000149728,   -0.015201
 0.000149732,  -0.0153266
 0.000149736,  -0.0153266
  0.00014974,  -0.0150754
 0.000149744,  -0.0153266
 0.000149748,   -0.015201
 0.000149752,   -0.015201
 0.000149756,  -0.0153266
  0.00014976,  -0.0153266
 0.000149764,  -0.0154523
 0.000149768,  -0.0154523
 0.000149772,  -0.0153266
 0.000149776,  -0.0155779
  0.00014978,  -0.0154523
 0.000149784,  -0.0157035
 0.000149788,  -0.0154523
 0.000149792,  -0.0154523
 0.000149796,  -0.0157035
   0.0001498,  -0.0154523
 0.000149804,  -0.0155779
 0.000149808,  -0.0154523
 0.000149812,  -0.0154523
 0.000149816,  -0.0154523
  0.00014982,  -0.0155779
 0.000149824,  -0.0157035
 0.000149828,  -0.0155779
 0.000149832,  -0.0155779
 0.000149836,  -0.0155779
  0.00014984,  -0.0157035
 0.000149844,  -0.0155779
 0.000149848,  -0.0155779
 0.000149852,  -0.0155779
 0.000149856,  -0.0155779
  0.00014986,  -0.0157035
 0.000149864,  -0.0154523
 0.000149868,  -0.0153266
 0.000149872,  -0.0155779
 0.000149876,  -0.0157035
  0.00014988,  -0.0153266
 0.000149884,  -0.0154523
 0.000149888,  -0.0155779
 0.000149892,  -0.0157035
 0.000149896,  -0.0155779
   0.0001499,  -0.0155779
 0.000149904,  -0.0157035
 0.000149908,  -0.0154523
 0.000149912,  -0.0157035
 0.000149916,  -0.0157035
  0.00014992,  -0.0158291
 0.000149924,  -0.0157035
 0.000149928,  -0.0155779
 0.000149932,  -0.0158291
 0.000149936,  -0.0157035
  0.00014994,  -0.0157035
 0.000149944,  -0.0157035
 0.000149948,  -0.0155779
 0.000149952,  -0.0158291
 0.000149956,  -0.0157035
  0.00014996,  -0.0155779
 0.000149964,  -0.0155779
 0.000149968,  -0.0155779
 0.000149972,  -0.0157035
 0.000149976,  -0.0157035
  0.00014998,  -0.0157035
 0.000149984,  -0.0155779
 0.000149988,  -0.0157035
 0.000149992,  -0.0157035
 0.000149996,  -0.0157035
     0.00015,  -0.0157035
 0.000150004,  -0.0155779
 0.000150008,  -0.0155779
 0.000150012,  -0.0155779
 0.000150016,  -0.0157035
  0.00015002,  -0.0158291
 0.000150024,  -0.0157035
 0.000150028,  -0.0155779
 0.000150032,  -0.0157035
 0.000150036,  -0.0154523
  0.00015004,  -0.0155779
 0.000150044,  -0.0157035
 0.000150048,  -0.0157035
 0.000150052,  -0.0155779
 0.000150056,  -0.0154523
  0.00015006,  -0.0157035
 0.000150064,  -0.0155779
 0.000150068,  -0.0154523
 0.000150072,  -0.0155779
 0.000150076,  -0.0155779
  0.00015008,  -0.0155779
 0.000150084,  -0.0154523
 0.000150088,  -0.0155779
 0.000150092,  -0.0154523
 0.000150096,  -0.0154523
   0.0001501,  -0.0155779
 0.000150104,  -0.0154523
 0.000150108,  -0.0155779
 0.000150112,  -0.0154523
 0.000150116,  -0.0155779
  0.00015012,  -0.0154523
 0.000150124,  -0.0153266
 0.000150128,  -0.0153266
 0.000150132,   -0.015201
 0.000150136,  -0.0153266
  0.00015014,   -0.015201
 0.000150144,  -0.0153266
 0.000150148,  -0.0154523
 0.000150152,  -0.0149497
 0.000150156,   -0.015201
  0.00015016,  -0.0153266
 0.000150164,   -0.015201
 0.000150168,   -0.015201
 0.000150172,  -0.0150754
 0.000150176,  -0.0150754
  0.00015018,  -0.0150754
 0.000150184,  -0.0149497
 0.000150188,   -0.015201
 0.000150192,  -0.0149497
 0.000150196,  -0.0149497
   0.0001502,   -0.015201
 0.000150204,  -0.0150754
 0.000150208,   -0.015201
 0.000150212,  -0.0150754
 0.000150216,  -0.0150754
  0.00015022,   -0.015201
 0.000150224,  -0.0150754
 0.000150228,   -0.015201
 0.000150232,  -0.0150754
 0.000150236,  -0.0150754
  0.00015024,  -0.0150754
 0.000150244,  -0.0149497
 0.000150248,  -0.0149497
 0.000150252,  -0.0148241
 0.000150256,  -0.0148241
  0.00015026,  -0.0149497
 0.000150264,  -0.0148241
 0.000150268,  -0.0146985
 0.000150272,  -0.0146985
 0.000150276,  -0.0146985
  0.00015028,  -0.0145729
 0.000150284,  -0.0146985
 0.000150288,  -0.0146985
 0.000150292,  -0.0145729
 0.000150296,  -0.0144472
   0.0001503,  -0.0144472
 0.000150304,  -0.0146985
 0.000150308,  -0.0145729
 0.000150312,  -0.0145729
 0.000150316,  -0.0145729
  0.00015032,   -0.014196
 0.000150324,  -0.0146985
 0.000150328,  -0.0145729
 0.000150332,  -0.0143216
 0.000150336,  -0.0144472
  0.00015034,  -0.0143216
 0.000150344,  -0.0145729
 0.000150348,  -0.0143216
 0.000150352,  -0.0143216
 0.000150356,  -0.0144472
  0.00015036,  -0.0143216
 0.000150364,  -0.0143216
 0.000150368,  -0.0143216
 0.000150372,  -0.0143216
 0.000150376,   -0.014196
  0.00015038,   -0.014196
 0.000150384,   -0.014196
 0.000150388,   -0.014196
 0.000150392,  -0.0140704
 0.000150396,  -0.0140704
   0.0001504,   -0.014196
 0.000150404,  -0.0139447
 0.000150408,  -0.0139447
 0.000150412,  -0.0139447
 0.000150416,  -0.0139447
  0.00015042,  -0.0139447
 0.000150424,  -0.0139447
 0.000150428,  -0.0139447
 0.000150432,  -0.0139447
 0.000150436,  -0.0139447
  0.00015044,  -0.0140704
 0.000150444,  -0.0138191
 0.000150448,  -0.0136935
 0.000150452,  -0.0138191
 0.000150456,  -0.0138191
  0.00015046,  -0.0136935
 0.000150464,  -0.0135678
 0.000150468,  -0.0135678
 0.000150472,  -0.0135678
 0.000150476,  -0.0135678
  0.00015048,  -0.0136935
 0.000150484,  -0.0135678
 0.000150488,   -0.013191
 0.000150492,  -0.0135678
 0.000150496,  -0.0135678
   0.0001505,  -0.0133166
 0.000150504,   -0.013191
 0.000150508,  -0.0133166
 0.000150512,  -0.0134422
 0.000150516,  -0.0133166
  0.00015052,  -0.0134422
 0.000150524,  -0.0133166
 0.000150528,  -0.0133166
 0.000150532,  -0.0134422
 0.000150536,  -0.0133166
  0.00015054,   -0.013191
 0.000150544,  -0.0130653
 0.000150548,  -0.0130653
 0.000150552,  -0.0130653
 0.000150556,  -0.0129397
  0.00015056,  -0.0130653
 0.000150564,  -0.0128141
 0.000150568,  -0.0126884
 0.000150572,  -0.0128141
 0.000150576,  -0.0128141
  0.00015058,  -0.0125628
 0.000150584,  -0.0126884
 0.000150588,  -0.0129397
 0.000150592,  -0.0128141
 0.000150596,  -0.0126884
   0.0001506,  -0.0128141
 0.000150604,  -0.0128141
 0.000150608,  -0.0126884
 0.000150612,  -0.0126884
 0.000150616,  -0.0125628
  0.00015062,  -0.0128141
 0.000150624,  -0.0125628
 0.000150628,  -0.0124372
 0.000150632,  -0.0126884
 0.000150636,  -0.0125628
  0.00015064,  -0.0124372
 0.000150644,  -0.0124372
 0.000150648,  -0.0124372
 0.000150652,  -0.0124372
 0.000150656,  -0.0123116
  0.00015066,  -0.0121859
 0.000150664,  -0.0121859
 0.000150668,  -0.0120603
 0.000150672,  -0.0121859
 0.000150676,  -0.0121859
  0.00015068,  -0.0120603
 0.000150684,  -0.0120603
 0.000150688,  -0.0119347
 0.000150692,  -0.0119347
 0.000150696,  -0.0121859
   0.0001507,  -0.0120603
 0.000150704,  -0.0119347
 0.000150708,   -0.011809
 0.000150712,  -0.0116834
 0.000150716,  -0.0119347
  0.00015072,  -0.0116834
 0.000150724,  -0.0116834
 0.000150728,  -0.0116834
 0.000150732,  -0.0115578
 0.000150736,  -0.0116834
  0.00015074,  -0.0115578
 0.000150744,  -0.0116834
 0.000150748,  -0.0115578
 0.000150752,  -0.0114322
 0.000150756,  -0.0114322
  0.00015076,  -0.0115578
 0.000150764,  -0.0114322
 0.000150768,  -0.0114322
 0.000150772,  -0.0111809
 0.000150776,  -0.0113065
  0.00015078,  -0.0115578
 0.000150784,  -0.0114322
 0.000150788,  -0.0111809
 0.000150792,  -0.0111809
 0.000150796,  -0.0113065
   0.0001508,  -0.0113065
 0.000150804,  -0.0111809
 0.000150808,  -0.0111809
 0.000150812,  -0.0109296
 0.000150816,  -0.0109296
  0.00015082,  -0.0109296
 0.000150824,  -0.0109296
 0.000150828,  -0.0106784
 0.000150832,  -0.0106784
 0.000150836,  -0.0106784
  0.00015084,  -0.0106784
 0.000150844,  -0.0106784
 0.000150848,  -0.0105528
 0.000150852,  -0.0105528
 0.000150856,  -0.0105528
  0.00015086,  -0.0104271
 0.000150864,  -0.0105528
 0.000150868,  -0.0103015
 0.000150872,  -0.0104271
 0.000150876,  -0.0103015
  0.00015088,  -0.0104271
 0.000150884,  -0.0104271
 0.000150888,  -0.0101759
 0.000150892,  -0.0104271
 0.000150896,  -0.0105528
   0.0001509,  -0.0104271
 0.000150904,  -0.0103015
 0.000150908,  -0.0101759
 0.000150912,  -0.0101759
 0.000150916,  -0.0103015
  0.00015092,  -0.0101759
 0.000150924,  -0.0101759
 0.000150928, -0.00992462
 0.000150932,  -0.0101759
 0.000150936,  -0.0100503
  0.00015094,   -0.009799
 0.000150944, -0.00992462
 0.000150948, -0.00992462
 0.000150952, -0.00992462
 0.000150956,   -0.009799
  0.00015096, -0.00992462
 0.000150964, -0.00992462
 0.000150968,   -0.009799
 0.000150972,   -0.009799
 0.000150976, -0.00967337
  0.00015098, -0.00967337
 0.000150984,   -0.009799
 0.000150988, -0.00967337
 0.000150992, -0.00954774
 0.000150996, -0.00942211
    0.000151, -0.00954774
 0.000151004, -0.00954774
 0.000151008, -0.00929648
 0.000151012, -0.00954774
 0.000151016, -0.00929648
  0.00015102, -0.00929648
 0.000151024, -0.00929648
 0.000151028, -0.00904523
 0.000151032, -0.00917085
 0.000151036, -0.00917085
  0.00015104, -0.00917085
 0.000151044, -0.00917085
 0.000151048, -0.00904523
 0.000151052, -0.00904523
 0.000151056,  -0.0089196
  0.00015106, -0.00904523
 0.000151064, -0.00917085
 0.000151068, -0.00904523
 0.000151072,  -0.0089196
 0.000151076,  -0.0089196
  0.00015108, -0.00904523
 0.000151084,  -0.0089196
 0.000151088, -0.00879397
 0.000151092, -0.00879397
 0.000151096, -0.00879397
   0.0001511, -0.00879397
 0.000151104, -0.00866834
 0.000151108, -0.00866834
 0.000151112, -0.00854271
 0.000151116, -0.00841709
  0.00015112, -0.00854271
 0.000151124, -0.00854271
 0.000151128, -0.00854271
 0.000151132, -0.00841709
 0.000151136, -0.00854271
  0.00015114, -0.00854271
 0.000151144, -0.00829146
 0.000151148, -0.00829146
 0.000151152, -0.00816583
 0.000151156, -0.00829146
  0.00015116, -0.00829146
 0.000151164, -0.00816583
 0.000151168, -0.00816583
 0.000151172,  -0.0080402
 0.000151176,  -0.0080402
  0.00015118, -0.00829146
 0.000151184, -0.00791457
 0.000151188, -0.00791457
 0.000151192,  -0.0080402
 0.000151196, -0.00791457
   0.0001512, -0.00778894
 0.000151204, -0.00778894
 0.000151208, -0.00791457
 0.000151212, -0.00778894
 0.000151216, -0.00778894
  0.00015122, -0.00778894
 0.000151224, -0.00778894
 0.000151228, -0.00778894
 0.000151232, -0.00753769
 0.000151236, -0.00766332
  0.00015124, -0.00753769
 0.000151244, -0.00766332
 0.000151248, -0.00753769
 0.000151252, -0.00728643
 0.000151256, -0.00753769
  0.00015126, -0.00741206
 0.000151264, -0.00741206
 0.000151268, -0.00728643
 0.000151272, -0.00728643
 0.000151276, -0.00741206
  0.00015128,  -0.0071608
 0.000151284, -0.00741206
 0.000151288, -0.00753769
 0.000151292, -0.00728643
 0.000151296, -0.00728643
   0.0001513,  -0.0071608
 0.000151304, -0.00728643
 0.000151308, -0.00728643
 0.000151312, -0.00703518
 0.000151316,  -0.0071608
  0.00015132, -0.00703518
 0.000151324, -0.00703518
 0.000151328,  -0.0071608
 0.000151332, -0.00703518
 0.000151336, -0.00703518
  0.00015134, -0.00690955
 0.000151344, -0.00690955
 0.000151348, -0.00703518
 0.000151352, -0.00678392
 0.000151356, -0.00678392
  0.00015136, -0.00665829
 0.000151364, -0.00665829
 0.000151368, -0.00665829
 0.000151372, -0.00653266
 0.000151376, -0.00653266
  0.00015138, -0.00640704
 0.000151384, -0.00665829
 0.000151388, -0.00665829
 0.000151392, -0.00640704
 0.000151396, -0.00653266
   0.0001514, -0.00653266
 0.000151404, -0.00653266
 0.000151408, -0.00640704
 0.000151412, -0.00653266
 0.000151416, -0.00653266
  0.00015142, -0.00628141
 0.000151424, -0.00628141
 0.000151428, -0.00640704
 0.000151432, -0.00628141
 0.000151436, -0.00603015
  0.00015144, -0.00628141
 0.000151444, -0.00628141
 0.000151448, -0.00603015
 0.000151452, -0.00603015
 0.000151456, -0.00615578
  0.00015146, -0.00615578
 0.000151464, -0.00615578
 0.000151468, -0.00603015
 0.000151472, -0.00590452
 0.000151476, -0.00603015
  0.00015148, -0.00590452
 0.000151484, -0.00590452
 0.000151488, -0.00590452
 0.000151492, -0.00603015
 0.000151496, -0.00603015
   0.0001515, -0.00577889
 0.000151504, -0.00577889
 0.000151508, -0.00590452
 0.000151512, -0.00590452
 0.000151516, -0.00552764
  0.00015152, -0.00577889
 0.000151524, -0.00590452
 0.000151528, -0.00565327
 0.000151532, -0.00552764
 0.000151536, -0.00565327
  0.00015154, -0.00577889
 0.000151544, -0.00552764
 0.000151548, -0.00540201
 0.000151552, -0.00552764
 0.000151556, -0.00565327
  0.00015156, -0.00565327
 0.000151564, -0.00540201
 0.000151568, -0.00540201
 0.000151572, -0.00540201
 0.000151576, -0.00527638
  0.00015158, -0.00515075
 0.000151584, -0.00527638
 0.000151588, -0.00540201
 0.000151592, -0.00527638
 0.000151596, -0.00515075
   0.0001516, -0.00527638
 0.000151604, -0.00515075
 0.000151608, -0.00502513
 0.000151612, -0.00515075
 0.000151616, -0.00515075
  0.00015162, -0.00502513
 0.000151624, -0.00502513
 0.000151628, -0.00502513
 0.000151632, -0.00515075
 0.000151636, -0.00502513
  0.00015164,  -0.0048995
 0.000151644,  -0.0048995
 0.000151648,  -0.0048995
 0.000151652,  -0.0048995
 0.000151656, -0.00502513
  0.00015166, -0.00502513
 0.000151664, -0.00477387
 0.000151668,  -0.0048995
 0.000151672, -0.00477387
 0.000151676, -0.00464824
  0.00015168, -0.00477387
 0.000151684, -0.00477387
 0.000151688, -0.00464824
 0.000151692, -0.00452261
 0.000151696, -0.00464824
   0.0001517, -0.00464824
 0.000151704, -0.00439698
 0.000151708, -0.00464824
 0.000151712, -0.00464824
 0.000151716, -0.00439698
  0.00015172, -0.00452261
 0.000151724, -0.00439698
 0.000151728, -0.00452261
 0.000151732, -0.00439698
 0.000151736, -0.00427136
  0.00015174, -0.00439698
 0.000151744, -0.00414573
 0.000151748, -0.00439698
 0.000151752, -0.00427136
 0.000151756, -0.00414573
  0.00015176, -0.00427136
 0.000151764, -0.00414573
 0.000151768, -0.00414573
 0.000151772, -0.00427136
 0.000151776, -0.00439698
  0.00015178, -0.00427136
 0.000151784,  -0.0040201
 0.000151788, -0.00414573
 0.000151792, -0.00427136
 0.000151796, -0.00427136
   0.0001518, -0.00414573
 0.000151804,  -0.0040201
 0.000151808,  -0.0040201
 0.000151812, -0.00414573
 0.000151816,  -0.0040201
  0.00015182, -0.00389447
 0.000151824,  -0.0040201
 0.000151828, -0.00389447
 0.000151832, -0.00376884
 0.000151836,  -0.0040201
  0.00015184,  -0.0040201
 0.000151844, -0.00389447
 0.000151848, -0.00364322
 0.000151852,  -0.0040201
 0.000151856, -0.00414573
  0.00015186, -0.00389447
 0.000151864, -0.00376884
 0.000151868, -0.00376884
 0.000151872, -0.00376884
 0.000151876, -0.00389447
  0.00015188, -0.00376884
 0.000151884, -0.00376884
 0.000151888, -0.00376884
 0.000151892, -0.00376884
 0.000151896, -0.00376884
   0.0001519, -0.00364322
 0.000151904, -0.00376884
 0.000151908, -0.00364322
 0.000151912, -0.00351759
 0.000151916, -0.00364322
  0.00015192, -0.00364322
 0.000151924, -0.00351759
 0.000151928, -0.00351759
 0.000151932, -0.00364322
 0.000151936, -0.00364322
  0.00015194, -0.00351759
 0.000151944, -0.00351759
 0.000151948, -0.00351759
 0.000151952, -0.00351759
 0.000151956, -0.00339196
  0.00015196, -0.00339196
 0.000151964, -0.00351759
 0.000151968, -0.00326633
 0.000151972, -0.00339196
 0.000151976, -0.00326633
  0.00015198, -0.00339196
 0.000151984, -0.00339196
 0.000151988, -0.00339196
 0.000151992, -0.00351759
 0.000151996, -0.00351759
    0.000152, -0.00339196
 0.000152004, -0.00339196
 0.000152008, -0.00339196
 0.000152012, -0.00339196
 0.000152016, -0.00339196
  0.00015202, -0.00339196
 0.000152024, -0.00326633
 0.000152028, -0.00326633
 0.000152032, -0.00339196
 0.000152036, -0.00326633
  0.00015204,  -0.0031407
 0.000152044, -0.00326633
 0.000152048, -0.00326633
 0.000152052, -0.00301508
 0.000152056,  -0.0031407
  0.00015206, -0.00326633
 0.000152064,  -0.0031407
 0.000152068, -0.00288945
 0.000152072, -0.00301508
 0.000152076,  -0.0031407
  0.00015208, -0.00301508
 0.000152084, -0.00288945
 0.000152088, -0.00301508
 0.000152092,  -0.0031407
 0.000152096, -0.00288945
   0.0001521, -0.00301508
 0.000152104, -0.00288945
 0.000152108, -0.00288945
 0.000152112, -0.00301508
 0.000152116, -0.00288945
  0.00015212,  -0.0031407
 0.000152124, -0.00301508
 0.000152128, -0.00288945
 0.000152132, -0.00301508
 0.000152136, -0.00301508
  0.00015214, -0.00301508
 0.000152144, -0.00301508
 0.000152148, -0.00288945
 0.000152152, -0.00301508
 0.000152156, -0.00288945
  0.00015216, -0.00288945
 0.000152164, -0.00301508
 0.000152168, -0.00288945
 0.000152172, -0.00301508
 0.000152176, -0.00301508
  0.00015218, -0.00288945
 0.000152184, -0.00276382
 0.000152188, -0.00301508
 0.000152192, -0.00301508
 0.000152196, -0.00276382
   0.0001522, -0.00276382
 0.000152204, -0.00288945
 0.000152208, -0.00276382
 0.000152212, -0.00276382
 0.000152216, -0.00288945
  0.00015222, -0.00288945
 0.000152224, -0.00276382
 0.000152228, -0.00276382
 0.000152232, -0.00288945
 0.000152236, -0.00301508
  0.00015224, -0.00276382
 0.000152244, -0.00263819
 0.000152248, -0.00276382
 0.000152252, -0.00276382
 0.000152256, -0.00301508
  0.00015226, -0.00288945
 0.000152264, -0.00288945
 0.000152268, -0.00301508
 0.000152272, -0.00288945
 0.000152276, -0.00301508
  0.00015228, -0.00288945
 0.000152284, -0.00288945
 0.000152288,  -0.0031407
 0.000152292, -0.00288945
 0.000152296, -0.00288945
   0.0001523, -0.00288945
 0.000152304, -0.00301508
 0.000152308, -0.00276382
 0.000152312, -0.00276382
 0.000152316,  -0.0031407
  0.00015232, -0.00301508
 0.000152324, -0.00276382
 0.000152328, -0.00288945
 0.000152332, -0.00288945
 0.000152336, -0.00288945
  0.00015234, -0.00288945
 0.000152344, -0.00288945
 0.000152348, -0.00301508
 0.000152352, -0.00276382
 0.000152356, -0.00301508
  0.00015236, -0.00301508
 0.000152364,  -0.0031407
 0.000152368,  -0.0031407
 0.000152372, -0.00301508
 0.000152376,  -0.0031407
  0.00015238, -0.00326633
 0.000152384, -0.00339196
 0.000152388,  -0.0031407
 0.000152392,  -0.0031407
 0.000152396, -0.00339196
   0.0001524, -0.00326633
 0.000152404, -0.00326633
 0.000152408, -0.00326633
 0.000152412,  -0.0031407
 0.000152416, -0.00339196
  0.00015242, -0.00326633
 0.000152424, -0.00339196
 0.000152428, -0.00326633
 0.000152432, -0.00326633
 0.000152436, -0.00339196
  0.00015244,  -0.0031407
 0.000152444, -0.00326633
 0.000152448, -0.00326633
 0.000152452,  -0.0031407
 0.000152456, -0.00339196
  0.00015246, -0.00339196
 0.000152464, -0.00339196
 0.000152468, -0.00339196
 0.000152472, -0.00351759
 0.000152476, -0.00364322
  0.00015248, -0.00339196
 0.000152484, -0.00351759
 0.000152488, -0.00364322
 0.000152492, -0.00364322
 0.000152496, -0.00364322
   0.0001525, -0.00364322
 0.000152504, -0.00364322
 0.000152508, -0.00364322
 0.000152512, -0.00376884
 0.000152516, -0.00376884
  0.00015252, -0.00376884
 0.000152524, -0.00389447
 0.000152528, -0.00389447
 0.000152532,  -0.0040201
 0.000152536, -0.00389447
  0.00015254, -0.00389447
 0.000152544, -0.00376884
 0.000152548, -0.00389447
 0.000152552, -0.00427136
 0.000152556,  -0.0040201
  0.00015256, -0.00389447
 0.000152564, -0.00389447
 0.000152568,  -0.0040201
 0.000152572,  -0.0040201
 0.000152576,  -0.0040201
  0.00015258, -0.00389447
 0.000152584, -0.00427136
 0.000152588, -0.00427136
 0.000152592, -0.00414573
 0.000152596, -0.00427136
   0.0001526, -0.00427136
 0.000152604, -0.00439698
 0.000152608, -0.00427136
 0.000152612, -0.00452261
 0.000152616, -0.00464824
  0.00015262, -0.00452261
 0.000152624, -0.00452261
 0.000152628, -0.00439698
 0.000152632, -0.00464824
 0.000152636, -0.00452261
  0.00015264, -0.00477387
 0.000152644, -0.00464824
 0.000152648, -0.00464824
 0.000152652, -0.00477387
 0.000152656, -0.00464824
  0.00015266,  -0.0048995
 0.000152664,  -0.0048995
 0.000152668, -0.00502513
 0.000152672,  -0.0048995
 0.000152676, -0.00502513
  0.00015268, -0.00540201
 0.000152684, -0.00502513
 0.000152688, -0.00502513
 0.000152692, -0.00502513
 0.000152696, -0.00527638
   0.0001527, -0.00527638
 0.000152704, -0.00502513
 0.000152708, -0.00515075
 0.000152712, -0.00527638
 0.000152716, -0.00515075
  0.00015272, -0.00527638
 0.000152724, -0.00527638
 0.000152728, -0.00527638
 0.000152732, -0.00527638
 0.000152736, -0.00515075
  0.00015274, -0.00540201
 0.000152744, -0.00540201
 0.000152748, -0.00527638
 0.000152752, -0.00552764
 0.000152756, -0.00565327
  0.00015276, -0.00577889
 0.000152764, -0.00565327
 0.000152768, -0.00565327
 0.000152772, -0.00577889
 0.000152776, -0.00577889
  0.00015278, -0.00603015
 0.000152784, -0.00603015
 0.000152788, -0.00603015
 0.000152792, -0.00615578
 0.000152796, -0.00628141
   0.0001528, -0.00628141
 0.000152804, -0.00628141
 0.000152808, -0.00653266
 0.000152812, -0.00628141
 0.000152816, -0.00615578
  0.00015282, -0.00653266
 0.000152824, -0.00640704
 0.000152828, -0.00653266
 0.000152832, -0.00628141
 0.000152836, -0.00665829
  0.00015284, -0.00665829
 0.000152844, -0.00653266
 0.000152848, -0.00665829
 0.000152852, -0.00678392
 0.000152856, -0.00678392
  0.00015286, -0.00678392
 0.000152864, -0.00678392
 0.000152868, -0.00703518
 0.000152872, -0.00703518
 0.000152876, -0.00703518
  0.00015288, -0.00703518
 0.000152884,  -0.0071608
 0.000152888, -0.00728643
 0.000152892, -0.00728643
 0.000152896, -0.00728643
   0.0001529, -0.00753769
 0.000152904, -0.00741206
 0.000152908, -0.00753769
 0.000152912, -0.00753769
 0.000152916, -0.00753769
  0.00015292, -0.00741206
 0.000152924, -0.00753769
 0.000152928, -0.00791457
 0.000152932, -0.00791457
 0.000152936, -0.00766332
  0.00015294, -0.00778894
 0.000152944, -0.00791457
 0.000152948,  -0.0080402
 0.000152952,  -0.0080402
 0.000152956, -0.00816583
  0.00015296, -0.00829146
 0.000152964, -0.00841709
 0.000152968, -0.00829146
 0.000152972, -0.00841709
 0.000152976, -0.00841709
  0.00015298, -0.00841709
 0.000152984, -0.00854271
 0.000152988, -0.00866834
 0.000152992, -0.00879397
 0.000152996, -0.00866834
    0.000153, -0.00866834
 0.000153004, -0.00866834
 0.000153008, -0.00879397
 0.000153012,  -0.0089196
 0.000153016,  -0.0089196
  0.00015302,  -0.0089196
 0.000153024, -0.00904523
 0.000153028, -0.00917085
 0.000153032, -0.00929648
 0.000153036, -0.00929648
  0.00015304, -0.00929648
 0.000153044, -0.00954774
 0.000153048, -0.00929648
 0.000153052, -0.00942211
 0.000153056, -0.00967337
  0.00015306,   -0.009799
 0.000153064,   -0.009799
 0.000153068, -0.00967337
 0.000153072,  -0.0100503
 0.000153076,  -0.0100503
  0.00015308,  -0.0100503
 0.000153084,  -0.0100503
 0.000153088,  -0.0101759
 0.000153092,  -0.0101759
 0.000153096,  -0.0100503
   0.0001531,  -0.0103015
 0.000153104,  -0.0105528
 0.000153108,  -0.0104271
 0.000153112,  -0.0103015
 0.000153116,  -0.0104271
  0.00015312,  -0.0105528
 0.000153124,  -0.0106784
 0.000153128,  -0.0106784
 0.000153132,   -0.010804
 0.000153136,   -0.010804
  0.00015314,   -0.010804
 0.000153144,  -0.0111809
 0.000153148,  -0.0110553
 0.000153152,  -0.0109296
 0.000153156,  -0.0111809
  0.00015316,  -0.0111809
 0.000153164,  -0.0111809
 0.000153168,  -0.0113065
 0.000153172,  -0.0116834
 0.000153176,  -0.0115578
  0.00015318,  -0.0114322
 0.000153184,   -0.011809
 0.000153188,  -0.0119347
 0.000153192,  -0.0119347
 0.000153196,  -0.0119347
   0.0001532,  -0.0120603
 0.000153204,  -0.0121859
 0.000153208,  -0.0120603
 0.000153212,  -0.0121859
 0.000153216,  -0.0123116
  0.00015322,  -0.0124372
 0.000153224,  -0.0123116
 0.000153228,  -0.0124372
 0.000153232,  -0.0124372
 0.000153236,  -0.0124372
  0.00015324,  -0.0125628
 0.000153244,  -0.0124372
 0.000153248,  -0.0128141
 0.000153252,  -0.0128141
 0.000153256,  -0.0128141
  0.00015326,  -0.0128141
 0.000153264,  -0.0129397
 0.000153268,   -0.013191
 0.000153272,   -0.013191
 0.000153276,  -0.0130653
  0.00015328,   -0.013191
 0.000153284,  -0.0135678
 0.000153288,  -0.0134422
 0.000153292,  -0.0134422
 0.000153296,  -0.0136935
   0.0001533,  -0.0138191
 0.000153304,  -0.0138191
 0.000153308,  -0.0136935
 0.000153312,  -0.0139447
 0.000153316,  -0.0139447
  0.00015332,  -0.0138191
 0.000153324,  -0.0140704
 0.000153328,   -0.014196
 0.000153332,  -0.0140704
 0.000153336,  -0.0140704
  0.00015334,  -0.0143216
 0.000153344,  -0.0144472
 0.000153348,  -0.0144472
 0.000153352,  -0.0143216
 0.000153356,  -0.0145729
  0.00015336,  -0.0146985
 0.000153364,  -0.0148241
 0.000153368,  -0.0146985
 0.000153372,  -0.0148241
 0.000153376,  -0.0153266
  0.00015338,  -0.0149497
 0.000153384,   -0.015201
 0.000153388,  -0.0153266
 0.000153392,  -0.0153266
 0.000153396,  -0.0154523
   0.0001534,  -0.0153266
 0.000153404,  -0.0157035
 0.000153408,  -0.0157035
 0.000153412,  -0.0155779
 0.000153416,  -0.0157035
  0.00015342,  -0.0157035
 0.000153424,  -0.0158291
 0.000153428,  -0.0158291
 0.000153432,  -0.0159548
 0.000153436,  -0.0158291
  0.00015344,  -0.0158291
 0.000153444,   -0.016206
 0.000153448,  -0.0160804
 0.000153452,   -0.016206
 0.000153456,  -0.0164573
  0.00015346,  -0.0164573
 0.000153464,  -0.0164573
 0.000153468,  -0.0165829
 0.000153472,  -0.0167085
 0.000153476,  -0.0169598
  0.00015348,  -0.0168342
 0.000153484,  -0.0169598
 0.000153488,  -0.0170854
 0.000153492,  -0.0170854
 0.000153496,  -0.0170854
   0.0001535,  -0.0172111
 0.000153504,  -0.0174623
 0.000153508,  -0.0173367
 0.000153512,  -0.0173367
 0.000153516,  -0.0175879
  0.00015352,  -0.0177136
 0.000153524,  -0.0177136
 0.000153528,  -0.0174623
 0.000153532,  -0.0178392
 0.000153536,  -0.0179648
  0.00015354,  -0.0177136
 0.000153544,  -0.0178392
 0.000153548,  -0.0180905
 0.000153552,  -0.0182161
 0.000153556,  -0.0180905
  0.00015356,  -0.0182161
 0.000153564,  -0.0183417
 0.000153568,  -0.0184673
 0.000153572,  -0.0184673
 0.000153576,   -0.018593
  0.00015358,   -0.018593
 0.000153584,  -0.0187186
 0.000153588,  -0.0188442
 0.000153592,  -0.0188442
 0.000153596,  -0.0189698
   0.0001536,  -0.0190955
 0.000153604,  -0.0190955
 0.000153608,  -0.0192211
 0.000153612,  -0.0192211
 0.000153616,  -0.0193467
  0.00015362,  -0.0194724
 0.000153624,  -0.0194724
 0.000153628,  -0.0194724
 0.000153632,   -0.019598
 0.000153636,  -0.0197236
  0.00015364,  -0.0197236
 0.000153644,  -0.0197236
 0.000153648,  -0.0198492
 0.000153652,  -0.0199749
 0.000153656,  -0.0199749
  0.00015366,  -0.0202261
 0.000153664,  -0.0203518
 0.000153668,  -0.0202261
 0.000153672,  -0.0204774
 0.000153676,  -0.0204774
  0.00015368,  -0.0207286
 0.000153684,   -0.020603
 0.000153688,  -0.0207286
 0.000153692,  -0.0208543
 0.000153696,  -0.0207286
   0.0001537,  -0.0209799
 0.000153704,  -0.0208543
 0.000153708,  -0.0208543
 0.000153712,  -0.0211055
 0.000153716,  -0.0213568
  0.00015372,  -0.0212312
 0.000153724,  -0.0211055
 0.000153728,  -0.0212312
 0.000153732,  -0.0213568
 0.000153736,  -0.0212312
  0.00015374,  -0.0214824
 0.000153744,   -0.021608
 0.000153748,  -0.0214824
 0.000153752,   -0.021608
 0.000153756,  -0.0219849
  0.00015376,  -0.0222362
 0.000153764,  -0.0218593
 0.000153768,  -0.0219849
 0.000153772,  -0.0221106
 0.000153776,  -0.0224874
  0.00015378,  -0.0226131
 0.000153784,  -0.0223618
 0.000153788,  -0.0227387
 0.000153792,  -0.0227387
 0.000153796,  -0.0227387
   0.0001538,  -0.0228643
 0.000153804,  -0.0229899
 0.000153808,  -0.0229899
 0.000153812,  -0.0227387
 0.000153816,  -0.0229899
  0.00015382,  -0.0232412
 0.000153824,  -0.0229899
 0.000153828,  -0.0231156
 0.000153832,  -0.0232412
 0.000153836,  -0.0233668
  0.00015384,  -0.0232412
 0.000153844,  -0.0232412
 0.000153848,  -0.0234925
 0.000153852,  -0.0236181
 0.000153856,  -0.0234925
  0.00015386,  -0.0236181
 0.000153864,  -0.0237437
 0.000153868,   -0.023995
 0.000153872,   -0.023995
 0.000153876,  -0.0238693
  0.00015388,  -0.0241206
 0.000153884,  -0.0243719
 0.000153888,  -0.0243719
 0.000153892,  -0.0243719
 0.000153896,  -0.0244975
   0.0001539,  -0.0247487
 0.000153904,  -0.0246231
 0.000153908,  -0.0247487
 0.000153912,  -0.0247487
 0.000153916,  -0.0248744
  0.00015392,  -0.0247487
 0.000153924,  -0.0247487
 0.000153928,  -0.0251256
 0.000153932,  -0.0252513
 0.000153936,  -0.0252513
  0.00015394,      -0.025
 0.000153944,  -0.0251256
 0.000153948,  -0.0256281
 0.000153952,  -0.0256281
 0.000153956,  -0.0255025
  0.00015396,  -0.0255025
 0.000153964,  -0.0257538
 0.000153968,  -0.0258794
 0.000153972,  -0.0257538
 0.000153976,   -0.026005
  0.00015398,   -0.026005
 0.000153984,   -0.026005
 0.000153988,   -0.026005
 0.000153992,  -0.0262563
 0.000153996,  -0.0265075
    0.000154,  -0.0263819
 0.000154004,  -0.0262563
 0.000154008,  -0.0266332
 0.000154012,  -0.0266332
 0.000154016,  -0.0266332
  0.00015402,  -0.0266332
 0.000154024,  -0.0266332
 0.000154028,  -0.0267588
 0.000154032,  -0.0266332
 0.000154036,  -0.0268844
  0.00015404,  -0.0271357
 0.000154044,    -0.02701
 0.000154048,  -0.0268844
 0.000154052,  -0.0272613
 0.000154056,  -0.0275126
  0.00015406,  -0.0273869
 0.000154064,  -0.0273869
 0.000154068,  -0.0275126
 0.000154072,  -0.0276382
 0.000154076,  -0.0277638
  0.00015408,  -0.0276382
 0.000154084,  -0.0278894
 0.000154088,  -0.0277638
 0.000154092,  -0.0280151
 0.000154096,  -0.0280151
   0.0001541,  -0.0281407
 0.000154104,  -0.0280151
 0.000154108,  -0.0280151
 0.000154112,  -0.0282663
 0.000154116,  -0.0282663
  0.00015412,  -0.0282663
 0.000154124,   -0.028392
 0.000154128,  -0.0282663
 0.000154132,  -0.0285176
 0.000154136,  -0.0285176
  0.00015414,  -0.0286432
 0.000154144,  -0.0287688
 0.000154148,  -0.0287688
 0.000154152,  -0.0288945
 0.000154156,  -0.0290201
  0.00015416,  -0.0290201
 0.000154164,  -0.0290201
 0.000154168,  -0.0292714
 0.000154172,   -0.029397
 0.000154176,   -0.029397
  0.00015418,   -0.029397
 0.000154184,  -0.0296482
 0.000154188,  -0.0297739
 0.000154192,  -0.0296482
 0.000154196,  -0.0297739
   0.0001542,  -0.0300251
 0.000154204,  -0.0300251
 0.000154208,  -0.0298995
 0.000154212,  -0.0300251
 0.000154216,  -0.0301508
  0.00015422,  -0.0301508
 0.000154224,  -0.0301508
 0.000154228,  -0.0301508
 0.000154232,   -0.030402
 0.000154236,  -0.0302764
  0.00015424,  -0.0301508
 0.000154244,  -0.0305276
 0.000154248,  -0.0306533
 0.000154252,  -0.0305276
 0.000154256,  -0.0305276
  0.00015426,  -0.0307789
 0.000154264,  -0.0310302
 0.000154268,  -0.0309045
 0.000154272,  -0.0310302
 0.000154276,  -0.0310302
  0.00015428,  -0.0311558
 0.000154284,  -0.0311558
 0.000154288,  -0.0311558
 0.000154292,   -0.031407
 0.000154296,  -0.0315327
   0.0001543,  -0.0312814
 0.000154304,   -0.031407
 0.000154308,  -0.0317839
 0.000154312,  -0.0317839
 0.000154316,  -0.0316583
  0.00015432,  -0.0316583
 0.000154324,  -0.0319095
 0.000154328,  -0.0319095
 0.000154332,  -0.0317839
 0.000154336,  -0.0320352
  0.00015434,  -0.0320352
 0.000154344,  -0.0319095
 0.000154348,  -0.0320352
 0.000154352,  -0.0322864
 0.000154356,  -0.0325377
  0.00015436,  -0.0325377
 0.000154364,  -0.0324121
 0.000154368,  -0.0325377
 0.000154372,  -0.0326633
 0.000154376,  -0.0326633
  0.00015438,  -0.0326633
 0.000154384,  -0.0327889
 0.000154388,  -0.0330402
 0.000154392,  -0.0330402
 0.000154396,  -0.0330402
   0.0001544,  -0.0330402
 0.000154404,  -0.0330402
 0.000154408,  -0.0331658
 0.000154412,  -0.0332915
 0.000154416,  -0.0334171
  0.00015442,  -0.0334171
 0.000154424,  -0.0332915
 0.000154428,  -0.0334171
 0.000154432,  -0.0336683
 0.000154436,  -0.0336683
  0.00015444,  -0.0335427
 0.000154444,  -0.0336683
 0.000154448,   -0.033794
 0.000154452,  -0.0339196
 0.000154456,  -0.0340452
  0.00015446,  -0.0342965
 0.000154464,  -0.0342965
 0.000154468,  -0.0341709
 0.000154472,  -0.0341709
 0.000154476,  -0.0345477
  0.00015448,  -0.0344221
 0.000154484,  -0.0345477
 0.000154488,  -0.0345477
 0.000154492,  -0.0345477
 0.000154496,  -0.0346734
   0.0001545,  -0.0346734
 0.000154504,  -0.0350503
 0.000154508,  -0.0346734
 0.000154512,  -0.0345477
 0.000154516,  -0.0349246
  0.00015452,  -0.0349246
 0.000154524,  -0.0349246
 0.000154528,  -0.0349246
 0.000154532,  -0.0350503
 0.000154536,  -0.0351759
  0.00015454,  -0.0351759
 0.000154544,  -0.0354271
 0.000154548,  -0.0355528
 0.000154552,  -0.0354271
 0.000154556,  -0.0354271
  0.00015456,  -0.0356784
 0.000154564,   -0.035804
 0.000154568,   -0.035804
 0.000154572,  -0.0356784
 0.000154576,  -0.0359296
  0.00015458,   -0.035804
 0.000154584,  -0.0359296
 0.000154588,  -0.0361809
 0.000154592,  -0.0361809
 0.000154596,  -0.0360553
   0.0001546,  -0.0360553
 0.000154604,  -0.0363065
 0.000154608,  -0.0363065
 0.000154612,  -0.0363065
 0.000154616,  -0.0363065
  0.00015462,  -0.0363065
 0.000154624,  -0.0363065
 0.000154628,  -0.0365578
 0.000154632,   -0.036809
 0.000154636,  -0.0365578
  0.00015464,  -0.0364322
 0.000154644,   -0.036809
 0.000154648,  -0.0369347
 0.000154652,  -0.0370603
 0.000154656,  -0.0370603
  0.00015466,  -0.0370603
 0.000154664,  -0.0373116
 0.000154668,  -0.0373116
 0.000154672,  -0.0373116
 0.000154676,  -0.0371859
  0.00015468,  -0.0374372
 0.000154684,  -0.0374372
 0.000154688,  -0.0374372
 0.000154692,  -0.0375628
 0.000154696,  -0.0376884
   0.0001547,  -0.0376884
 0.000154704,  -0.0375628
 0.000154708,  -0.0378141
 0.000154712,  -0.0378141
 0.000154716,  -0.0376884
  0.00015472,  -0.0378141
 0.000154724,  -0.0378141
 0.000154728,  -0.0379397
 0.000154732,  -0.0378141
 0.000154736,   -0.038191
  0.00015474,   -0.038191
 0.000154744,  -0.0380653
 0.000154748,   -0.038191
 0.000154752,   -0.038191
 0.000154756,  -0.0383166
  0.00015476,  -0.0384422
 0.000154764,  -0.0383166
 0.000154768,  -0.0384422
 0.000154772,  -0.0384422
 0.000154776,  -0.0384422
  0.00015478,  -0.0386935
 0.000154784,  -0.0386935
 0.000154788,  -0.0386935
 0.000154792,  -0.0385678
 0.000154796,  -0.0386935
   0.0001548,   -0.039196
 0.000154804,  -0.0389447
 0.000154808,  -0.0388191
 0.000154812,  -0.0390704
 0.000154816,   -0.039196
  0.00015482,  -0.0393216
 0.000154824,   -0.039196
 0.000154828,  -0.0390704
 0.000154832,  -0.0390704
 0.000154836,  -0.0393216
  0.00015484,  -0.0394472
 0.000154844,  -0.0394472
 0.000154848,  -0.0393216
 0.000154852,  -0.0393216
 0.000154856,  -0.0395729
  0.00015486,  -0.0395729
 0.000154864,  -0.0395729
 0.000154868,  -0.0396985
 0.000154872,  -0.0396985
 0.000154876,  -0.0396985
  0.00015488,  -0.0398241
 0.000154884,  -0.0399497
 0.000154888,  -0.0399497
 0.000154892,  -0.0396985
 0.000154896,  -0.0398241
   0.0001549,   -0.040201
 0.000154904,  -0.0400754
 0.000154908,  -0.0399497
 0.000154912,  -0.0399497
 0.000154916,  -0.0403266
  0.00015492,  -0.0403266
 0.000154924,  -0.0400754
 0.000154928,  -0.0403266
 0.000154932,  -0.0403266
 0.000154936,   -0.040201
  0.00015494,   -0.040201
 0.000154944,  -0.0404523
 0.000154948,  -0.0405779
 0.000154952,   -0.040201
 0.000154956,  -0.0403266
  0.00015496,  -0.0407035
 0.000154964,  -0.0404523
 0.000154968,  -0.0407035
 0.000154972,  -0.0405779
 0.000154976,  -0.0405779
  0.00015498,  -0.0407035
 0.000154984,  -0.0407035
 0.000154988,  -0.0407035
 0.000154992,  -0.0407035
 0.000154996,  -0.0408291
    0.000155,  -0.0407035
 0.000155004,  -0.0407035
 0.000155008,  -0.0409548
 0.000155012,  -0.0409548
 0.000155016,  -0.0408291
  0.00015502,  -0.0409548
 0.000155024,   -0.041206
 0.000155028,  -0.0410804
 0.000155032,  -0.0409548
 0.000155036,  -0.0410804
  0.00015504,  -0.0410804
 0.000155044,   -0.041206
 0.000155048,  -0.0410804
 0.000155052,  -0.0410804
 0.000155056,  -0.0414573
  0.00015506,  -0.0413317
 0.000155064,  -0.0413317
 0.000155068,  -0.0414573
 0.000155072,  -0.0414573
 0.000155076,  -0.0415829
  0.00015508,   -0.041206
 0.000155084,  -0.0417085
 0.000155088,  -0.0417085
 0.000155092,  -0.0414573
 0.000155096,  -0.0415829
   0.0001551,  -0.0415829
 0.000155104,  -0.0415829
 0.000155108,  -0.0414573
 0.000155112,  -0.0417085
 0.000155116,  -0.0418342
  0.00015512,  -0.0417085
 0.000155124,  -0.0417085
 0.000155128,  -0.0417085
 0.000155132,  -0.0419598
 0.000155136,  -0.0419598
  0.00015514,  -0.0418342
 0.000155144,  -0.0418342
 0.000155148,  -0.0419598
 0.000155152,  -0.0419598
 0.000155156,  -0.0419598
  0.00015516,  -0.0422111
 0.000155164,  -0.0420854
 0.000155168,  -0.0418342
 0.000155172,  -0.0420854
 0.000155176,  -0.0423367
  0.00015518,  -0.0422111
 0.000155184,  -0.0422111
 0.000155188,  -0.0420854
 0.000155192,  -0.0423367
 0.000155196,  -0.0423367
   0.0001552,  -0.0423367
 0.000155204,  -0.0423367
 0.000155208,  -0.0420854
 0.000155212,  -0.0423367
 0.000155216,  -0.0423367
  0.00015522,  -0.0422111
 0.000155224,  -0.0424623
 0.000155228,  -0.0424623
 0.000155232,  -0.0425879
 0.000155236,  -0.0423367
  0.00015524,  -0.0424623
 0.000155244,  -0.0425879
 0.000155248,  -0.0423367
 0.000155252,  -0.0423367
 0.000155256,  -0.0424623
  0.00015526,  -0.0425879
 0.000155264,  -0.0424623
 0.000155268,  -0.0423367
 0.000155272,  -0.0424623
 0.000155276,  -0.0424623
  0.00015528,  -0.0424623
 0.000155284,  -0.0425879
 0.000155288,  -0.0424623
 0.000155292,  -0.0425879
 0.000155296,  -0.0425879
   0.0001553,  -0.0424623
 0.000155304,  -0.0425879
 0.000155308,  -0.0425879
 0.000155312,  -0.0425879
 0.000155316,  -0.0424623
  0.00015532,  -0.0425879
 0.000155324,  -0.0427136
 0.000155328,  -0.0427136
 0.000155332,  -0.0427136
 0.000155336,  -0.0424623
  0.00015534,  -0.0427136
 0.000155344,  -0.0428392
 0.000155348,  -0.0427136
 0.000155352,  -0.0428392
 0.000155356,  -0.0428392
  0.00015536,  -0.0428392
 0.000155364,  -0.0427136
 0.000155368,  -0.0427136
 0.000155372,  -0.0429648
 0.000155376,  -0.0427136
  0.00015538,  -0.0427136
 0.000155384,  -0.0428392
 0.000155388,  -0.0428392
 0.000155392,  -0.0428392
 0.000155396,  -0.0429648
   0.0001554,  -0.0428392
 0.000155404,  -0.0427136
 0.000155408,  -0.0428392
 0.000155412,  -0.0428392
 0.000155416,  -0.0427136
  0.00015542,  -0.0425879
 0.000155424,  -0.0428392
 0.000155428,  -0.0425879
 0.000155432,  -0.0427136
 0.000155436,  -0.0428392
  0.00015544,  -0.0425879
 0.000155444,  -0.0425879
 0.000155448,  -0.0427136
 0.000155452,  -0.0429648
 0.000155456,  -0.0427136
  0.00015546,  -0.0425879
 0.000155464,  -0.0428392
 0.000155468,  -0.0428392
 0.000155472,  -0.0427136
 0.000155476,  -0.0428392
  0.00015548,  -0.0428392
 0.000155484,  -0.0427136
 0.000155488,  -0.0427136
 0.000155492,  -0.0427136
 0.000155496,  -0.0427136
   0.0001555,  -0.0427136
 0.000155504,  -0.0425879
 0.000155508,  -0.0427136
 0.000155512,  -0.0425879
 0.000155516,  -0.0427136
  0.00015552,  -0.0427136
 0.000155524,  -0.0427136
 0.000155528,  -0.0427136
 0.000155532,  -0.0427136
 0.000155536,  -0.0427136
  0.00015554,  -0.0425879
 0.000155544,  -0.0427136
 0.000155548,  -0.0427136
 0.000155552,  -0.0427136
 0.000155556,  -0.0427136
  0.00015556,  -0.0427136
 0.000155564,  -0.0429648
 0.000155568,  -0.0428392
 0.000155572,  -0.0428392
 0.000155576,  -0.0428392
  0.00015558,  -0.0428392
 0.000155584,  -0.0427136
 0.000155588,  -0.0425879
 0.000155592,  -0.0428392
 0.000155596,  -0.0427136
   0.0001556,  -0.0425879
 0.000155604,  -0.0424623
 0.000155608,  -0.0423367
 0.000155612,  -0.0425879
 0.000155616,  -0.0424623
  0.00015562,  -0.0423367
 0.000155624,  -0.0423367
 0.000155628,  -0.0424623
 0.000155632,  -0.0424623
 0.000155636,  -0.0423367
  0.00015564,  -0.0422111
 0.000155644,  -0.0425879
 0.000155648,  -0.0424623
 0.000155652,  -0.0423367
 0.000155656,  -0.0424623
  0.00015566,  -0.0425879
 0.000155664,  -0.0422111
 0.000155668,  -0.0424623
 0.000155672,  -0.0425879
 0.000155676,  -0.0424623
  0.00015568,  -0.0423367
 0.000155684,  -0.0423367
 0.000155688,  -0.0424623
 0.000155692,  -0.0424623
 0.000155696,  -0.0423367
   0.0001557,  -0.0422111
 0.000155704,  -0.0422111
 0.000155708,  -0.0422111
 0.000155712,  -0.0422111
 0.000155716,  -0.0422111
  0.00015572,  -0.0422111
 0.000155724,  -0.0422111
 0.000155728,  -0.0420854
 0.000155732,  -0.0419598
 0.000155736,  -0.0418342
  0.00015574,  -0.0420854
 0.000155744,  -0.0420854
 0.000155748,  -0.0419598
 0.000155752,  -0.0418342
 0.000155756,  -0.0420854
  0.00015576,  -0.0420854
 0.000155764,  -0.0418342
 0.000155768,  -0.0419598
 0.000155772,  -0.0420854
 0.000155776,  -0.0418342
  0.00015578,  -0.0418342
 0.000155784,  -0.0420854
 0.000155788,  -0.0419598
 0.000155792,  -0.0418342
 0.000155796,  -0.0418342
   0.0001558,  -0.0418342
 0.000155804,  -0.0419598
 0.000155808,  -0.0418342
 0.000155812,  -0.0417085
 0.000155816,  -0.0417085
  0.00015582,  -0.0417085
 0.000155824,  -0.0417085
 0.000155828,  -0.0417085
 0.000155832,  -0.0414573
 0.000155836,  -0.0417085
  0.00015584,  -0.0415829
 0.000155844,  -0.0414573
 0.000155848,  -0.0417085
 0.000155852,  -0.0413317
 0.000155856,   -0.041206
  0.00015586,  -0.0414573
 0.000155864,  -0.0414573
 0.000155868,  -0.0414573
 0.000155872,   -0.041206
 0.000155876,  -0.0413317
  0.00015588,  -0.0413317
 0.000155884,  -0.0414573
 0.000155888,   -0.041206
 0.000155892,   -0.041206
 0.000155896,  -0.0413317
   0.0001559,  -0.0413317
 0.000155904,  -0.0410804
 0.000155908,  -0.0410804
 0.000155912,  -0.0410804
 0.000155916,  -0.0410804
  0.00015592,  -0.0410804
 0.000155924,  -0.0409548
 0.000155928,   -0.041206
 0.000155932,  -0.0408291
 0.000155936,  -0.0409548
  0.00015594,  -0.0410804
 0.000155944,  -0.0409548
 0.000155948,  -0.0408291
 0.000155952,  -0.0407035
 0.000155956,  -0.0407035
  0.00015596,  -0.0409548
 0.000155964,  -0.0407035
 0.000155968,  -0.0405779
 0.000155972,  -0.0407035
 0.000155976,  -0.0407035
  0.00015598,  -0.0404523
 0.000155984,  -0.0405779
 0.000155988,  -0.0408291
 0.000155992,  -0.0407035
 0.000155996,  -0.0405779
    0.000156,  -0.0405779
 0.000156004,  -0.0407035
 0.000156008,  -0.0404523
 0.000156012,  -0.0403266
 0.000156016,  -0.0404523
  0.00015602,  -0.0404523
 0.000156024,  -0.0404523
 0.000156028,  -0.0404523
 0.000156032,  -0.0403266
 0.000156036,   -0.040201
  0.00015604,   -0.040201
 0.000156044,  -0.0400754
 0.000156048,   -0.040201
 0.000156052,   -0.040201
 0.000156056,   -0.040201
  0.00015606,  -0.0400754
 0.000156064,  -0.0400754
 0.000156068,   -0.040201
 0.000156072,  -0.0399497
 0.000156076,  -0.0400754
  0.00015608,  -0.0399497
 0.000156084,  -0.0398241
 0.000156088,  -0.0398241
 0.000156092,  -0.0398241
 0.000156096,  -0.0398241
   0.0001561,  -0.0398241
 0.000156104,  -0.0398241
 0.000156108,  -0.0396985
 0.000156112,  -0.0396985
 0.000156116,  -0.0395729
  0.00015612,  -0.0398241
 0.000156124,  -0.0395729
 0.000156128,  -0.0393216
 0.000156132,  -0.0396985
 0.000156136,  -0.0396985
  0.00015614,  -0.0394472
 0.000156144,  -0.0394472
 0.000156148,  -0.0394472
 0.000156152,  -0.0395729
 0.000156156,  -0.0393216
  0.00015616,  -0.0394472
 0.000156164,  -0.0393216
 0.000156168,   -0.039196
 0.000156172,   -0.039196
 0.000156176,  -0.0393216
  0.00015618,   -0.039196
 0.000156184,   -0.039196
 0.000156188,  -0.0390704
 0.000156192,  -0.0390704
 0.000156196,  -0.0390704
   0.0001562,  -0.0390704
 0.000156204,  -0.0389447
 0.000156208,  -0.0388191
 0.000156212,  -0.0388191
 0.000156216,  -0.0389447
  0.00015622,  -0.0388191
 0.000156224,  -0.0388191
 0.000156228,  -0.0386935
 0.000156232,  -0.0386935
 0.000156236,  -0.0386935
  0.00015624,  -0.0385678
 0.000156244,  -0.0385678
 0.000156248,  -0.0385678
 0.000156252,  -0.0385678
 0.000156256,  -0.0384422
  0.00015626,  -0.0385678
 0.000156264,  -0.0384422
 0.000156268,  -0.0384422
 0.000156272,  -0.0384422
 0.000156276,  -0.0383166
  0.00015628,  -0.0384422
 0.000156284,  -0.0380653
 0.000156288,  -0.0380653
 0.000156292,   -0.038191
 0.000156296,  -0.0380653
   0.0001563,  -0.0380653
 0.000156304,  -0.0379397
 0.000156308,  -0.0379397
 0.000156312,  -0.0380653
 0.000156316,  -0.0378141
  0.00015632,  -0.0378141
 0.000156324,  -0.0378141
 0.000156328,  -0.0376884
 0.000156332,  -0.0378141
 0.000156336,  -0.0375628
  0.00015634,  -0.0378141
 0.000156344,  -0.0376884
 0.000156348,  -0.0375628
 0.000156352,  -0.0375628
 0.000156356,  -0.0376884
  0.00015636,  -0.0376884
 0.000156364,  -0.0375628
 0.000156368,  -0.0375628
 0.000156372,  -0.0374372
 0.000156376,  -0.0374372
  0.00015638,  -0.0373116
 0.000156384,  -0.0374372
 0.000156388,  -0.0374372
 0.000156392,  -0.0373116
 0.000156396,  -0.0371859
   0.0001564,  -0.0371859
 0.000156404,  -0.0373116
 0.000156408,  -0.0371859
 0.000156412,   -0.036809
 0.000156416,   -0.036809
  0.00015642,   -0.036809
 0.000156424,   -0.036809
 0.000156428,   -0.036809
 0.000156432,   -0.036809
 0.000156436,  -0.0365578
  0.00015644,  -0.0365578
 0.000156444,  -0.0366834
 0.000156448,  -0.0366834
 0.000156452,  -0.0366834
 0.000156456,  -0.0365578
  0.00015646,  -0.0365578
 0.000156464,  -0.0365578
 0.000156468,  -0.0364322
 0.000156472,  -0.0364322
 0.000156476,  -0.0361809
  0.00015648,  -0.0363065
 0.000156484,  -0.0363065
 0.000156488,  -0.0363065
 0.000156492,  -0.0363065
 0.000156496,  -0.0360553
   0.0001565,  -0.0359296
 0.000156504,  -0.0359296
 0.000156508,  -0.0360553
 0.000156512,  -0.0359296
 0.000156516,   -0.035804
  0.00015652,   -0.035804
 0.000156524,  -0.0356784
 0.000156528,  -0.0356784
 0.000156532,   -0.035804
 0.000156536,   -0.035804
  0.00015654,  -0.0354271
 0.000156544,  -0.0355528
 0.000156548,  -0.0356784
 0.000156552,  -0.0356784
 0.000156556,  -0.0355528
  0.00015656,  -0.0355528
 0.000156564,  -0.0355528
 0.000156568,  -0.0353015
 0.000156572,  -0.0354271
 0.000156576,  -0.0354271
  0.00015658,  -0.0351759
 0.000156584,  -0.0351759
 0.000156588,  -0.0351759
 0.000156592,  -0.0350503
 0.000156596,  -0.0351759
   0.0001566,  -0.0350503
 0.000156604,   -0.034799
 0.000156608,   -0.034799
 0.000156612,   -0.034799
 0.000156616,  -0.0346734
  0.00015662,  -0.0346734
 0.000156624,  -0.0346734
 0.000156628,  -0.0345477
 0.000156632,  -0.0344221
 0.000156636,  -0.0345477
  0.00015664,  -0.0345477
 0.000156644,  -0.0344221
 0.000156648,  -0.0342965
 0.000156652,  -0.0342965
 0.000156656,  -0.0341709
  0.00015666,  -0.0341709
 0.000156664,  -0.0342965
 0.000156668,  -0.0339196
 0.000156672,  -0.0339196
 0.000156676,  -0.0340452
  0.00015668,  -0.0340452
 0.000156684,  -0.0339196
 0.000156688,   -0.033794
 0.000156692,  -0.0339196
 0.000156696,  -0.0336683
   0.0001567,  -0.0335427
 0.000156704,  -0.0336683
 0.000156708,  -0.0334171
 0.000156712,  -0.0332915
 0.000156716,  -0.0332915
  0.00015672,  -0.0332915
 0.000156724,  -0.0332915
 0.000156728,  -0.0331658
 0.000156732,  -0.0331658
 0.000156736,  -0.0331658
  0.00015674,  -0.0330402
 0.000156744,  -0.0331658
 0.000156748,  -0.0329146
 0.000156752,  -0.0327889
 0.000156756,  -0.0329146
  0.00015676,  -0.0327889
 0.000156764,  -0.0326633
 0.000156768,  -0.0326633
 0.000156772,  -0.0324121
 0.000156776,  -0.0326633
  0.00015678,  -0.0322864
 0.000156784,  -0.0322864
 0.000156788,  -0.0322864
 0.000156792,  -0.0324121
 0.000156796,  -0.0324121
   0.0001568,  -0.0321608
 0.000156804,  -0.0321608
 0.000156808,  -0.0321608
 0.000156812,  -0.0321608
 0.000156816,  -0.0320352
  0.00015682,  -0.0320352
 0.000156824,  -0.0316583
 0.000156828,  -0.0317839
 0.000156832,  -0.0319095
 0.000156836,  -0.0317839
  0.00015684,  -0.0316583
 0.000156844,   -0.031407
 0.000156848,  -0.0316583
 0.000156852,  -0.0315327
 0.000156856,  -0.0315327
  0.00015686,  -0.0315327
 0.000156864,  -0.0312814
 0.000156868,  -0.0312814
 0.000156872,   -0.031407
 0.000156876,  -0.0310302
  0.00015688,  -0.0311558
 0.000156884,  -0.0310302
 0.000156888,  -0.0309045
 0.000156892,  -0.0309045
 0.000156896,  -0.0309045
   0.0001569,  -0.0307789
 0.000156904,  -0.0306533
 0.000156908,  -0.0305276
 0.000156912,   -0.030402
 0.000156916,  -0.0305276
  0.00015692,   -0.030402
 0.000156924,  -0.0302764
 0.000156928,  -0.0301508
 0.000156932,  -0.0302764
 0.000156936,  -0.0300251
  0.00015694,  -0.0298995
 0.000156944,  -0.0298995
 0.000156948,  -0.0298995
 0.000156952,  -0.0296482
 0.000156956,  -0.0297739
  0.00015696,  -0.0296482
 0.000156964,  -0.0295226
 0.000156968,  -0.0295226
 0.000156972,   -0.029397
 0.000156976,  -0.0295226
  0.00015698,   -0.029397
 0.000156984,  -0.0291457
 0.000156988,  -0.0291457
 0.000156992,  -0.0290201
 0.000156996,  -0.0291457
    0.000157,  -0.0288945
 0.000157004,  -0.0287688
 0.000157008,  -0.0287688
 0.000157012,  -0.0286432
 0.000157016,  -0.0286432
  0.00015702,  -0.0285176
 0.000157024,  -0.0286432
 0.000157028,  -0.0285176
 0.000157032,  -0.0282663
 0.000157036,  -0.0282663
  0.00015704,  -0.0282663
 0.000157044,  -0.0280151
 0.000157048,  -0.0278894
 0.000157052,  -0.0280151
 0.000157056,  -0.0280151
  0.00015706,  -0.0278894
 0.000157064,  -0.0277638
 0.000157068,  -0.0278894
 0.000157072,  -0.0276382
 0.000157076,  -0.0276382
  0.00015708,  -0.0276382
 0.000157084,  -0.0276382
 0.000157088,  -0.0275126
 0.000157092,  -0.0273869
 0.000157096,  -0.0275126
   0.0001571,  -0.0271357
 0.000157104,  -0.0271357
 0.000157108,    -0.02701
 0.000157112,  -0.0268844
 0.000157116,  -0.0267588
  0.00015712,  -0.0265075
 0.000157124,  -0.0266332
 0.000157128,  -0.0265075
 0.000157132,  -0.0263819
 0.000157136,  -0.0263819
  0.00015714,  -0.0263819
 0.000157144,  -0.0262563
 0.000157148,   -0.026005
 0.000157152,  -0.0261307
 0.000157156,  -0.0262563
  0.00015716,   -0.026005
 0.000157164,  -0.0258794
 0.000157168,   -0.026005
 0.000157172,  -0.0257538
 0.000157176,  -0.0257538
  0.00015718,  -0.0258794
 0.000157184,  -0.0258794
 0.000157188,  -0.0256281
 0.000157192,  -0.0253769
 0.000157196,  -0.0253769
   0.0001572,  -0.0253769
 0.000157204,  -0.0252513
 0.000157208,  -0.0252513
 0.000157212,  -0.0251256
 0.000157216,  -0.0248744
  0.00015722,  -0.0247487
 0.000157224,  -0.0248744
 0.000157228,  -0.0248744
 0.000157232,  -0.0244975
 0.000157236,  -0.0243719
  0.00015724,  -0.0244975
 0.000157244,  -0.0244975
 0.000157248,  -0.0242462
 0.000157252,  -0.0242462
 0.000157256,  -0.0242462
  0.00015726,  -0.0242462
 0.000157264,   -0.023995
 0.000157268,  -0.0238693
 0.000157272,   -0.023995
 0.000157276,  -0.0237437
  0.00015728,  -0.0236181
 0.000157284,  -0.0237437
 0.000157288,  -0.0234925
 0.000157292,  -0.0234925
 0.000157296,  -0.0232412
   0.0001573,  -0.0232412
 0.000157304,  -0.0232412
 0.000157308,  -0.0231156
 0.000157312,  -0.0228643
 0.000157316,  -0.0227387
  0.00015732,  -0.0228643
 0.000157324,  -0.0228643
 0.000157328,  -0.0226131
 0.000157332,  -0.0226131
 0.000157336,  -0.0226131
  0.00015734,  -0.0226131
 0.000157344,  -0.0223618
 0.000157348,  -0.0223618
 0.000157352,  -0.0223618
 0.000157356,  -0.0222362
  0.00015736,  -0.0223618
 0.000157364,  -0.0219849
 0.000157368,  -0.0219849
 0.000157372,  -0.0218593
 0.000157376,  -0.0217337
  0.00015738,   -0.021608
 0.000157384,  -0.0217337
 0.000157388,   -0.021608
 0.000157392,  -0.0213568
 0.000157396,  -0.0213568
   0.0001574,  -0.0214824
 0.000157404,  -0.0211055
 0.000157408,  -0.0208543
 0.000157412,  -0.0208543
 0.000157416,  -0.0208543
  0.00015742,  -0.0208543
 0.000157424,  -0.0207286
 0.000157428,  -0.0207286
 0.000157432,  -0.0204774
 0.000157436,  -0.0204774
  0.00015744,   -0.020603
 0.000157444,  -0.0204774
 0.000157448,  -0.0203518
 0.000157452,  -0.0203518
 0.000157456,  -0.0202261
  0.00015746,  -0.0201005
 0.000157464,  -0.0201005
 0.000157468,  -0.0201005
 0.000157472,  -0.0199749
 0.000157476,  -0.0197236
  0.00015748,  -0.0198492
 0.000157484,  -0.0198492
 0.000157488,   -0.019598
 0.000157492,  -0.0194724
 0.000157496,  -0.0194724
   0.0001575,  -0.0193467
 0.000157504,  -0.0192211
 0.000157508,  -0.0193467
 0.000157512,  -0.0189698
 0.000157516,  -0.0188442
  0.00015752,  -0.0189698
 0.000157524,  -0.0188442
 0.000157528,  -0.0187186
 0.000157532,  -0.0184673
 0.000157536,  -0.0187186
  0.00015754,   -0.018593
 0.000157544,  -0.0183417
 0.000157548,  -0.0183417
 0.000157552,  -0.0182161
 0.000157556,  -0.0182161
  0.00015756,  -0.0182161
 0.000157564,  -0.0180905
 0.000157568,  -0.0179648
 0.000157572,  -0.0178392
 0.000157576,  -0.0178392
  0.00015758,  -0.0177136
 0.000157584,  -0.0175879
 0.000157588,  -0.0175879
 0.000157592,  -0.0175879
 0.000157596,  -0.0174623
   0.0001576,  -0.0174623
 0.000157604,  -0.0172111
 0.000157608,  -0.0170854
 0.000157612,  -0.0172111
 0.000157616,  -0.0170854
  0.00015762,  -0.0169598
 0.000157624,  -0.0168342
 0.000157628,  -0.0167085
 0.000157632,  -0.0167085
 0.000157636,  -0.0165829
  0.00015764,  -0.0164573
 0.000157644,  -0.0165829
 0.000157648,   -0.016206
 0.000157652,  -0.0160804
 0.000157656,   -0.016206
  0.00015766,  -0.0160804
 0.000157664,  -0.0159548
 0.000157668,  -0.0158291
 0.000157672,  -0.0159548
 0.000157676,  -0.0158291
  0.00015768,  -0.0157035
 0.000157684,  -0.0157035
 0.000157688,  -0.0155779
 0.000157692,  -0.0154523
 0.000157696,  -0.0154523
   0.0001577,   -0.015201
 0.000157704,   -0.015201
 0.000157708,  -0.0150754
 0.000157712,  -0.0150754
 0.000157716,  -0.0150754
  0.00015772,  -0.0149497
 0.000157724,  -0.0149497
 0.000157728,  -0.0146985
 0.000157732,  -0.0146985
 0.000157736,  -0.0148241
  0.00015774,  -0.0146985
 0.000157744,   -0.014196
 0.000157748,  -0.0144472
 0.000157752,  -0.0144472
 0.000157756,  -0.0143216
  0.00015776,   -0.014196
 0.000157764,   -0.014196
 0.000157768,   -0.014196
 0.000157772,  -0.0139447
 0.000157776,  -0.0139447
  0.00015778,  -0.0140704
 0.000157784,  -0.0139447
 0.000157788,  -0.0136935
 0.000157792,  -0.0136935
 0.000157796,  -0.0135678
   0.0001578,  -0.0134422
 0.000157804,  -0.0134422
 0.000157808,  -0.0133166
 0.000157812,   -0.013191
 0.000157816,   -0.013191
  0.00015782,   -0.013191
 0.000157824,   -0.013191
 0.000157828,  -0.0129397
 0.000157832,  -0.0129397
 0.000157836,  -0.0126884
  0.00015784,  -0.0128141
 0.000157844,  -0.0128141
 0.000157848,  -0.0125628
 0.000157852,  -0.0124372
 0.000157856,  -0.0123116
  0.00015786,  -0.0124372
 0.000157864,  -0.0124372
 0.000157868,  -0.0124372
 0.000157872,  -0.0121859
 0.000157876,  -0.0120603
  0.00015788,  -0.0121859
 0.000157884,  -0.0121859
 0.000157888,  -0.0120603
 0.000157892,   -0.011809
 0.000157896,   -0.011809
   0.0001579,  -0.0116834
 0.000157904,  -0.0116834
 0.000157908,  -0.0116834
 0.000157912,  -0.0114322
 0.000157916,  -0.0114322
  0.00015792,  -0.0113065
 0.000157924,  -0.0113065
 0.000157928,  -0.0113065
 0.000157932,  -0.0111809
 0.000157936,  -0.0110553
  0.00015794,  -0.0110553
 0.000157944,  -0.0109296
 0.000157948,  -0.0109296
 0.000157952,   -0.010804
 0.000157956,  -0.0109296
  0.00015796,   -0.010804
 0.000157964,  -0.0105528
 0.000157968,  -0.0105528
 0.000157972,  -0.0105528
 0.000157976,  -0.0104271
  0.00015798,  -0.0103015
 0.000157984,  -0.0103015
 0.000157988,  -0.0103015
 0.000157992,  -0.0101759
 0.000157996,  -0.0103015
    0.000158,  -0.0100503
 0.000158004,  -0.0101759
 0.000158008,  -0.0100503
 0.000158012, -0.00992462
 0.000158016, -0.00992462
  0.00015802, -0.00992462
 0.000158024, -0.00967337
 0.000158028, -0.00942211
 0.000158032, -0.00967337
 0.000158036, -0.00967337
  0.00015804, -0.00954774
 0.000158044, -0.00929648
 0.000158048, -0.00929648
 0.000158052, -0.00917085
 0.000158056, -0.00917085
  0.00015806, -0.00904523
 0.000158064,  -0.0089196
 0.000158068,  -0.0089196
 0.000158072, -0.00879397
 0.000158076,  -0.0089196
  0.00015808, -0.00879397
 0.000158084, -0.00879397
 0.000158088, -0.00879397
 0.000158092, -0.00854271
 0.000158096, -0.00879397
   0.0001581, -0.00866834
 0.000158104, -0.00866834
 0.000158108, -0.00841709
 0.000158112, -0.00841709
 0.000158116, -0.00866834
  0.00015812, -0.00841709
 0.000158124, -0.00829146
 0.000158128,  -0.0080402
 0.000158132,  -0.0080402
 0.000158136,  -0.0080402
  0.00015814, -0.00791457
 0.000158144, -0.00791457
 0.000158148, -0.00778894
 0.000158152, -0.00791457
 0.000158156, -0.00778894
  0.00015816, -0.00778894
 0.000158164, -0.00778894
 0.000158168, -0.00753769
 0.000158172, -0.00766332
 0.000158176, -0.00741206
  0.00015818, -0.00741206
 0.000158184, -0.00741206
 0.000158188, -0.00741206
 0.000158192, -0.00741206
 0.000158196, -0.00728643
   0.0001582, -0.00741206
 0.000158204, -0.00728643
 0.000158208, -0.00703518
 0.000158212,  -0.0071608
 0.000158216, -0.00728643
  0.00015822, -0.00690955
 0.000158224, -0.00690955
 0.000158228, -0.00690955
 0.000158232, -0.00703518
 0.000158236, -0.00678392
  0.00015824, -0.00665829
 0.000158244, -0.00703518
 0.000158248, -0.00665829
 0.000158252, -0.00665829
 0.000158256, -0.00678392
  0.00015826, -0.00690955
 0.000158264, -0.00653266
 0.000158268, -0.00640704
 0.000158272, -0.00653266
 0.000158276, -0.00665829
  0.00015828, -0.00640704
 0.000158284, -0.00628141
 0.000158288, -0.00628141
 0.000158292, -0.00628141
 0.000158296, -0.00628141
   0.0001583, -0.00615578
 0.000158304, -0.00603015
 0.000158308, -0.00603015
 0.000158312, -0.00603015
 0.000158316, -0.00603015
  0.00015832, -0.00590452
 0.000158324, -0.00590452
 0.000158328, -0.00590452
 0.000158332, -0.00590452
 0.000158336, -0.00590452
  0.00015834, -0.00590452
 0.000158344, -0.00565327
 0.000158348, -0.00577889
 0.000158352, -0.00577889
 0.000158356, -0.00577889
  0.00015836, -0.00577889
 0.000158364, -0.00552764
 0.000158368, -0.00565327
 0.000158372, -0.00577889
 0.000158376, -0.00540201
  0.00015838, -0.00552764
 0.000158384, -0.00565327
 0.000158388, -0.00552764
 0.000158392, -0.00540201
 0.000158396, -0.00527638
   0.0001584, -0.00552764
 0.000158404, -0.00552764
 0.000158408, -0.00527638
 0.000158412, -0.00515075
 0.000158416, -0.00527638
  0.00015842, -0.00540201
 0.000158424, -0.00527638
 0.000158428, -0.00515075
 0.000158432, -0.00515075
 0.000158436, -0.00527638
  0.00015844, -0.00502513
 0.000158444, -0.00502513
 0.000158448, -0.00515075
 0.000158452, -0.00502513
 0.000158456,  -0.0048995
  0.00015846, -0.00515075
 0.000158464, -0.00515075
 0.000158468,  -0.0048995
 0.000158472, -0.00477387
 0.000158476, -0.00502513
  0.00015848, -0.00502513
 0.000158484,  -0.0048995
 0.000158488, -0.00502513
 0.000158492, -0.00502513
 0.000158496,  -0.0048995
   0.0001585,  -0.0048995
 0.000158504,  -0.0048995
 0.000158508, -0.00477387
 0.000158512, -0.00439698
 0.000158516, -0.00439698
  0.00015852, -0.00464824
 0.000158524, -0.00452261
 0.000158528, -0.00452261
 0.000158532, -0.00452261
 0.000158536, -0.00452261
  0.00015854, -0.00464824
 0.000158544, -0.00439698
 0.000158548, -0.00452261
 0.000158552, -0.00452261
 0.000158556, -0.00439698
  0.00015856, -0.00439698
 0.000158564, -0.00452261
 0.000158568, -0.00452261
 0.000158572, -0.00427136
 0.000158576, -0.00427136
  0.00015858, -0.00439698
 0.000158584, -0.00464824
 0.000158588, -0.00439698
 0.000158592, -0.00427136
 0.000158596, -0.00439698
   0.0001586, -0.00427136
 0.000158604, -0.00439698
 0.000158608, -0.00427136
 0.000158612, -0.00427136
 0.000158616, -0.00427136
  0.00015862, -0.00427136
 0.000158624, -0.00439698
 0.000158628, -0.00439698
 0.000158632, -0.00427136
 0.000158636, -0.00427136
  0.00015864, -0.00439698
 0.000158644, -0.00439698
 0.000158648, -0.00414573
 0.000158652, -0.00427136
 0.000158656, -0.00439698
  0.00015866, -0.00414573
 0.000158664, -0.00414573
 0.000158668, -0.00439698
 0.000158672, -0.00427136
 0.000158676, -0.00427136
  0.00015868, -0.00439698
 0.000158684, -0.00427136
 0.000158688, -0.00414573
 0.000158692, -0.00414573
 0.000158696, -0.00427136
   0.0001587, -0.00414573
 0.000158704, -0.00414573
 0.000158708,  -0.0040201
 0.000158712,  -0.0040201
 0.000158716, -0.00427136
  0.00015872, -0.00427136
 0.000158724,  -0.0040201
 0.000158728, -0.00414573
 0.000158732, -0.00414573
 0.000158736, -0.00414573
  0.00015874, -0.00414573
 0.000158744, -0.00427136
 0.000158748, -0.00414573
 0.000158752, -0.00414573
 0.000158756, -0.00439698
  0.00015876, -0.00439698
 0.000158764, -0.00452261
 0.000158768, -0.00427136
 0.000158772, -0.00439698
 0.000158776, -0.00427136
  0.00015878, -0.00439698
 0.000158784, -0.00452261
 0.000158788, -0.00414573
 0.000158792, -0.00427136
 0.000158796, -0.00439698
   0.0001588, -0.00439698
 0.000158804, -0.00439698
 0.000158808, -0.00414573
 0.000158812, -0.00439698
 0.000158816, -0.00439698
  0.00015882, -0.00439698
 0.000158824, -0.00439698
 0.000158828, -0.00427136
 0.000158832, -0.00439698
 0.000158836, -0.00452261
  0.00015884, -0.00439698
 0.000158844, -0.00452261
 0.000158848, -0.00439698
 0.000158852, -0.00452261
 0.000158856, -0.00452261
  0.00015886, -0.00464824
 0.000158864, -0.00464824
 0.000158868, -0.00464824
 0.000158872, -0.00464824
 0.000158876, -0.00464824
  0.00015888, -0.00464824
 0.000158884, -0.00464824
 0.000158888, -0.00464824
 0.000158892, -0.00452261
 0.000158896, -0.00439698
   0.0001589, -0.00452261
 0.000158904, -0.00464824
 0.000158908, -0.00464824
 0.000158912, -0.00464824
 0.000158916, -0.00464824
  0.00015892, -0.00464824
 0.000158924, -0.00464824
 0.000158928, -0.00477387
 0.000158932, -0.00477387
 0.000158936, -0.00464824
  0.00015894, -0.00464824
 0.000158944, -0.00477387
 0.000158948, -0.00477387
 0.000158952,  -0.0048995
 0.000158956, -0.00515075
  0.00015896, -0.00502513
 0.000158964, -0.00502513
 0.000158968, -0.00502513
 0.000158972, -0.00515075
 0.000158976, -0.00502513
  0.00015898, -0.00477387
 0.000158984, -0.00515075
 0.000158988, -0.00527638
 0.000158992, -0.00515075
 0.000158996, -0.00515075
