    0.000142, -0.00741206
 0.000142004, -0.00741206
 0.000142008,  -0.0071608
 0.000142012,  -0.0071608
 0.000142016, -0.00741206
  0.00014202, -0.00728643
 0.000142024, -0.00728643
 0.000142028, -0.00728643
 0.000142032, -0.00741206
 0.000142036,  -0.0071608
  0.00014204, -0.00728643
 0.000142044, -0.00741206
 0.000142048,  -0.0071608
 0.000142052,  -0.0071608
 0.000142056, -0.00741206
  0.00014206, -0.00741206
 0.000142064, -0.00703518
 0.000142068,  -0.0071608
 0.000142072, -0.00728643
 0.000142076,  -0.0071608
  0.00014208, -0.00690955
 0.000142084,  -0.0071608
 0.000142088,  -0.0071608
 0.000142092, -0.00690955
 0.000142096,  -0.0071608
   0.0001421,  -0.0071608
 0.000142104, -0.00690955
 0.000142108, -0.00703518
 0.000142112,  -0.0071608
 0.000142116,  -0.0071608
  0.00014212, -0.00703518
 0.000142124, -0.00690955
 0.000142128, -0.00703518
 0.000142132, -0.00703518
 0.000142136, -0.00690955
  0.00014214, -0.00665829
 0.000142144, -0.00690955
 0.000142148, -0.00690955
 0.000142152, -0.00665829
 0.000142156, -0.00678392
  0.00014216, -0.00690955
 0.000142164, -0.00690955
 0.000142168, -0.00690955
 0.000142172, -0.00690955
 0.000142176, -0.00690955
  0.00014218, -0.00678392
 0.000142184, -0.00690955
 0.000142188, -0.00690955
 0.000142192, -0.00703518
 0.000142196, -0.00678392
   0.0001422, -0.00665829
 0.000142204, -0.00678392
 0.000142208, -0.00678392
 0.000142212, -0.00690955
 0.000142216, -0.00690955
  0.00014222, -0.00678392
 0.000142224, -0.00678392
 0.000142228, -0.00678392
 0.000142232, -0.00665829
 0.000142236, -0.00665829
  0.00014224, -0.00665829
 0.000142244, -0.00665829
 0.000142248, -0.00653266
 0.000142252, -0.00653266
 0.000142256, -0.00678392
  0.00014226, -0.00665829
 0.000142264, -0.00665829
 0.000142268, -0.00640704
 0.000142272, -0.00628141
 0.000142276, -0.00653266
  0.00014228, -0.00678392
 0.000142284, -0.00653266
 0.000142288, -0.00640704
 0.000142292, -0.00653266
 0.000142296, -0.00653266
   0.0001423, -0.00628141
 0.000142304, -0.00640704
 0.000142308, -0.00640704
 0.000142312, -0.00628141
 0.000142316, -0.00615578
  0.00014232, -0.00628141
 0.000142324, -0.00640704
 0.000142328, -0.00615578
 0.000142332, -0.00615578
 0.000142336, -0.00615578
  0.00014234, -0.00615578
 0.000142344, -0.00615578
 0.000142348, -0.00603015
 0.000142352, -0.00615578
 0.000142356, -0.00615578
  0.00014236, -0.00615578
 0.000142364, -0.00603015
 0.000142368, -0.00603015
 0.000142372, -0.00615578
 0.000142376, -0.00590452
  0.00014238, -0.00603015
 0.000142384, -0.00590452
 0.000142388, -0.00590452
 0.000142392, -0.00577889
 0.000142396, -0.00590452
   0.0001424, -0.00603015
 0.000142404, -0.00590452
 0.000142408, -0.00577889
 0.000142412, -0.00565327
 0.000142416, -0.00577889
  0.00014242, -0.00565327
 0.000142424, -0.00565327
 0.000142428, -0.00552764
 0.000142432, -0.00552764
 0.000142436, -0.00565327
  0.00014244, -0.00552764
 0.000142444, -0.00552764
 0.000142448, -0.00552764
 0.000142452, -0.00552764
 0.000142456, -0.00540201
  0.00014246, -0.00540201
 0.000142464, -0.00552764
 0.000142468, -0.00540201
 0.000142472, -0.00515075
 0.000142476, -0.00515075
  0.00014248, -0.00527638
 0.000142484, -0.00527638
 0.000142488, -0.00515075
 0.000142492, -0.00527638
 0.000142496, -0.00527638
   0.0001425, -0.00527638
 0.000142504, -0.00515075
 0.000142508, -0.00515075
 0.000142512, -0.00515075
 0.000142516, -0.00502513
  0.00014252, -0.00515075
 0.000142524,  -0.0048995
 0.000142528,  -0.0048995
 0.000142532,  -0.0048995
 0.000142536,  -0.0048995
  0.00014254, -0.00502513
 0.000142544, -0.00477387
 0.000142548, -0.00477387
 0.000142552, -0.00464824
 0.000142556, -0.00464824
  0.00014256, -0.00464824
 0.000142564, -0.00452261
 0.000142568, -0.00464824
 0.000142572, -0.00452261
 0.000142576, -0.00439698
  0.00014258, -0.00439698
 0.000142584, -0.00464824
 0.000142588, -0.00452261
 0.000142592, -0.00427136
 0.000142596, -0.00439698
   0.0001426, -0.00439698
 0.000142604, -0.00414573
 0.000142608, -0.00427136
 0.000142612, -0.00439698
 0.000142616, -0.00427136
  0.00014262,  -0.0040201
 0.000142624, -0.00414573
 0.000142628, -0.00414573
 0.000142632,  -0.0040201
 0.000142636, -0.00389447
  0.00014264, -0.00389447
 0.000142644, -0.00389447
 0.000142648, -0.00376884
 0.000142652, -0.00389447
 0.000142656,  -0.0040201
  0.00014266, -0.00389447
 0.000142664, -0.00376884
 0.000142668, -0.00376884
 0.000142672, -0.00376884
 0.000142676, -0.00364322
  0.00014268, -0.00364322
 0.000142684, -0.00364322
 0.000142688, -0.00364322
 0.000142692, -0.00351759
 0.000142696, -0.00351759
   0.0001427, -0.00364322
 0.000142704, -0.00339196
 0.000142708, -0.00339196
 0.000142712, -0.00326633
 0.000142716, -0.00339196
  0.00014272, -0.00326633
 0.000142724, -0.00326633
 0.000142728, -0.00339196
 0.000142732, -0.00326633
 0.000142736,  -0.0031407
  0.00014274,  -0.0031407
 0.000142744, -0.00326633
 0.000142748, -0.00301508
 0.000142752,  -0.0031407
 0.000142756,  -0.0031407
  0.00014276, -0.00301508
 0.000142764, -0.00288945
 0.000142768, -0.00301508
 0.000142772, -0.00301508
 0.000142776,  -0.0031407
  0.00014278, -0.00288945
 0.000142784, -0.00276382
 0.000142788, -0.00276382
 0.000142792,  -0.0031407
 0.000142796, -0.00288945
   0.0001428, -0.00263819
 0.000142804, -0.00276382
 0.000142808, -0.00263819
 0.000142812, -0.00263819
 0.000142816, -0.00263819
  0.00014282, -0.00288945
 0.000142824, -0.00251256
 0.000142828, -0.00251256
 0.000142832, -0.00276382
 0.000142836, -0.00276382
  0.00014284, -0.00238693
 0.000142844, -0.00226131
 0.000142848, -0.00251256
 0.000142852, -0.00251256
 0.000142856, -0.00251256
  0.00014286, -0.00238693
 0.000142864, -0.00226131
 0.000142868, -0.00238693
 0.000142872, -0.00226131
 0.000142876, -0.00226131
  0.00014288, -0.00226131
 0.000142884, -0.00226131
 0.000142888, -0.00226131
 0.000142892, -0.00226131
 0.000142896, -0.00238693
   0.0001429, -0.00213568
 0.000142904, -0.00201005
 0.000142908, -0.00201005
 0.000142912, -0.00213568
 0.000142916, -0.00201005
  0.00014292, -0.00201005
 0.000142924, -0.00201005
 0.000142928, -0.00201005
 0.000142932, -0.00201005
 0.000142936, -0.00188442
  0.00014294, -0.00201005
 0.000142944, -0.00188442
 0.000142948, -0.00175879
 0.000142952, -0.00188442
 0.000142956, -0.00188442
  0.00014296, -0.00188442
 0.000142964, -0.00201005
 0.000142968, -0.00201005
 0.000142972, -0.00188442
 0.000142976, -0.00175879
  0.00014298, -0.00188442
 0.000142984, -0.00175879
 0.000142988, -0.00175879
 0.000142992, -0.00188442
 0.000142996, -0.00175879
    0.000143, -0.00175879
 0.000143004, -0.00175879
 0.000143008, -0.00175879
 0.000143012, -0.00150754
 0.000143016, -0.00150754
  0.00014302, -0.00163317
 0.000143024, -0.00163317
 0.000143028, -0.00163317
 0.000143032, -0.00150754
 0.000143036, -0.00150754
  0.00014304, -0.00150754
 0.000143044, -0.00163317
 0.000143048, -0.00150754
 0.000143052, -0.00150754
 0.000143056, -0.00163317
  0.00014306, -0.00163317
 0.000143064, -0.00163317
 0.000143068, -0.00163317
 0.000143072, -0.00175879
 0.000143076, -0.00150754
  0.00014308, -0.00163317
 0.000143084, -0.00175879
 0.000143088, -0.00175879
 0.000143092, -0.00150754
 0.000143096, -0.00150754
   0.0001431, -0.00175879
 0.000143104, -0.00150754
 0.000143108, -0.00175879
 0.000143112, -0.00175879
 0.000143116, -0.00163317
  0.00014312, -0.00188442
 0.000143124, -0.00175879
 0.000143128, -0.00175879
 0.000143132, -0.00188442
 0.000143136, -0.00188442
  0.00014314, -0.00175879
 0.000143144, -0.00175879
 0.000143148, -0.00175879
 0.000143152, -0.00188442
 0.000143156, -0.00163317
  0.00014316, -0.00175879
 0.000143164, -0.00201005
 0.000143168, -0.00201005
 0.000143172, -0.00163317
 0.000143176, -0.00201005
  0.00014318, -0.00213568
 0.000143184, -0.00188442
 0.000143188, -0.00188442
 0.000143192, -0.00238693
 0.000143196, -0.00226131
   0.0001432, -0.00175879
 0.000143204, -0.00226131
 0.000143208, -0.00238693
 0.000143212, -0.00201005
 0.000143216, -0.00213568
  0.00014322, -0.00251256
 0.000143224, -0.00226131
 0.000143228, -0.00226131
 0.000143232, -0.00238693
 0.000143236, -0.00226131
  0.00014324, -0.00226131
 0.000143244, -0.00238693
 0.000143248, -0.00238693
 0.000143252, -0.00238693
 0.000143256, -0.00251256
  0.00014326, -0.00263819
 0.000143264, -0.00263819
 0.000143268, -0.00276382
 0.000143272, -0.00288945
 0.000143276, -0.00276382
  0.00014328, -0.00276382
 0.000143284, -0.00288945
 0.000143288, -0.00301508
 0.000143292, -0.00301508
 0.000143296,  -0.0031407
   0.0001433,  -0.0031407
 0.000143304,  -0.0031407
 0.000143308,  -0.0031407
 0.000143312, -0.00326633
 0.000143316, -0.00339196
  0.00014332, -0.00339196
 0.000143324, -0.00339196
 0.000143328, -0.00326633
 0.000143332, -0.00364322
 0.000143336, -0.00364322
  0.00014334, -0.00351759
 0.000143344, -0.00376884
 0.000143348, -0.00389447
 0.000143352, -0.00389447
 0.000143356, -0.00376884
  0.00014336,  -0.0040201
 0.000143364, -0.00427136
 0.000143368, -0.00389447
 0.000143372,  -0.0040201
 0.000143376, -0.00439698
  0.00014338, -0.00439698
 0.000143384, -0.00439698
 0.000143388, -0.00464824
 0.000143392, -0.00477387
 0.000143396, -0.00477387
   0.0001434, -0.00477387
 0.000143404,  -0.0048995
 0.000143408, -0.00515075
 0.000143412, -0.00502513
 0.000143416, -0.00502513
  0.00014342, -0.00527638
 0.000143424, -0.00527638
 0.000143428, -0.00540201
 0.000143432, -0.00540201
 0.000143436, -0.00552764
  0.00014344, -0.00552764
 0.000143444, -0.00577889
 0.000143448, -0.00590452
 0.000143452, -0.00603015
 0.000143456, -0.00590452
  0.00014346, -0.00615578
 0.000143464, -0.00628141
 0.000143468, -0.00628141
 0.000143472, -0.00653266
 0.000143476, -0.00665829
  0.00014348, -0.00665829
 0.000143484, -0.00665829
 0.000143488, -0.00690955
 0.000143492, -0.00703518
 0.000143496, -0.00690955
   0.0001435,  -0.0071608
 0.000143504, -0.00753769
 0.000143508, -0.00728643
 0.000143512, -0.00753769
 0.000143516, -0.00778894
  0.00014352, -0.00791457
 0.000143524, -0.00791457
 0.000143528, -0.00791457
 0.000143532, -0.00829146
 0.000143536, -0.00829146
  0.00014354, -0.00829146
 0.000143544, -0.00841709
 0.000143548, -0.00866834
 0.000143552, -0.00879397
 0.000143556,  -0.0089196
  0.00014356, -0.00917085
 0.000143564, -0.00929648
 0.000143568, -0.00942211
 0.000143572, -0.00942211
 0.000143576,   -0.009799
  0.00014358, -0.00992462
 0.000143584, -0.00992462
 0.000143588,  -0.0101759
 0.000143592,  -0.0103015
 0.000143596,  -0.0105528
   0.0001436,  -0.0104271
 0.000143604,  -0.0105528
 0.000143608,  -0.0109296
 0.000143612,  -0.0109296
 0.000143616,  -0.0109296
  0.00014362,  -0.0111809
 0.000143624,  -0.0115578
 0.000143628,  -0.0115578
 0.000143632,  -0.0115578
 0.000143636,  -0.0119347
  0.00014364,  -0.0120603
 0.000143644,  -0.0120603
 0.000143648,  -0.0124372
 0.000143652,  -0.0125628
 0.000143656,  -0.0124372
  0.00014366,  -0.0128141
 0.000143664,  -0.0133166
 0.000143668,   -0.013191
 0.000143672,   -0.013191
 0.000143676,  -0.0135678
  0.00014368,  -0.0138191
 0.000143684,  -0.0138191
 0.000143688,  -0.0140704
 0.000143692,  -0.0143216
 0.000143696,  -0.0145729
   0.0001437,  -0.0145729
 0.000143704,  -0.0148241
 0.000143708,  -0.0150754
 0.000143712,  -0.0153266
 0.000143716,  -0.0153266
  0.00014372,  -0.0154523
 0.000143724,  -0.0158291
 0.000143728,   -0.016206
 0.000143732,  -0.0160804
 0.000143736,   -0.016206
  0.00014374,  -0.0164573
 0.000143744,  -0.0165829
 0.000143748,  -0.0168342
 0.000143752,  -0.0169598
 0.000143756,  -0.0174623
  0.00014376,  -0.0174623
 0.000143764,  -0.0174623
 0.000143768,  -0.0178392
 0.000143772,  -0.0180905
 0.000143776,  -0.0180905
  0.00014378,  -0.0182161
 0.000143784,   -0.018593
 0.000143788,  -0.0187186
 0.000143792,  -0.0187186
 0.000143796,  -0.0189698
   0.0001438,  -0.0192211
 0.000143804,  -0.0194724
 0.000143808,  -0.0197236
 0.000143812,  -0.0198492
 0.000143816,  -0.0199749
  0.00014382,  -0.0203518
 0.000143824,  -0.0207286
 0.000143828,  -0.0207286
 0.000143832,  -0.0208543
 0.000143836,  -0.0212312
  0.00014384,   -0.021608
 0.000143844,   -0.021608
 0.000143848,  -0.0218593
 0.000143852,  -0.0223618
 0.000143856,  -0.0222362
  0.00014386,  -0.0224874
 0.000143864,  -0.0228643
 0.000143868,  -0.0229899
 0.000143872,  -0.0232412
 0.000143876,  -0.0233668
  0.00014388,  -0.0236181
 0.000143884,  -0.0238693
 0.000143888,  -0.0241206
 0.000143892,  -0.0243719
 0.000143896,  -0.0244975
   0.0001439,  -0.0246231
 0.000143904,      -0.025
 0.000143908,  -0.0252513
 0.000143912,  -0.0252513
 0.000143916,  -0.0256281
  0.00014392,  -0.0257538
 0.000143924,   -0.026005
 0.000143928,  -0.0261307
 0.000143932,  -0.0263819
 0.000143936,  -0.0266332
  0.00014394,  -0.0266332
 0.000143944,  -0.0268844
 0.000143948,  -0.0272613
 0.000143952,  -0.0273869
 0.000143956,  -0.0276382
  0.00014396,  -0.0277638
 0.000143964,  -0.0281407
 0.000143968,  -0.0285176
 0.000143972,  -0.0286432
 0.000143976,  -0.0287688
  0.00014398,  -0.0290201
 0.000143984,   -0.029397
 0.000143988,  -0.0296482
 0.000143992,  -0.0297739
 0.000143996,  -0.0301508
    0.000144,  -0.0302764
 0.000144004,  -0.0302764
 0.000144008,  -0.0306533
 0.000144012,  -0.0307789
 0.000144016,  -0.0309045
  0.00014402,   -0.031407
 0.000144024,  -0.0316583
 0.000144028,  -0.0317839
 0.000144032,  -0.0320352
 0.000144036,  -0.0322864
  0.00014404,  -0.0324121
 0.000144044,  -0.0325377
 0.000144048,  -0.0327889
 0.000144052,  -0.0330402
 0.000144056,  -0.0332915
  0.00014406,  -0.0336683
 0.000144064,  -0.0339196
 0.000144068,  -0.0339196
 0.000144072,  -0.0341709
 0.000144076,  -0.0344221
  0.00014408,   -0.034799
 0.000144084,   -0.034799
 0.000144088,  -0.0350503
 0.000144092,  -0.0354271
 0.000144096,  -0.0355528
   0.0001441,  -0.0356784
 0.000144104,  -0.0359296
 0.000144108,  -0.0360553
 0.000144112,  -0.0363065
 0.000144116,  -0.0363065
  0.00014412,  -0.0365578
 0.000144124,   -0.036809
 0.000144128,  -0.0369347
 0.000144132,  -0.0370603
 0.000144136,  -0.0373116
  0.00014414,  -0.0374372
 0.000144144,  -0.0376884
 0.000144148,  -0.0379397
 0.000144152,  -0.0380653
 0.000144156,  -0.0383166
  0.00014416,  -0.0388191
 0.000144164,  -0.0390704
 0.000144168,  -0.0389447
 0.000144172,   -0.039196
 0.000144176,  -0.0396985
  0.00014418,  -0.0395729
 0.000144184,  -0.0395729
 0.000144188,   -0.040201
 0.000144192,  -0.0404523
 0.000144196,  -0.0400754
   0.0001442,  -0.0404523
 0.000144204,  -0.0409548
 0.000144208,  -0.0408291
 0.000144212,  -0.0408291
 0.000144216,   -0.041206
  0.00014422,  -0.0414573
 0.000144224,  -0.0413317
 0.000144228,  -0.0414573
 0.000144232,  -0.0418342
 0.000144236,  -0.0418342
  0.00014424,  -0.0419598
 0.000144244,  -0.0422111
 0.000144248,  -0.0422111
 0.000144252,  -0.0424623
 0.000144256,  -0.0425879
  0.00014426,  -0.0427136
 0.000144264,  -0.0428392
 0.000144268,  -0.0429648
 0.000144272,  -0.0432161
 0.000144276,  -0.0433417
  0.00014428,  -0.0434673
 0.000144284,   -0.043593
 0.000144288,  -0.0437186
 0.000144292,  -0.0439698
 0.000144296,  -0.0440955
   0.0001443,  -0.0442211
 0.000144304,  -0.0443467
 0.000144308,  -0.0443467
 0.000144312,  -0.0444724
 0.000144316,  -0.0447236
  0.00014432,  -0.0447236
 0.000144324,  -0.0448492
 0.000144328,  -0.0449749
 0.000144332,  -0.0451005
 0.000144336,  -0.0451005
  0.00014434,  -0.0451005
 0.000144344,  -0.0453518
 0.000144348,  -0.0453518
 0.000144352,  -0.0454774
 0.000144356,  -0.0454774
  0.00014436,   -0.045603
 0.000144364,  -0.0457286
 0.000144368,  -0.0457286
 0.000144372,  -0.0457286
 0.000144376,  -0.0457286
  0.00014438,  -0.0458543
 0.000144384,  -0.0457286
 0.000144388,  -0.0458543
 0.000144392,  -0.0461055
 0.000144396,  -0.0459799
   0.0001444,  -0.0459799
 0.000144404,  -0.0459799
 0.000144408,  -0.0459799
 0.000144412,  -0.0461055
 0.000144416,  -0.0461055
  0.00014442,  -0.0462312
 0.000144424,  -0.0459799
 0.000144428,  -0.0459799
 0.000144432,  -0.0462312
 0.000144436,  -0.0459799
  0.00014444,  -0.0459799
 0.000144444,  -0.0461055
 0.000144448,  -0.0461055
 0.000144452,  -0.0462312
 0.000144456,  -0.0462312
  0.00014446,  -0.0461055
 0.000144464,  -0.0461055
 0.000144468,  -0.0462312
 0.000144472,  -0.0462312
 0.000144476,  -0.0462312
  0.00014448,  -0.0459799
 0.000144484,  -0.0459799
 0.000144488,  -0.0459799
 0.000144492,  -0.0461055
 0.000144496,  -0.0459799
   0.0001445,   -0.045603
 0.000144504,  -0.0457286
 0.000144508,  -0.0457286
 0.000144512,   -0.045603
 0.000144516,  -0.0454774
  0.00014452,  -0.0453518
 0.000144524,  -0.0453518
 0.000144528,  -0.0453518
 0.000144532,  -0.0453518
 0.000144536,  -0.0451005
  0.00014454,  -0.0449749
 0.000144544,  -0.0449749
 0.000144548,  -0.0448492
 0.000144552,  -0.0448492
 0.000144556,  -0.0448492
  0.00014456,  -0.0448492
 0.000144564,  -0.0442211
 0.000144568,  -0.0442211
 0.000144572,  -0.0443467
 0.000144576,  -0.0440955
  0.00014458,  -0.0438442
 0.000144584,  -0.0437186
 0.000144588,  -0.0438442
 0.000144592,  -0.0433417
 0.000144596,  -0.0433417
   0.0001446,  -0.0434673
 0.000144604,  -0.0430905
 0.000144608,  -0.0427136
 0.000144612,  -0.0423367
 0.000144616,  -0.0424623
  0.00014462,  -0.0423367
 0.000144624,  -0.0420854
 0.000144628,  -0.0417085
 0.000144632,  -0.0415829
 0.000144636,   -0.041206
  0.00014464,  -0.0410804
 0.000144644,  -0.0409548
 0.000144648,  -0.0408291
 0.000144652,  -0.0407035
 0.000144656,  -0.0404523
  0.00014466,   -0.040201
 0.000144664,  -0.0398241
 0.000144668,  -0.0395729
 0.000144672,  -0.0394472
 0.000144676,  -0.0390704
  0.00014468,  -0.0388191
 0.000144684,  -0.0386935
 0.000144688,  -0.0384422
 0.000144692,   -0.038191
 0.000144696,  -0.0378141
   0.0001447,  -0.0376884
 0.000144704,  -0.0374372
 0.000144708,  -0.0369347
 0.000144712,  -0.0364322
 0.000144716,  -0.0364322
  0.00014472,  -0.0363065
 0.000144724,  -0.0359296
 0.000144728,  -0.0355528
 0.000144732,  -0.0353015
 0.000144736,  -0.0349246
  0.00014474,  -0.0346734
 0.000144744,  -0.0344221
 0.000144748,  -0.0341709
 0.000144752,  -0.0336683
 0.000144756,  -0.0332915
  0.00014476,  -0.0331658
 0.000144764,  -0.0329146
 0.000144768,  -0.0324121
 0.000144772,  -0.0317839
 0.000144776,  -0.0317839
  0.00014478,  -0.0315327
 0.000144784,  -0.0309045
 0.000144788,  -0.0305276
 0.000144792,  -0.0302764
 0.000144796,  -0.0300251
   0.0001448,   -0.029397
 0.000144804,  -0.0288945
 0.000144808,  -0.0286432
 0.000144812,   -0.028392
 0.000144816,  -0.0277638
  0.00014482,  -0.0273869
 0.000144824,  -0.0271357
 0.000144828,  -0.0267588
 0.000144832,  -0.0262563
 0.000144836,  -0.0258794
  0.00014484,  -0.0256281
 0.000144844,  -0.0251256
 0.000144848,  -0.0244975
 0.000144852,  -0.0243719
 0.000144856,  -0.0241206
  0.00014486,  -0.0236181
 0.000144864,  -0.0231156
 0.000144868,  -0.0226131
 0.000144872,  -0.0221106
 0.000144876,   -0.021608
  0.00014488,  -0.0212312
 0.000144884,  -0.0208543
 0.000144888,  -0.0204774
 0.000144892,  -0.0197236
 0.000144896,  -0.0192211
   0.0001449,  -0.0188442
 0.000144904,   -0.018593
 0.000144908,  -0.0179648
 0.000144912,  -0.0172111
 0.000144916,  -0.0169598
  0.00014492,  -0.0165829
 0.000144924,  -0.0159548
 0.000144928,  -0.0157035
 0.000144932,  -0.0150754
 0.000144936,  -0.0145729
  0.00014494,  -0.0140704
 0.000144944,  -0.0138191
 0.000144948,   -0.013191
 0.000144952,  -0.0126884
 0.000144956,  -0.0123116
  0.00014496,  -0.0119347
 0.000144964,  -0.0111809
 0.000144968,  -0.0105528
 0.000144972,  -0.0101759
 0.000144976, -0.00967337
  0.00014498, -0.00904523
 0.000144984, -0.00854271
 0.000144988, -0.00829146
 0.000144992, -0.00766332
 0.000144996, -0.00678392
    0.000145, -0.00690955
 0.000145004, -0.00615578
 0.000145008, -0.00515075
 0.000145012, -0.00502513
 0.000145016, -0.00477387
  0.00014502, -0.00389447
 0.000145024, -0.00326633
 0.000145028, -0.00288945
 0.000145032, -0.00238693
 0.000145036, -0.00138191
  0.00014504, -0.00113065
 0.000145044,-0.000753769
 0.000145048,           0
 0.000145052, 0.000502513
 0.000145056, 0.000879397
  0.00014506,  0.00150754
 0.000145064,  0.00201005
 0.000145068,  0.00263819
 0.000145072,   0.0031407
 0.000145076,  0.00364322
  0.00014508,  0.00439698
 0.000145084,   0.0048995
 0.000145088,  0.00540201
 0.000145092,  0.00590452
 0.000145096,  0.00640704
   0.0001451,   0.0071608
 0.000145104,  0.00766332
 0.000145108,  0.00816583
 0.000145112,  0.00879397
 0.000145116,  0.00942211
  0.00014512,  0.00967337
 0.000145124,   0.0104271
 0.000145128,   0.0110553
 0.000145132,   0.0115578
 0.000145136,   0.0121859
  0.00014514,   0.0126884
 0.000145144,   0.0133166
 0.000145148,   0.0138191
 0.000145152,   0.0144472
 0.000145156,   0.0150754
  0.00014516,   0.0155779
 0.000145164,    0.016206
 0.000145168,   0.0165829
 0.000145172,   0.0173367
 0.000145176,   0.0179648
  0.00014518,   0.0183417
 0.000145184,   0.0188442
 0.000145188,    0.019598
 0.000145192,   0.0199749
 0.000145196,   0.0204774
   0.0001452,   0.0212312
 0.000145204,   0.0219849
 0.000145208,   0.0223618
 0.000145212,   0.0227387
 0.000145216,   0.0234925
  0.00014522,    0.023995
 0.000145224,   0.0244975
 0.000145228,   0.0251256
 0.000145232,   0.0256281
 0.000145236,   0.0262563
  0.00014524,   0.0268844
 0.000145244,   0.0273869
 0.000145248,   0.0277638
 0.000145252,    0.028392
 0.000145256,   0.0288945
  0.00014526,   0.0292714
 0.000145264,   0.0298995
 0.000145268,   0.0306533
 0.000145272,   0.0310302
 0.000145276,   0.0316583
  0.00014528,   0.0321608
 0.000145284,   0.0326633
 0.000145288,   0.0329146
 0.000145292,    0.033794
 0.000145296,   0.0342965
   0.0001453,   0.0346734
 0.000145304,   0.0351759
 0.000145308,   0.0359296
 0.000145312,   0.0365578
 0.000145316,   0.0370603
  0.00014532,   0.0374372
 0.000145324,   0.0378141
 0.000145328,   0.0383166
 0.000145332,   0.0389447
 0.000145336,   0.0396985
  0.00014534,   0.0398241
 0.000145344,   0.0404523
 0.000145348,   0.0410804
 0.000145352,   0.0414573
 0.000145356,   0.0419598
  0.00014536,   0.0423367
 0.000145364,   0.0427136
 0.000145368,   0.0433417
 0.000145372,   0.0437186
 0.000145376,   0.0442211
  0.00014538,    0.044598
 0.000145384,   0.0448492
 0.000145388,    0.045603
 0.000145392,   0.0459799
 0.000145396,   0.0464824
   0.0001454,   0.0467337
 0.000145404,   0.0471106
 0.000145408,   0.0479899
 0.000145412,   0.0481156
 0.000145416,   0.0484925
  0.00014542,   0.0491206
 0.000145424,   0.0494975
 0.000145428,   0.0497487
 0.000145432,   0.0502513
 0.000145436,   0.0508794
  0.00014544,   0.0511307
 0.000145444,   0.0513819
 0.000145448,     0.05201
 0.000145452,   0.0525126
 0.000145456,   0.0527638
  0.00014546,    0.053392
 0.000145464,   0.0536432
 0.000145468,   0.0540201
 0.000145472,   0.0545226
 0.000145476,   0.0547739
  0.00014548,   0.0551508
 0.000145484,   0.0555276
 0.000145488,   0.0557789
 0.000145492,   0.0561558
 0.000145496,    0.056407
   0.0001455,   0.0567839
 0.000145504,   0.0571608
 0.000145508,   0.0575377
 0.000145512,   0.0577889
 0.000145516,   0.0579146
  0.00014552,   0.0582915
 0.000145524,    0.058794
 0.000145528,   0.0590452
 0.000145532,   0.0591709
 0.000145536,   0.0596734
  0.00014554,   0.0599246
 0.000145544,   0.0600502
 0.000145548,   0.0604271
 0.000145552,   0.0606784
 0.000145556,   0.0610553
  0.00014556,   0.0609296
 0.000145564,   0.0613065
 0.000145568,   0.0616834
 0.000145572,    0.061809
 0.000145576,   0.0621859
  0.00014558,   0.0623116
 0.000145584,   0.0625628
 0.000145588,   0.0628141
 0.000145592,   0.0630653
 0.000145596,    0.063191
   0.0001456,   0.0634422
 0.000145604,   0.0635678
 0.000145608,   0.0638191
 0.000145612,   0.0639447
 0.000145616,   0.0640704
  0.00014562,   0.0643216
 0.000145624,   0.0643216
 0.000145628,   0.0645729
 0.000145632,   0.0648241
 0.000145636,   0.0649498
  0.00014564,   0.0650754
 0.000145644,   0.0650754
 0.000145648,   0.0653266
 0.000145652,   0.0655779
 0.000145656,   0.0654523
  0.00014566,   0.0655779
 0.000145664,   0.0657035
 0.000145668,   0.0659548
 0.000145672,   0.0659548
 0.000145676,   0.0659548
  0.00014568,   0.0660804
 0.000145684,   0.0660804
 0.000145688,   0.0660804
 0.000145692,   0.0664573
 0.000145696,   0.0664573
   0.0001457,    0.066206
 0.000145704,   0.0664573
 0.000145708,   0.0665829
 0.000145712,   0.0665829
 0.000145716,   0.0665829
  0.00014572,   0.0665829
 0.000145724,   0.0665829
 0.000145728,   0.0665829
 0.000145732,   0.0667085
 0.000145736,   0.0667085
  0.00014574,   0.0664573
 0.000145744,   0.0665829
 0.000145748,   0.0667085
 0.000145752,   0.0664573
 0.000145756,   0.0663317
  0.00014576,    0.066206
 0.000145764,   0.0663317
 0.000145768,   0.0663317
 0.000145772,   0.0660804
 0.000145776,   0.0660804
  0.00014578,   0.0660804
 0.000145784,   0.0659548
 0.000145788,   0.0658291
 0.000145792,   0.0655779
 0.000145796,   0.0654523
   0.0001458,   0.0654523
 0.000145804,   0.0653266
 0.000145808,    0.065201
 0.000145812,   0.0649498
 0.000145816,   0.0646985
  0.00014582,   0.0648241
 0.000145824,   0.0645729
 0.000145828,   0.0643216
 0.000145832,    0.064196
 0.000145836,   0.0640704
  0.00014584,   0.0639447
 0.000145844,   0.0638191
 0.000145848,   0.0635678
 0.000145852,   0.0634422
 0.000145856,   0.0630653
  0.00014586,   0.0628141
 0.000145864,   0.0626884
 0.000145868,   0.0625628
 0.000145872,   0.0624372
 0.000145876,   0.0619347
  0.00014588,   0.0616834
 0.000145884,    0.061809
 0.000145888,   0.0611809
 0.000145892,   0.0609296
 0.000145896,    0.060804
   0.0001459,   0.0605528
 0.000145904,   0.0603015
 0.000145908,   0.0599246
 0.000145912,   0.0596734
 0.000145916,   0.0591709
  0.00014592,   0.0589196
 0.000145924,   0.0590452
 0.000145928,   0.0585427
 0.000145932,   0.0580402
 0.000145936,   0.0579146
  0.00014594,   0.0576633
 0.000145944,   0.0571608
 0.000145948,   0.0570352
 0.000145952,   0.0565327
 0.000145956,   0.0562814
  0.00014596,   0.0556533
 0.000145964,   0.0555276
 0.000145968,    0.055402
 0.000145972,   0.0547739
 0.000145976,   0.0542714
  0.00014598,   0.0538945
 0.000145984,   0.0537688
 0.000145988,    0.053392
 0.000145992,   0.0527638
 0.000145996,   0.0523869
    0.000146,   0.0523869
 0.000146004,   0.0516332
 0.000146008,   0.0511307
 0.000146012,   0.0508794
 0.000146016,   0.0503769
  0.00014602,        0.05
 0.000146024,   0.0494975
 0.000146028,    0.048995
 0.000146032,   0.0486181
 0.000146036,   0.0482412
  0.00014604,   0.0478643
 0.000146044,   0.0472362
 0.000146048,   0.0468593
 0.000146052,    0.046608
 0.000146056,   0.0458543
  0.00014606,   0.0452261
 0.000146064,   0.0451005
 0.000146068,   0.0447236
 0.000146072,   0.0439698
 0.000146076,   0.0434673
  0.00014608,   0.0432161
 0.000146084,   0.0425879
 0.000146088,   0.0418342
 0.000146092,   0.0415829
 0.000146096,    0.041206
   0.0001461,   0.0403266
 0.000146104,   0.0400754
 0.000146108,   0.0395729
 0.000146112,   0.0389447
 0.000146116,   0.0386935
  0.00014612,    0.038191
 0.000146124,   0.0374372
 0.000146128,    0.036809
 0.000146132,   0.0364322
 0.000146136,   0.0360553
  0.00014614,   0.0353015
 0.000146144,   0.0349246
 0.000146148,   0.0342965
 0.000146152,   0.0336683
 0.000146156,   0.0331658
  0.00014616,   0.0326633
 0.000146164,   0.0320352
 0.000146168,    0.031407
 0.000146172,   0.0307789
 0.000146176,   0.0302764
  0.00014618,   0.0297739
 0.000146184,   0.0292714
 0.000146188,   0.0285176
 0.000146192,   0.0280151
 0.000146196,   0.0275126
   0.0001462,   0.0268844
 0.000146204,   0.0261307
 0.000146208,   0.0258794
 0.000146212,   0.0252513
 0.000146216,   0.0242462
  0.00014622,   0.0237437
 0.000146224,   0.0233668
 0.000146228,   0.0227387
 0.000146232,   0.0219849
 0.000146236,   0.0214824
  0.00014624,   0.0208543
 0.000146244,   0.0201005
 0.000146248,    0.019598
 0.000146252,   0.0190955
 0.000146256,   0.0183417
  0.00014626,   0.0175879
 0.000146264,   0.0172111
 0.000146268,   0.0165829
 0.000146272,   0.0159548
 0.000146276,   0.0153266
  0.00014628,   0.0145729
 0.000146284,   0.0143216
 0.000146288,   0.0133166
 0.000146292,   0.0125628
 0.000146296,   0.0123116
   0.0001463,    0.011809
 0.000146304,   0.0109296
 0.000146308,   0.0104271
 0.000146312,  0.00992462
 0.000146316,  0.00929648
  0.00014632,  0.00841709
 0.000146324,   0.0080402
 0.000146328,  0.00753769
 0.000146332,  0.00665829
 0.000146336,  0.00615578
  0.00014634,  0.00565327
 0.000146344,  0.00477387
 0.000146348,  0.00414573
 0.000146352,  0.00351759
 0.000146356,  0.00301508
  0.00014636,  0.00226131
 0.000146364,  0.00150754
 0.000146368,  0.00125628
 0.000146372, 0.000628141
 0.000146376,-0.000125628
  0.00014638,-0.000753769
 0.000146384, -0.00163317
 0.000146388, -0.00188442
 0.000146392, -0.00251256
 0.000146396, -0.00339196
   0.0001464,  -0.0040201
 0.000146404, -0.00452261
 0.000146408,  -0.0048995
 0.000146412, -0.00577889
 0.000146416, -0.00640704
  0.00014642, -0.00690955
 0.000146424, -0.00766332
 0.000146428, -0.00829146
 0.000146432, -0.00866834
 0.000146436, -0.00942211
  0.00014644, -0.00992462
 0.000146444,  -0.0104271
 0.000146448,  -0.0113065
 0.000146452,   -0.011809
 0.000146456,  -0.0125628
  0.00014646,   -0.013191
 0.000146464,  -0.0136935
 0.000146468,  -0.0143216
 0.000146472,  -0.0150754
 0.000146476,  -0.0157035
  0.00014648,   -0.016206
 0.000146484,  -0.0165829
 0.000146488,  -0.0174623
 0.000146492,  -0.0179648
 0.000146496,  -0.0184673
   0.0001465,  -0.0192211
 0.000146504,  -0.0197236
 0.000146508,  -0.0201005
 0.000146512,  -0.0208543
 0.000146516,  -0.0214824
  0.00014652,  -0.0219849
 0.000146524,  -0.0227387
 0.000146528,  -0.0231156
 0.000146532,  -0.0237437
 0.000146536,  -0.0241206
  0.00014654,  -0.0248744
 0.000146544,  -0.0255025
 0.000146548,  -0.0256281
 0.000146552,  -0.0265075
 0.000146556,  -0.0271357
  0.00014656,  -0.0275126
 0.000146564,  -0.0281407
 0.000146568,  -0.0287688
 0.000146572,  -0.0291457
 0.000146576,  -0.0296482
  0.00014658,  -0.0302764
 0.000146584,  -0.0310302
 0.000146588,  -0.0315327
 0.000146592,  -0.0319095
 0.000146596,  -0.0325377
   0.0001466,  -0.0331658
 0.000146604,   -0.033794
 0.000146608,  -0.0342965
 0.000146612,  -0.0345477
 0.000146616,  -0.0353015
  0.00014662,  -0.0359296
 0.000146624,  -0.0363065
 0.000146628,   -0.036809
 0.000146632,  -0.0373116
 0.000146636,  -0.0379397
  0.00014664,   -0.038191
 0.000146644,  -0.0388191
 0.000146648,  -0.0394472
 0.000146652,  -0.0396985
 0.000146656,   -0.040201
  0.00014666,  -0.0409548
 0.000146664,   -0.041206
 0.000146668,  -0.0415829
 0.000146672,  -0.0422111
 0.000146676,  -0.0427136
  0.00014668,  -0.0430905
 0.000146684,   -0.043593
 0.000146688,  -0.0442211
 0.000146692,  -0.0444724
 0.000146696,  -0.0447236
   0.0001467,  -0.0453518
 0.000146704,  -0.0459799
 0.000146708,  -0.0459799
 0.000146712,   -0.046608
 0.000146716,  -0.0471106
  0.00014672,  -0.0473618
 0.000146724,  -0.0477387
 0.000146728,  -0.0483668
 0.000146732,  -0.0487437
 0.000146736,  -0.0488693
  0.00014674,  -0.0492462
 0.000146744,  -0.0497487
 0.000146748,  -0.0502513
 0.000146752,  -0.0506281
 0.000146756,  -0.0511307
  0.00014676,  -0.0513819
 0.000146764,  -0.0517588
 0.000146768,  -0.0522613
 0.000146772,  -0.0523869
 0.000146776,  -0.0530151
  0.00014678,  -0.0530151
 0.000146784,  -0.0535176
 0.000146788,  -0.0540201
 0.000146792,  -0.0541457
 0.000146796,  -0.0545226
   0.0001468,  -0.0548995
 0.000146804,   -0.055402
 0.000146808,  -0.0555276
 0.000146812,  -0.0556533
 0.000146816,  -0.0562814
  0.00014682,  -0.0566583
 0.000146824,  -0.0565327
 0.000146828,  -0.0571608
 0.000146832,  -0.0575377
 0.000146836,  -0.0575377
  0.00014684,  -0.0580402
 0.000146844,  -0.0584171
 0.000146848,  -0.0586683
 0.000146852,   -0.058794
 0.000146856,  -0.0591709
  0.00014686,  -0.0595477
 0.000146864,  -0.0594221
 0.000146868,   -0.059799
 0.000146872,  -0.0601759
 0.000146876,  -0.0603015
  0.00014688,  -0.0605528
 0.000146884,   -0.060804
 0.000146888,  -0.0610553
 0.000146892,  -0.0611809
 0.000146896,  -0.0613065
   0.0001469,  -0.0616834
 0.000146904,  -0.0620603
 0.000146908,  -0.0620603
 0.000146912,  -0.0621859
 0.000146916,  -0.0625628
  0.00014692,  -0.0626884
 0.000146924,  -0.0629397
 0.000146928,  -0.0629397
 0.000146932,   -0.063191
 0.000146936,  -0.0633166
  0.00014694,  -0.0633166
 0.000146944,  -0.0638191
 0.000146948,  -0.0636935
 0.000146952,  -0.0636935
 0.000146956,   -0.064196
  0.00014696,  -0.0643216
 0.000146964,  -0.0644472
 0.000146968,  -0.0644472
 0.000146972,  -0.0646985
 0.000146976,  -0.0648241
  0.00014698,  -0.0648241
 0.000146984,  -0.0649498
 0.000146988,   -0.065201
 0.000146992,   -0.065201
 0.000146996,  -0.0653266
    0.000147,  -0.0653266
 0.000147004,  -0.0653266
 0.000147008,  -0.0654523
 0.000147012,  -0.0655779
 0.000147016,  -0.0659548
  0.00014702,  -0.0658291
 0.000147024,  -0.0655779
 0.000147028,  -0.0659548
 0.000147032,  -0.0659548
 0.000147036,  -0.0660804
  0.00014704,  -0.0659548
 0.000147044,  -0.0658291
 0.000147048,  -0.0660804
 0.000147052,  -0.0660804
 0.000147056,  -0.0660804
  0.00014706,  -0.0659548
 0.000147064,  -0.0659548
 0.000147068,   -0.066206
 0.000147072,  -0.0660804
 0.000147076,  -0.0658291
  0.00014708,  -0.0660804
 0.000147084,  -0.0660804
 0.000147088,  -0.0658291
 0.000147092,  -0.0660804
 0.000147096,  -0.0660804
   0.0001471,  -0.0658291
 0.000147104,  -0.0658291
 0.000147108,  -0.0659548
 0.000147112,  -0.0659548
 0.000147116,  -0.0657035
  0.00014712,  -0.0657035
 0.000147124,  -0.0657035
 0.000147128,  -0.0655779
 0.000147132,  -0.0657035
 0.000147136,  -0.0654523
  0.00014714,  -0.0653266
 0.000147144,  -0.0655779
 0.000147148,  -0.0655779
 0.000147152,  -0.0650754
 0.000147156,  -0.0650754
  0.00014716,  -0.0654523
 0.000147164,   -0.065201
 0.000147168,  -0.0646985
 0.000147172,  -0.0649498
 0.000147176,  -0.0649498
  0.00014718,  -0.0644472
 0.000147184,   -0.064196
 0.000147188,  -0.0644472
 0.000147192,  -0.0639447
 0.000147196,  -0.0638191
   0.0001472,  -0.0639447
 0.000147204,  -0.0636935
 0.000147208,  -0.0634422
 0.000147212,   -0.063191
 0.000147216,  -0.0633166
  0.00014722,   -0.063191
 0.000147224,  -0.0626884
 0.000147228,  -0.0626884
 0.000147232,  -0.0625628
 0.000147236,  -0.0621859
  0.00014724,  -0.0621859
 0.000147244,  -0.0620603
 0.000147248,   -0.061809
 0.000147252,  -0.0615578
 0.000147256,  -0.0614322
  0.00014726,  -0.0613065
 0.000147264,  -0.0610553
 0.000147268,  -0.0606784
 0.000147272,  -0.0606784
 0.000147276,  -0.0603015
  0.00014728,  -0.0603015
 0.000147284,  -0.0601759
 0.000147288,  -0.0599246
 0.000147292,  -0.0596734
 0.000147296,  -0.0594221
   0.0001473,  -0.0594221
 0.000147304,  -0.0591709
 0.000147308,   -0.058794
 0.000147312,  -0.0584171
 0.000147316,  -0.0582915
  0.00014732,  -0.0582915
 0.000147324,  -0.0579146
 0.000147328,  -0.0574121
 0.000147332,  -0.0574121
 0.000147336,  -0.0572864
  0.00014734,  -0.0567839
 0.000147344,   -0.056407
 0.000147348,   -0.056407
 0.000147352,  -0.0559045
 0.000147356,  -0.0556533
  0.00014736,   -0.055402
 0.000147364,  -0.0552764
 0.000147368,  -0.0548995
 0.000147372,  -0.0542714
 0.000147376,   -0.054397
  0.00014738,  -0.0540201
 0.000147384,  -0.0535176
 0.000147388,  -0.0535176
 0.000147392,  -0.0532663
 0.000147396,  -0.0528894
   0.0001474,  -0.0525126
 0.000147404,  -0.0521357
 0.000147408,  -0.0518844
 0.000147412,  -0.0516332
 0.000147416,  -0.0515075
  0.00014742,  -0.0512563
 0.000147424,  -0.0505025
 0.000147428,  -0.0503769
 0.000147432,  -0.0505025
 0.000147436,  -0.0498744
  0.00014744,  -0.0496231
 0.000147444,  -0.0491206
 0.000147448,   -0.048995
 0.000147452,  -0.0486181
 0.000147456,  -0.0481156
  0.00014746,  -0.0481156
 0.000147464,  -0.0477387
 0.000147468,  -0.0472362
 0.000147472,  -0.0469849
 0.000147476,  -0.0464824
  0.00014748,  -0.0463568
 0.000147484,  -0.0461055
 0.000147488,  -0.0453518
 0.000147492,  -0.0451005
 0.000147496,  -0.0448492
   0.0001475,   -0.044598
 0.000147504,  -0.0440955
 0.000147508,  -0.0437186
 0.000147512,   -0.043593
 0.000147516,  -0.0432161
  0.00014752,  -0.0427136
 0.000147524,  -0.0425879
 0.000147528,  -0.0422111
 0.000147532,  -0.0417085
 0.000147536,  -0.0414573
  0.00014754,  -0.0410804
 0.000147544,  -0.0408291
 0.000147548,   -0.040201
 0.000147552,  -0.0398241
 0.000147556,  -0.0396985
  0.00014756,   -0.039196
 0.000147564,  -0.0388191
 0.000147568,  -0.0383166
 0.000147572,  -0.0379397
 0.000147576,  -0.0378141
  0.00014758,  -0.0375628
 0.000147584,  -0.0369347
 0.000147588,  -0.0365578
 0.000147592,  -0.0364322
 0.000147596,  -0.0360553
   0.0001476,  -0.0356784
 0.000147604,  -0.0350503
 0.000147608,   -0.034799
 0.000147612,  -0.0345477
 0.000147616,  -0.0340452
  0.00014762,   -0.033794
 0.000147624,  -0.0332915
 0.000147628,  -0.0329146
 0.000147632,  -0.0325377
 0.000147636,  -0.0321608
  0.00014764,  -0.0317839
 0.000147644,  -0.0312814
 0.000147648,  -0.0310302
 0.000147652,  -0.0309045
 0.000147656,  -0.0301508
  0.00014766,  -0.0298995
 0.000147664,  -0.0296482
 0.000147668,  -0.0292714
 0.000147672,  -0.0288945
 0.000147676,  -0.0286432
  0.00014768,  -0.0281407
 0.000147684,  -0.0277638
 0.000147688,  -0.0273869
 0.000147692,  -0.0271357
 0.000147696,  -0.0267588
   0.0001477,  -0.0263819
 0.000147704,   -0.026005
 0.000147708,  -0.0252513
 0.000147712,  -0.0252513
 0.000147716,      -0.025
  0.00014772,  -0.0243719
 0.000147724,   -0.023995
 0.000147728,  -0.0238693
 0.000147732,  -0.0233668
 0.000147736,  -0.0229899
  0.00014774,  -0.0227387
 0.000147744,  -0.0223618
 0.000147748,  -0.0217337
 0.000147752,  -0.0214824
 0.000147756,  -0.0213568
  0.00014776,  -0.0207286
 0.000147764,  -0.0202261
 0.000147768,  -0.0202261
 0.000147772,  -0.0198492
 0.000147776,  -0.0193467
  0.00014778,  -0.0190955
 0.000147784,  -0.0187186
 0.000147788,  -0.0184673
 0.000147792,  -0.0179648
 0.000147796,  -0.0178392
   0.0001478,  -0.0174623
 0.000147804,  -0.0167085
 0.000147808,  -0.0167085
 0.000147812,  -0.0167085
 0.000147816,  -0.0159548
  0.00014782,  -0.0155779
 0.000147824,  -0.0155779
 0.000147828,   -0.015201
 0.000147832,  -0.0145729
 0.000147836,  -0.0140704
  0.00014784,  -0.0139447
 0.000147844,  -0.0136935
 0.000147848,   -0.013191
 0.000147852,  -0.0130653
 0.000147856,  -0.0126884
  0.00014786,  -0.0124372
 0.000147864,  -0.0123116
 0.000147868,   -0.011809
 0.000147872,  -0.0113065
 0.000147876,  -0.0109296
  0.00014788,   -0.010804
 0.000147884,  -0.0106784
 0.000147888,  -0.0101759
 0.000147892,  -0.0100503
 0.000147896,   -0.009799
   0.0001479, -0.00917085
 0.000147904, -0.00904523
 0.000147908,  -0.0089196
 0.000147912, -0.00829146
 0.000147916, -0.00791457
  0.00014792, -0.00778894
 0.000147924, -0.00753769
 0.000147928, -0.00741206
 0.000147932, -0.00690955
 0.000147936, -0.00665829
  0.00014794, -0.00640704
 0.000147944, -0.00615578
 0.000147948, -0.00577889
 0.000147952, -0.00527638
 0.000147956, -0.00540201
  0.00014796, -0.00502513
 0.000147964, -0.00452261
 0.000147968, -0.00452261
 0.000147972, -0.00427136
 0.000147976,  -0.0040201
  0.00014798, -0.00351759
 0.000147984, -0.00326633
 0.000147988, -0.00339196
 0.000147992, -0.00288945
 0.000147996, -0.00251256
    0.000148, -0.00251256
 0.000148004, -0.00226131
 0.000148008, -0.00188442
 0.000148012, -0.00150754
 0.000148016, -0.00125628
  0.00014802, -0.00138191
 0.000148024,-0.000879397
 0.000148028,-0.000376884
 0.000148032,-0.000376884
 0.000148036,-0.000125628
  0.00014804, 0.000125628
 0.000148044, 0.000376884
 0.000148048, 0.000502513
 0.000148052, 0.000753769
 0.000148056, 0.000879397
  0.00014806,  0.00113065
 0.000148064,  0.00125628
 0.000148068,  0.00150754
 0.000148072,  0.00163317
 0.000148076,  0.00175879
  0.00014808,  0.00201005
 0.000148084,  0.00201005
 0.000148088,  0.00238693
 0.000148092,  0.00276382
 0.000148096,  0.00276382
   0.0001481,  0.00301508
 0.000148104,  0.00326633
 0.000148108,  0.00376884
 0.000148112,  0.00364322
 0.000148116,  0.00376884
  0.00014812,  0.00427136
 0.000148124,  0.00439698
 0.000148128,  0.00439698
 0.000148132,  0.00464824
 0.000148136,  0.00502513
  0.00014814,  0.00515075
 0.000148144,  0.00527638
 0.000148148,  0.00527638
 0.000148152,  0.00552764
 0.000148156,  0.00565327
  0.00014816,  0.00565327
 0.000148164,  0.00603015
 0.000148168,  0.00590452
 0.000148172,  0.00603015
 0.000148176,  0.00628141
  0.00014818,  0.00653266
 0.000148184,  0.00653266
 0.000148188,  0.00640704
 0.000148192,  0.00690955
 0.000148196,   0.0071608
   0.0001482,  0.00690955
 0.000148204,  0.00728643
 0.000148208,  0.00753769
 0.000148212,  0.00741206
 0.000148216,  0.00753769
  0.00014822,  0.00791457
 0.000148224,  0.00778894
 0.000148228,   0.0080402
 0.000148232,  0.00816583
 0.000148236,  0.00816583
  0.00014824,  0.00841709
 0.000148244,  0.00854271
 0.000148248,  0.00879397
 0.000148252,  0.00866834
 0.000148256,  0.00866834
  0.00014826,   0.0089196
 0.000148264,   0.0089196
 0.000148268,  0.00917085
 0.000148272,  0.00904523
 0.000148276,  0.00917085
  0.00014828,  0.00917085
 0.000148284,  0.00942211
 0.000148288,  0.00942211
 0.000148292,  0.00929648
 0.000148296,  0.00942211
   0.0001483,  0.00967337
 0.000148304,  0.00967337
 0.000148308,  0.00954774
 0.000148312,  0.00992462
 0.000148316,  0.00992462
  0.00014832,  0.00992462
 0.000148324,   0.0100503
 0.000148328,   0.0100503
 0.000148332,   0.0101759
 0.000148336,   0.0100503
  0.00014834,   0.0101759
 0.000148344,   0.0104271
 0.000148348,   0.0100503
 0.000148352,   0.0103015
 0.000148356,   0.0103015
  0.00014836,   0.0103015
 0.000148364,   0.0104271
 0.000148368,   0.0105528
 0.000148372,   0.0105528
 0.000148376,   0.0104271
  0.00014838,   0.0104271
 0.000148384,   0.0106784
 0.000148388,   0.0105528
 0.000148392,   0.0103015
 0.000148396,   0.0105528
   0.0001484,   0.0105528
 0.000148404,   0.0105528
 0.000148408,    0.010804
 0.000148412,   0.0106784
 0.000148416,    0.010804
  0.00014842,   0.0105528
 0.000148424,   0.0105528
 0.000148428,    0.010804
 0.000148432,    0.010804
 0.000148436,   0.0106784
  0.00014844,   0.0105528
 0.000148444,   0.0106784
 0.000148448,    0.010804
 0.000148452,   0.0105528
 0.000148456,   0.0105528
  0.00014846,   0.0106784
 0.000148464,   0.0105528
 0.000148468,   0.0105528
 0.000148472,   0.0104271
 0.000148476,   0.0104271
  0.00014848,   0.0106784
 0.000148484,   0.0104271
 0.000148488,   0.0100503
 0.000148492,   0.0103015
 0.000148496,   0.0104271
   0.0001485,   0.0101759
 0.000148504,   0.0101759
 0.000148508,   0.0103015
 0.000148512,   0.0103015
 0.000148516,    0.009799
  0.00014852,   0.0101759
 0.000148524,   0.0104271
 0.000148528,    0.009799
 0.000148532,  0.00992462
 0.000148536,   0.0100503
  0.00014854,  0.00992462
 0.000148544,  0.00967337
 0.000148548,    0.009799
 0.000148552,    0.009799
 0.000148556,  0.00967337
  0.00014856,  0.00954774
 0.000148564,  0.00967337
 0.000148568,  0.00954774
 0.000148572,  0.00929648
 0.000148576,  0.00967337
  0.00014858,  0.00942211
 0.000148584,  0.00904523
 0.000148588,  0.00929648
 0.000148592,  0.00929648
 0.000148596,  0.00917085
   0.0001486,  0.00879397
 0.000148604,  0.00917085
 0.000148608,  0.00904523
 0.000148612,  0.00854271
 0.000148616,  0.00866834
  0.00014862,  0.00879397
 0.000148624,  0.00841709
 0.000148628,  0.00816583
 0.000148632,  0.00829146
 0.000148636,  0.00841709
  0.00014864,  0.00816583
 0.000148644,  0.00791457
 0.000148648,  0.00791457
 0.000148652,  0.00778894
 0.000148656,  0.00753769
  0.00014866,  0.00766332
 0.000148664,  0.00753769
 0.000148668,  0.00741206
 0.000148672,  0.00753769
 0.000148676,   0.0071608
  0.00014868,  0.00703518
 0.000148684,  0.00703518
 0.000148688,   0.0071608
 0.000148692,   0.0071608
 0.000148696,  0.00678392
   0.0001487,  0.00665829
 0.000148704,  0.00678392
 0.000148708,  0.00665829
 0.000148712,  0.00653266
 0.000148716,  0.00640704
  0.00014872,  0.00628141
 0.000148724,  0.00615578
 0.000148728,  0.00590452
 0.000148732,  0.00603015
 0.000148736,  0.00615578
  0.00014874,  0.00577889
 0.000148744,  0.00590452
 0.000148748,  0.00577889
 0.000148752,  0.00552764
 0.000148756,  0.00527638
  0.00014876,  0.00552764
 0.000148764,  0.00540201
 0.000148768,   0.0048995
 0.000148772,   0.0048995
 0.000148776,  0.00502513
  0.00014878,  0.00477387
 0.000148784,  0.00464824
 0.000148788,  0.00464824
 0.000148792,  0.00414573
 0.000148796,  0.00414573
   0.0001488,   0.0040201
 0.000148804,   0.0040201
 0.000148808,  0.00389447
 0.000148812,  0.00376884
 0.000148816,  0.00351759
  0.00014882,  0.00326633
 0.000148824,  0.00326633
 0.000148828,  0.00339196
 0.000148832,  0.00301508
 0.000148836,  0.00301508
  0.00014884,  0.00326633
 0.000148844,  0.00276382
 0.000148848,  0.00251256
 0.000148852,  0.00276382
 0.000148856,  0.00263819
  0.00014886,  0.00226131
 0.000148864,  0.00213568
 0.000148868,  0.00238693
 0.000148872,  0.00213568
 0.000148876,  0.00175879
  0.00014888,  0.00201005
 0.000148884,  0.00175879
 0.000148888,  0.00138191
 0.000148892,  0.00150754
 0.000148896,  0.00138191
   0.0001489,  0.00125628
 0.000148904,  0.00125628
 0.000148908,  0.00100503
 0.000148912,  0.00100503
 0.000148916, 0.000879397
  0.00014892, 0.000753769
 0.000148924, 0.000753769
 0.000148928, 0.000502513
 0.000148932, 0.000502513
 0.000148936, 0.000125628
  0.00014894, 0.000125628
 0.000148944, 0.000251256
 0.000148948,-0.000125628
 0.000148952,-0.000251256
 0.000148956,-0.000251256
  0.00014896,-0.000502513
 0.000148964,-0.000753769
 0.000148968,-0.000502513
 0.000148972,-0.000753769
 0.000148976,-0.000879397
  0.00014898, -0.00113065
 0.000148984, -0.00113065
 0.000148988, -0.00113065
 0.000148992, -0.00163317
 0.000148996, -0.00150754
    0.000149, -0.00150754
 0.000149004, -0.00188442
 0.000149008, -0.00188442
 0.000149012, -0.00188442
 0.000149016, -0.00201005
  0.00014902, -0.00226131
 0.000149024, -0.00251256
 0.000149028, -0.00226131
 0.000149032, -0.00251256
 0.000149036, -0.00288945
  0.00014904, -0.00263819
 0.000149044, -0.00276382
 0.000149048, -0.00288945
 0.000149052, -0.00301508
 0.000149056,  -0.0031407
  0.00014906, -0.00301508
 0.000149064, -0.00326633
 0.000149068, -0.00351759
 0.000149072, -0.00339196
 0.000149076, -0.00351759
  0.00014908, -0.00376884
 0.000149084, -0.00389447
 0.000149088,  -0.0040201
 0.000149092, -0.00389447
 0.000149096, -0.00427136
   0.0001491, -0.00439698
 0.000149104, -0.00427136
 0.000149108, -0.00452261
 0.000149112, -0.00464824
 0.000149116, -0.00464824
  0.00014912, -0.00464824
 0.000149124, -0.00502513
 0.000149128, -0.00515075
 0.000149132, -0.00502513
 0.000149136, -0.00502513
  0.00014914, -0.00540201
 0.000149144, -0.00540201
 0.000149148, -0.00552764
 0.000149152, -0.00565327
 0.000149156, -0.00552764
  0.00014916, -0.00590452
 0.000149164, -0.00603015
 0.000149168, -0.00590452
 0.000149172, -0.00615578
 0.000149176, -0.00628141
  0.00014918, -0.00640704
 0.000149184, -0.00640704
 0.000149188, -0.00665829
 0.000149192, -0.00690955
 0.000149196, -0.00678392
   0.0001492, -0.00678392
 0.000149204,  -0.0071608
 0.000149208, -0.00703518
 0.000149212, -0.00690955
 0.000149216,  -0.0071608
  0.00014922, -0.00728643
 0.000149224, -0.00741206
 0.000149228, -0.00753769
 0.000149232, -0.00753769
 0.000149236, -0.00766332
  0.00014924, -0.00753769
 0.000149244, -0.00778894
 0.000149248, -0.00791457
 0.000149252, -0.00778894
 0.000149256, -0.00791457
  0.00014926, -0.00816583
 0.000149264, -0.00829146
 0.000149268, -0.00829146
 0.000149272, -0.00816583
 0.000149276, -0.00841709
  0.00014928, -0.00866834
 0.000149284, -0.00866834
 0.000149288, -0.00879397
 0.000149292,  -0.0089196
 0.000149296, -0.00904523
   0.0001493, -0.00917085
 0.000149304, -0.00904523
 0.000149308, -0.00917085
 0.000149312, -0.00929648
 0.000149316, -0.00917085
  0.00014932, -0.00954774
 0.000149324, -0.00942211
 0.000149328, -0.00942211
 0.000149332, -0.00967337
 0.000149336, -0.00954774
  0.00014934, -0.00967337
 0.000149344, -0.00967337
 0.000149348,  -0.0100503
 0.000149352, -0.00992462
 0.000149356,   -0.009799
  0.00014936,  -0.0101759
 0.000149364,  -0.0103015
 0.000149368,  -0.0101759
 0.000149372,  -0.0103015
 0.000149376,  -0.0104271
  0.00014938,  -0.0105528
 0.000149384,  -0.0105528
 0.000149388,  -0.0105528
 0.000149392,  -0.0106784
 0.000149396,  -0.0110553
   0.0001494,  -0.0109296
 0.000149404,  -0.0109296
 0.000149408,  -0.0110553
 0.000149412,  -0.0113065
 0.000149416,  -0.0113065
  0.00014942,  -0.0111809
 0.000149424,  -0.0114322
 0.000149428,  -0.0114322
 0.000149432,  -0.0114322
 0.000149436,  -0.0116834
  0.00014944,  -0.0116834
 0.000149444,  -0.0116834
 0.000149448,  -0.0116834
 0.000149452,   -0.011809
 0.000149456,  -0.0120603
  0.00014946,  -0.0120603
 0.000149464,   -0.011809
 0.000149468,  -0.0120603
 0.000149472,  -0.0121859
 0.000149476,  -0.0121859
  0.00014948,  -0.0123116
 0.000149484,  -0.0121859
 0.000149488,  -0.0124372
 0.000149492,  -0.0123116
 0.000149496,  -0.0124372
   0.0001495,  -0.0128141
 0.000149504,  -0.0124372
 0.000149508,  -0.0126884
 0.000149512,  -0.0128141
 0.000149516,  -0.0126884
  0.00014952,  -0.0128141
 0.000149524,  -0.0129397
 0.000149528,  -0.0128141
 0.000149532,  -0.0128141
 0.000149536,   -0.013191
  0.00014954,  -0.0133166
 0.000149544,  -0.0130653
 0.000149548,   -0.013191
 0.000149552,  -0.0134422
 0.000149556,  -0.0135678
  0.00014956,  -0.0135678
 0.000149564,  -0.0136935
 0.000149568,  -0.0135678
 0.000149572,  -0.0136935
 0.000149576,  -0.0138191
  0.00014958,  -0.0136935
 0.000149584,  -0.0139447
 0.000149588,  -0.0139447
 0.000149592,   -0.014196
 0.000149596,   -0.014196
   0.0001496,   -0.014196
 0.000149604,  -0.0143216
 0.000149608,  -0.0140704
 0.000149612,  -0.0143216
 0.000149616,  -0.0144472
  0.00014962,  -0.0144472
 0.000149624,  -0.0145729
 0.000149628,  -0.0145729
 0.000149632,  -0.0145729
 0.000149636,  -0.0145729
  0.00014964,  -0.0148241
 0.000149644,  -0.0145729
 0.000149648,  -0.0146985
 0.000149652,  -0.0148241
 0.000149656,  -0.0149497
  0.00014966,  -0.0149497
 0.000149664,  -0.0149497
 0.000149668,  -0.0153266
 0.000149672,  -0.0149497
 0.000149676,  -0.0149497
  0.00014968,  -0.0153266
 0.000149684,  -0.0154523
 0.000149688,  -0.0153266
 0.000149692,  -0.0153266
 0.000149696,  -0.0155779
   0.0001497,  -0.0157035
 0.000149704,  -0.0154523
 0.000149708,  -0.0155779
 0.000149712,  -0.0159548
 0.000149716,  -0.0157035
  0.00014972,  -0.0159548
 0.000149724,  -0.0160804
 0.000149728,  -0.0159548
 0.000149732,   -0.016206
 0.000149736,   -0.016206
  0.00014974,   -0.016206
 0.000149744,   -0.016206
 0.000149748,  -0.0163317
 0.000149752,  -0.0165829
 0.000149756,  -0.0164573
  0.00014976,  -0.0165829
 0.000149764,  -0.0167085
 0.000149768,  -0.0165829
 0.000149772,  -0.0168342
 0.000149776,  -0.0169598
  0.00014978,  -0.0167085
 0.000149784,  -0.0169598
 0.000149788,  -0.0170854
 0.000149792,  -0.0170854
 0.000149796,  -0.0169598
   0.0001498,  -0.0169598
 0.000149804,  -0.0173367
 0.000149808,  -0.0173367
 0.000149812,  -0.0170854
 0.000149816,  -0.0173367
  0.00014982,  -0.0173367
 0.000149824,  -0.0173367
 0.000149828,  -0.0175879
 0.000149832,  -0.0175879
 0.000149836,  -0.0174623
  0.00014984,  -0.0174623
 0.000149844,  -0.0177136
 0.000149848,  -0.0179648
 0.000149852,  -0.0177136
 0.000149856,  -0.0177136
  0.00014986,  -0.0180905
 0.000149864,  -0.0179648
 0.000149868,  -0.0179648
 0.000149872,  -0.0179648
 0.000149876,  -0.0180905
  0.00014988,  -0.0182161
 0.000149884,  -0.0180905
 0.000149888,  -0.0184673
 0.000149892,  -0.0184673
 0.000149896,  -0.0183417
   0.0001499,  -0.0184673
 0.000149904,   -0.018593
 0.000149908,  -0.0184673
 0.000149912,   -0.018593
 0.000149916,   -0.018593
  0.00014992,  -0.0188442
 0.000149924,  -0.0188442
 0.000149928,  -0.0187186
 0.000149932,  -0.0190955
 0.000149936,  -0.0189698
  0.00014994,  -0.0189698
 0.000149944,  -0.0190955
 0.000149948,  -0.0190955
 0.000149952,  -0.0192211
 0.000149956,  -0.0192211
  0.00014996,  -0.0194724
 0.000149964,   -0.019598
 0.000149968,  -0.0193467
 0.000149972,  -0.0194724
 0.000149976,  -0.0197236
  0.00014998,  -0.0194724
 0.000149984,  -0.0197236
 0.000149988,  -0.0198492
 0.000149992,  -0.0197236
 0.000149996,  -0.0197236
     0.00015,  -0.0198492
 0.000150004,  -0.0201005
 0.000150008,  -0.0199749
 0.000150012,  -0.0199749
 0.000150016,  -0.0203518
  0.00015002,  -0.0203518
 0.000150024,  -0.0202261
 0.000150028,  -0.0204774
 0.000150032,  -0.0204774
 0.000150036,   -0.020603
  0.00015004,   -0.020603
 0.000150044,   -0.020603
 0.000150048,  -0.0207286
 0.000150052,  -0.0207286
 0.000150056,  -0.0207286
  0.00015006,  -0.0211055
 0.000150064,  -0.0208543
 0.000150068,  -0.0208543
 0.000150072,  -0.0209799
 0.000150076,  -0.0211055
  0.00015008,  -0.0211055
 0.000150084,  -0.0211055
 0.000150088,  -0.0212312
 0.000150092,  -0.0212312
 0.000150096,  -0.0213568
   0.0001501,  -0.0214824
 0.000150104,  -0.0212312
 0.000150108,  -0.0212312
 0.000150112,   -0.021608
 0.000150116,   -0.021608
  0.00015012,  -0.0214824
 0.000150124,  -0.0217337
 0.000150128,  -0.0217337
 0.000150132,  -0.0218593
 0.000150136,  -0.0219849
  0.00015014,  -0.0218593
 0.000150144,  -0.0218593
 0.000150148,  -0.0219849
 0.000150152,  -0.0222362
 0.000150156,  -0.0221106
  0.00015016,  -0.0221106
 0.000150164,  -0.0224874
 0.000150168,  -0.0223618
 0.000150172,  -0.0222362
 0.000150176,  -0.0224874
  0.00015018,  -0.0227387
 0.000150184,  -0.0226131
 0.000150188,  -0.0226131
 0.000150192,  -0.0226131
 0.000150196,  -0.0227387
   0.0001502,  -0.0227387
 0.000150204,  -0.0227387
 0.000150208,  -0.0229899
 0.000150212,  -0.0227387
 0.000150216,  -0.0228643
  0.00015022,  -0.0231156
 0.000150224,  -0.0232412
 0.000150228,  -0.0231156
 0.000150232,  -0.0228643
 0.000150236,  -0.0232412
  0.00015024,  -0.0234925
 0.000150244,  -0.0232412
 0.000150248,  -0.0233668
 0.000150252,  -0.0234925
 0.000150256,  -0.0234925
  0.00015026,  -0.0236181
 0.000150264,  -0.0236181
 0.000150268,  -0.0237437
 0.000150272,  -0.0234925
 0.000150276,  -0.0234925
  0.00015028,  -0.0238693
 0.000150284,   -0.023995
 0.000150288,  -0.0236181
 0.000150292,   -0.023995
 0.000150296,   -0.023995
   0.0001503,   -0.023995
 0.000150304,  -0.0238693
 0.000150308,  -0.0237437
 0.000150312,   -0.023995
 0.000150316,  -0.0237437
  0.00015032,   -0.023995
 0.000150324,  -0.0241206
 0.000150328,   -0.023995
 0.000150332,   -0.023995
 0.000150336,  -0.0241206
  0.00015034,  -0.0242462
 0.000150344,  -0.0242462
 0.000150348,  -0.0241206
 0.000150352,  -0.0242462
 0.000150356,  -0.0243719
  0.00015036,  -0.0242462
 0.000150364,  -0.0242462
 0.000150368,  -0.0246231
 0.000150372,  -0.0244975
 0.000150376,  -0.0243719
  0.00015038,  -0.0243719
 0.000150384,  -0.0246231
 0.000150388,  -0.0246231
 0.000150392,  -0.0243719
 0.000150396,  -0.0246231
   0.0001504,  -0.0247487
 0.000150404,  -0.0243719
 0.000150408,  -0.0247487
 0.000150412,  -0.0246231
 0.000150416,  -0.0247487
  0.00015042,  -0.0246231
 0.000150424,  -0.0247487
 0.000150428,  -0.0248744
 0.000150432,  -0.0246231
 0.000150436,  -0.0248744
  0.00015044,  -0.0247487
 0.000150444,  -0.0244975
 0.000150448,  -0.0246231
 0.000150452,      -0.025
 0.000150456,  -0.0246231
  0.00015046,  -0.0246231
 0.000150464,  -0.0247487
 0.000150468,  -0.0247487
 0.000150472,  -0.0246231
 0.000150476,  -0.0244975
  0.00015048,      -0.025
 0.000150484,  -0.0248744
 0.000150488,  -0.0246231
 0.000150492,  -0.0247487
 0.000150496,  -0.0247487
   0.0001505,  -0.0247487
 0.000150504,  -0.0247487
 0.000150508,  -0.0247487
 0.000150512,  -0.0248744
 0.000150516,  -0.0246231
  0.00015052,  -0.0247487
 0.000150524,  -0.0248744
 0.000150528,  -0.0246231
 0.000150532,  -0.0247487
 0.000150536,  -0.0246231
  0.00015054,  -0.0244975
 0.000150544,  -0.0244975
 0.000150548,  -0.0246231
 0.000150552,  -0.0246231
 0.000150556,  -0.0246231
  0.00015056,  -0.0243719
 0.000150564,  -0.0246231
 0.000150568,  -0.0244975
 0.000150572,  -0.0241206
 0.000150576,  -0.0242462
  0.00015058,  -0.0243719
 0.000150584,  -0.0243719
 0.000150588,  -0.0241206
 0.000150592,  -0.0241206
 0.000150596,  -0.0244975
   0.0001506,  -0.0241206
 0.000150604,   -0.023995
 0.000150608,  -0.0242462
 0.000150612,   -0.023995
 0.000150616,  -0.0238693
  0.00015062,  -0.0242462
 0.000150624,  -0.0241206
 0.000150628,  -0.0238693
 0.000150632,   -0.023995
 0.000150636,   -0.023995
  0.00015064,  -0.0237437
 0.000150644,  -0.0237437
 0.000150648,  -0.0238693
 0.000150652,  -0.0236181
 0.000150656,  -0.0233668
  0.00015066,  -0.0237437
 0.000150664,  -0.0234925
 0.000150668,  -0.0233668
 0.000150672,  -0.0234925
 0.000150676,  -0.0233668
  0.00015068,  -0.0233668
 0.000150684,  -0.0231156
 0.000150688,  -0.0231156
 0.000150692,  -0.0233668
 0.000150696,  -0.0232412
   0.0001507,  -0.0229899
 0.000150704,  -0.0229899
 0.000150708,  -0.0228643
 0.000150712,  -0.0228643
 0.000150716,  -0.0227387
  0.00015072,  -0.0227387
 0.000150724,  -0.0227387
 0.000150728,  -0.0226131
 0.000150732,  -0.0226131
 0.000150736,  -0.0224874
  0.00015074,  -0.0222362
 0.000150744,  -0.0222362
 0.000150748,  -0.0221106
 0.000150752,  -0.0219849
 0.000150756,  -0.0219849
  0.00015076,  -0.0219849
 0.000150764,  -0.0218593
 0.000150768,  -0.0214824
 0.000150772,  -0.0214824
 0.000150776,  -0.0214824
  0.00015078,  -0.0213568
 0.000150784,  -0.0211055
 0.000150788,  -0.0213568
 0.000150792,  -0.0209799
 0.000150796,  -0.0207286
   0.0001508,  -0.0207286
 0.000150804,   -0.020603
 0.000150808,  -0.0204774
 0.000150812,  -0.0202261
 0.000150816,  -0.0203518
  0.00015082,  -0.0203518
 0.000150824,  -0.0201005
 0.000150828,  -0.0201005
 0.000150832,  -0.0201005
 0.000150836,  -0.0198492
  0.00015084,  -0.0197236
 0.000150844,   -0.019598
 0.000150848,  -0.0193467
 0.000150852,  -0.0193467
 0.000150856,  -0.0192211
  0.00015086,  -0.0192211
 0.000150864,  -0.0189698
 0.000150868,   -0.018593
 0.000150872,  -0.0187186
 0.000150876,  -0.0184673
  0.00015088,  -0.0184673
 0.000150884,  -0.0182161
 0.000150888,  -0.0178392
 0.000150892,  -0.0179648
 0.000150896,  -0.0178392
   0.0001509,  -0.0175879
 0.000150904,  -0.0174623
 0.000150908,  -0.0173367
 0.000150912,  -0.0172111
 0.000150916,  -0.0169598
  0.00015092,  -0.0167085
 0.000150924,  -0.0168342
 0.000150928,  -0.0163317
 0.000150932,  -0.0163317
 0.000150936,  -0.0164573
  0.00015094,  -0.0159548
 0.000150944,  -0.0158291
 0.000150948,  -0.0158291
 0.000150952,  -0.0155779
 0.000150956,  -0.0153266
  0.00015096,  -0.0153266
 0.000150964,   -0.015201
 0.000150968,  -0.0148241
 0.000150972,  -0.0145729
 0.000150976,  -0.0148241
  0.00015098,  -0.0145729
 0.000150984,   -0.014196
 0.000150988,  -0.0140704
 0.000150992,  -0.0138191
 0.000150996,  -0.0136935
    0.000151,  -0.0135678
 0.000151004,  -0.0133166
 0.000151008,   -0.013191
 0.000151012,  -0.0128141
 0.000151016,  -0.0126884
  0.00015102,  -0.0126884
 0.000151024,  -0.0125628
 0.000151028,  -0.0121859
 0.000151032,   -0.011809
 0.000151036,  -0.0116834
  0.00015104,  -0.0115578
 0.000151044,  -0.0113065
 0.000151048,  -0.0110553
 0.000151052,  -0.0109296
 0.000151056,  -0.0105528
  0.00015106,  -0.0106784
 0.000151064,  -0.0104271
 0.000151068, -0.00992462
 0.000151072, -0.00992462
 0.000151076,   -0.009799
  0.00015108, -0.00942211
 0.000151084, -0.00917085
 0.000151088, -0.00917085
 0.000151092, -0.00904523
 0.000151096, -0.00866834
   0.0001511, -0.00841709
 0.000151104, -0.00841709
 0.000151108,  -0.0080402
 0.000151112, -0.00766332
 0.000151116, -0.00766332
  0.00015112,  -0.0071608
 0.000151124,  -0.0071608
 0.000151128, -0.00690955
 0.000151132, -0.00653266
 0.000151136, -0.00640704
  0.00015114, -0.00603015
 0.000151144, -0.00590452
 0.000151148, -0.00565327
 0.000151152, -0.00540201
 0.000151156, -0.00540201
  0.00015116, -0.00502513
 0.000151164, -0.00477387
 0.000151168, -0.00452261
 0.000151172, -0.00427136
 0.000151176,  -0.0040201
  0.00015118, -0.00376884
 0.000151184, -0.00351759
 0.000151188, -0.00339196
 0.000151192, -0.00301508
 0.000151196, -0.00263819
   0.0001512, -0.00238693
 0.000151204, -0.00226131
 0.000151208, -0.00201005
 0.000151212, -0.00175879
 0.000151216, -0.00150754
  0.00015122, -0.00138191
 0.000151224,-0.000879397
 0.000151228,-0.000753769
 0.000151232,-0.000502513
 0.000151236,-0.000251256
  0.00015124, 0.000125628
 0.000151244, 0.000502513
 0.000151248, 0.000628141
 0.000151252, 0.000628141
 0.000151256,  0.00100503
  0.00015126,  0.00163317
 0.000151264,  0.00163317
 0.000151268,  0.00188442
 0.000151272,  0.00213568
 0.000151276,  0.00251256
  0.00015128,  0.00276382
 0.000151284,  0.00276382
 0.000151288,  0.00339196
 0.000151292,  0.00351759
 0.000151296,  0.00364322
   0.0001513,   0.0040201
 0.000151304,  0.00427136
 0.000151308,  0.00477387
 0.000151312,   0.0048995
 0.000151316,   0.0048995
  0.00015132,  0.00527638
 0.000151324,  0.00577889
 0.000151328,  0.00590452
 0.000151332,  0.00615578
 0.000151336,  0.00653266
  0.00015134,  0.00703518
 0.000151344,   0.0071608
 0.000151348,  0.00728643
 0.000151352,  0.00778894
 0.000151356,   0.0080402
  0.00015136,   0.0080402
 0.000151364,  0.00854271
 0.000151368,  0.00879397
 0.000151372,  0.00929648
 0.000151376,  0.00929648
  0.00015138,  0.00954774
 0.000151384,   0.0101759
 0.000151388,   0.0101759
 0.000151392,   0.0104271
 0.000151396,   0.0106784
   0.0001514,   0.0110553
 0.000151404,   0.0115578
 0.000151408,   0.0115578
 0.000151412,   0.0120603
 0.000151416,   0.0123116
  0.00015142,   0.0124372
 0.000151424,   0.0128141
 0.000151428,   0.0133166
 0.000151432,   0.0133166
 0.000151436,   0.0138191
  0.00015144,    0.014196
 0.000151444,   0.0144472
 0.000151448,   0.0146985
 0.000151452,   0.0150754
 0.000151456,   0.0153266
  0.00015146,   0.0154523
 0.000151464,   0.0157035
 0.000151468,   0.0163317
 0.000151472,   0.0163317
 0.000151476,   0.0165829
  0.00015148,   0.0172111
 0.000151484,   0.0172111
 0.000151488,   0.0173367
 0.000151492,   0.0178392
 0.000151496,   0.0182161
   0.0001515,   0.0183417
 0.000151504,    0.018593
 0.000151508,   0.0190955
 0.000151512,   0.0194724
 0.000151516,   0.0194724
  0.00015152,   0.0198492
 0.000151524,   0.0203518
 0.000151528,   0.0203518
 0.000151532,   0.0207286
 0.000151536,   0.0209799
  0.00015154,   0.0212312
 0.000151544,   0.0217337
 0.000151548,   0.0217337
 0.000151552,   0.0222362
 0.000151556,   0.0224874
  0.00015156,   0.0227387
 0.000151564,   0.0231156
 0.000151568,   0.0231156
 0.000151572,   0.0238693
 0.000151576,    0.023995
  0.00015158,   0.0241206
 0.000151584,   0.0244975
 0.000151588,       0.025
 0.000151592,   0.0251256
 0.000151596,   0.0252513
   0.0001516,   0.0256281
 0.000151604,    0.026005
 0.000151608,   0.0262563
 0.000151612,   0.0262563
 0.000151616,     0.02701
  0.00015162,   0.0272613
 0.000151624,   0.0271357
 0.000151628,   0.0276382
 0.000151632,   0.0278894
 0.000151636,   0.0282663
  0.00015164,   0.0285176
 0.000151644,   0.0287688
 0.000151648,   0.0291457
 0.000151652,   0.0291457
 0.000151656,   0.0295226
  0.00015166,   0.0297739
 0.000151664,   0.0300251
 0.000151668,    0.030402
 0.000151672,   0.0306533
 0.000151676,   0.0310302
  0.00015168,    0.031407
 0.000151684,    0.031407
 0.000151688,    0.031407
 0.000151692,   0.0320352
 0.000151696,   0.0322864
   0.0001517,   0.0321608
 0.000151704,   0.0325377
 0.000151708,   0.0331658
 0.000151712,   0.0334171
 0.000151716,   0.0332915
  0.00015172,    0.033794
 0.000151724,   0.0341709
 0.000151728,   0.0340452
 0.000151732,   0.0345477
 0.000151736,    0.034799
  0.00015174,   0.0349246
 0.000151744,   0.0351759
 0.000151748,   0.0354271
 0.000151752,   0.0359296
 0.000151756,   0.0360553
  0.00015176,   0.0361809
 0.000151764,   0.0364322
 0.000151768,   0.0366834
 0.000151772,   0.0370603
 0.000151776,   0.0373116
  0.00015178,   0.0373116
 0.000151784,   0.0376884
 0.000151788,   0.0379397
 0.000151792,   0.0378141
 0.000151796,   0.0383166
   0.0001518,   0.0385678
 0.000151804,   0.0386935
 0.000151808,   0.0389447
 0.000151812,   0.0390704
 0.000151816,   0.0393216
  0.00015182,   0.0396985
 0.000151824,   0.0396985
 0.000151828,   0.0399497
 0.000151832,   0.0400754
 0.000151836,   0.0405779
  0.00015184,   0.0405779
 0.000151844,   0.0407035
 0.000151848,    0.041206
 0.000151852,    0.041206
 0.000151856,   0.0413317
  0.00015186,   0.0418342
 0.000151864,   0.0418342
 0.000151868,   0.0417085
 0.000151872,   0.0420854
 0.000151876,   0.0427136
  0.00015188,   0.0425879
 0.000151884,   0.0424623
 0.000151888,   0.0429648
 0.000151892,   0.0434673
 0.000151896,   0.0432161
   0.0001519,   0.0432161
 0.000151904,   0.0439698
 0.000151908,   0.0439698
 0.000151912,   0.0438442
 0.000151916,   0.0439698
  0.00015192,   0.0443467
 0.000151924,   0.0444724
 0.000151928,   0.0443467
 0.000151932,   0.0447236
 0.000151936,   0.0448492
  0.00015194,   0.0449749
 0.000151944,   0.0453518
 0.000151948,   0.0453518
 0.000151952,   0.0454774
 0.000151956,    0.045603
  0.00015196,   0.0454774
 0.000151964,   0.0458543
 0.000151968,   0.0459799
 0.000151972,   0.0461055
 0.000151976,   0.0462312
  0.00015198,   0.0462312
 0.000151984,   0.0463568
 0.000151988,   0.0464824
 0.000151992,    0.046608
 0.000151996,   0.0467337
