     8.3E-05,   -0.162814
  8.3004E-05,   -0.163568
  8.3008E-05,   -0.164322
  8.3012E-05,   -0.165452
  8.3016E-05,   -0.166206
   8.302E-05,    -0.16696
  8.3024E-05,   -0.167337
  8.3028E-05,    -0.16809
  8.3032E-05,   -0.168844
  8.3036E-05,   -0.169598
   8.304E-05,   -0.170352
  8.3044E-05,   -0.171106
  8.3048E-05,   -0.171859
  8.3052E-05,   -0.172613
  8.3056E-05,   -0.173367
   8.306E-05,   -0.174497
  8.3064E-05,   -0.174874
  8.3068E-05,   -0.175628
  8.3072E-05,   -0.176382
  8.3076E-05,   -0.177136
   8.308E-05,   -0.177889
  8.3084E-05,   -0.178643
  8.3088E-05,   -0.179397
  8.3092E-05,   -0.180528
  8.3096E-05,   -0.180905
    8.31E-05,   -0.181281
  8.3104E-05,   -0.182412
  8.3108E-05,   -0.183166
  8.3112E-05,   -0.184296
  8.3116E-05,   -0.184673
   8.312E-05,    -0.18505
  8.3124E-05,   -0.186181
  8.3128E-05,   -0.186935
  8.3132E-05,   -0.188065
  8.3136E-05,   -0.188442
   8.314E-05,   -0.188442
  8.3144E-05,    -0.18995
  8.3148E-05,   -0.190327
  8.3152E-05,   -0.191457
  8.3156E-05,   -0.192211
   8.316E-05,   -0.192588
  8.3164E-05,   -0.193342
  8.3168E-05,   -0.194095
  8.3172E-05,   -0.194849
  8.3176E-05,   -0.195603
   8.318E-05,    -0.19598
  8.3184E-05,   -0.197111
  8.3188E-05,   -0.198241
  8.3192E-05,   -0.198241
  8.3196E-05,   -0.199372
    8.32E-05,   -0.200126
  8.3204E-05,   -0.200879
  8.3208E-05,   -0.201633
  8.3212E-05,    -0.20201
  8.3216E-05,   -0.203141
   8.322E-05,   -0.203894
  8.3224E-05,   -0.204271
  8.3228E-05,   -0.205402
  8.3232E-05,   -0.205779
  8.3236E-05,   -0.206533
   8.324E-05,   -0.207286
  8.3244E-05,    -0.20804
  8.3248E-05,   -0.208794
  8.3252E-05,   -0.209548
  8.3256E-05,   -0.210302
   8.326E-05,   -0.210678
  8.3264E-05,   -0.211432
  8.3268E-05,   -0.212186
  8.3272E-05,    -0.21294
  8.3276E-05,   -0.213693
   8.328E-05,   -0.214447
  8.3284E-05,   -0.215578
  8.3288E-05,   -0.215578
  8.3292E-05,   -0.216709
  8.3296E-05,   -0.217085
    8.33E-05,   -0.217839
  8.3304E-05,   -0.218593
  8.3308E-05,   -0.219347
  8.3312E-05,   -0.220101
  8.3316E-05,   -0.220477
   8.332E-05,   -0.220854
  8.3324E-05,   -0.221985
  8.3328E-05,   -0.222739
  8.3332E-05,   -0.223116
  8.3336E-05,   -0.223869
   8.334E-05,   -0.224623
  8.3344E-05,   -0.225754
  8.3348E-05,   -0.225754
  8.3352E-05,   -0.226508
  8.3356E-05,   -0.227638
   8.336E-05,   -0.227638
  8.3364E-05,   -0.228769
  8.3368E-05,   -0.229523
  8.3372E-05,   -0.229899
  8.3376E-05,    -0.23103
   8.338E-05,   -0.231407
  8.3384E-05,   -0.232161
  8.3388E-05,   -0.232915
  8.3392E-05,   -0.232915
  8.3396E-05,   -0.234045
    8.34E-05,   -0.234799
  8.3404E-05,   -0.235176
  8.3408E-05,   -0.236307
  8.3412E-05,   -0.236683
  8.3416E-05,    -0.23706
   8.342E-05,   -0.237814
  8.3424E-05,   -0.238568
  8.3428E-05,   -0.239698
  8.3432E-05,   -0.240075
  8.3436E-05,   -0.240075
   8.344E-05,   -0.241206
  8.3444E-05,    -0.24196
  8.3448E-05,   -0.242337
  8.3452E-05,    -0.24309
  8.3456E-05,   -0.243467
   8.346E-05,   -0.244221
  8.3464E-05,   -0.244975
  8.3468E-05,   -0.245729
  8.3472E-05,   -0.246106
  8.3476E-05,   -0.246482
   8.348E-05,   -0.247236
  8.3484E-05,    -0.24799
  8.3488E-05,   -0.248744
  8.3492E-05,   -0.249497
  8.3496E-05,   -0.249874
    8.35E-05,   -0.250628
  8.3504E-05,   -0.251005
  8.3508E-05,   -0.251759
  8.3512E-05,   -0.252136
  8.3516E-05,   -0.252513
   8.352E-05,   -0.253266
  8.3524E-05,    -0.25402
  8.3528E-05,   -0.254774
  8.3532E-05,   -0.255151
  8.3536E-05,   -0.255905
   8.354E-05,   -0.256281
  8.3544E-05,   -0.257035
  8.3548E-05,   -0.257412
  8.3552E-05,   -0.257789
  8.3556E-05,    -0.25892
   8.356E-05,    -0.25892
  8.3564E-05,   -0.259673
  8.3568E-05,   -0.260427
  8.3572E-05,   -0.260804
  8.3576E-05,   -0.261558
   8.358E-05,   -0.261935
  8.3584E-05,   -0.262312
  8.3588E-05,   -0.263442
  8.3592E-05,   -0.263819
  8.3596E-05,   -0.264196
    8.36E-05,    -0.26495
  8.3604E-05,   -0.265327
  8.3608E-05,   -0.266457
  8.3612E-05,   -0.266457
  8.3616E-05,   -0.267211
   8.362E-05,   -0.267965
  8.3624E-05,   -0.267965
  8.3628E-05,   -0.268719
  8.3632E-05,   -0.269095
  8.3636E-05,   -0.269849
   8.364E-05,   -0.270603
  8.3644E-05,   -0.270603
  8.3648E-05,   -0.271357
  8.3652E-05,   -0.272487
  8.3656E-05,   -0.272487
   8.366E-05,   -0.272864
  8.3664E-05,   -0.273618
  8.3668E-05,   -0.273995
  8.3672E-05,   -0.274749
  8.3676E-05,   -0.274749
   8.368E-05,   -0.275503
  8.3684E-05,   -0.276256
  8.3688E-05,   -0.276633
  8.3692E-05,    -0.27701
  8.3696E-05,   -0.277387
    8.37E-05,   -0.278141
  8.3704E-05,   -0.278894
  8.3708E-05,   -0.279271
  8.3712E-05,   -0.279648
  8.3716E-05,   -0.280025
   8.372E-05,   -0.280779
  8.3724E-05,   -0.281533
  8.3728E-05,    -0.28191
  8.3732E-05,    -0.28191
  8.3736E-05,   -0.282663
   8.374E-05,    -0.28304
  8.3744E-05,   -0.283794
  8.3748E-05,   -0.284171
  8.3752E-05,   -0.284171
  8.3756E-05,   -0.285302
   8.376E-05,   -0.285678
  8.3764E-05,   -0.285678
  8.3768E-05,   -0.286809
  8.3772E-05,   -0.286809
  8.3776E-05,   -0.287563
   8.378E-05,    -0.28794
  8.3784E-05,   -0.288317
  8.3788E-05,   -0.288693
  8.3792E-05,    -0.28907
  8.3796E-05,   -0.289824
    8.38E-05,   -0.290578
  8.3804E-05,   -0.290201
  8.3808E-05,   -0.290955
  8.3812E-05,   -0.291709
  8.3816E-05,   -0.291709
   8.382E-05,   -0.292462
  8.3824E-05,   -0.292839
  8.3828E-05,   -0.292839
  8.3832E-05,   -0.293593
  8.3836E-05,    -0.29397
   8.384E-05,   -0.294724
  8.3844E-05,   -0.294724
  8.3848E-05,   -0.295101
  8.3852E-05,   -0.295854
  8.3856E-05,   -0.295854
   8.386E-05,   -0.296608
  8.3864E-05,   -0.296608
  8.3868E-05,   -0.296985
  8.3872E-05,   -0.297739
  8.3876E-05,   -0.297739
   8.388E-05,   -0.298116
  8.3884E-05,   -0.298869
  8.3888E-05,   -0.299246
  8.3892E-05,   -0.299623
  8.3896E-05,   -0.299623
    8.39E-05,        -0.3
  8.3904E-05,   -0.300754
  8.3908E-05,   -0.301131
  8.3912E-05,   -0.301508
  8.3916E-05,   -0.301884
   8.392E-05,   -0.301884
  8.3924E-05,   -0.302261
  8.3928E-05,   -0.302638
  8.3932E-05,   -0.303015
  8.3936E-05,   -0.303392
   8.394E-05,   -0.303392
  8.3944E-05,   -0.304146
  8.3948E-05,   -0.304146
  8.3952E-05,   -0.304523
  8.3956E-05,   -0.304899
   8.396E-05,   -0.305276
  8.3964E-05,   -0.305653
  8.3968E-05,   -0.305653
  8.3972E-05,    -0.30603
  8.3976E-05,    -0.30603
   8.398E-05,   -0.306784
  8.3984E-05,   -0.307161
  8.3988E-05,   -0.306784
  8.3992E-05,   -0.307161
  8.3996E-05,   -0.307915
     8.4E-05,   -0.308291
  8.4004E-05,   -0.307915
  8.4008E-05,   -0.308291
  8.4012E-05,   -0.309045
  8.4016E-05,   -0.308668
   8.402E-05,   -0.309422
  8.4024E-05,   -0.309422
  8.4028E-05,   -0.309422
  8.4032E-05,   -0.309799
  8.4036E-05,   -0.309799
   8.404E-05,   -0.310553
  8.4044E-05,   -0.310553
  8.4048E-05,   -0.310176
  8.4052E-05,    -0.31093
  8.4056E-05,    -0.31093
   8.406E-05,    -0.31093
  8.4064E-05,    -0.31093
  8.4068E-05,    -0.31093
  8.4072E-05,   -0.311683
  8.4076E-05,   -0.311683
   8.408E-05,   -0.311307
  8.4084E-05,    -0.31206
  8.4088E-05,    -0.31206
  8.4092E-05,    -0.31206
  8.4096E-05,   -0.312437
    8.41E-05,    -0.31206
  8.4104E-05,   -0.312437
  8.4108E-05,    -0.31206
  8.4112E-05,   -0.312437
  8.4116E-05,   -0.312814
   8.412E-05,   -0.312437
  8.4124E-05,   -0.312437
  8.4128E-05,   -0.312814
  8.4132E-05,   -0.312814
  8.4136E-05,   -0.312814
   8.414E-05,   -0.312437
  8.4144E-05,   -0.312437
  8.4148E-05,   -0.312814
  8.4152E-05,   -0.312437
  8.4156E-05,   -0.312814
   8.416E-05,   -0.312437
  8.4164E-05,   -0.312437
  8.4168E-05,   -0.312437
  8.4172E-05,   -0.312437
  8.4176E-05,   -0.312437
   8.418E-05,   -0.312437
  8.4184E-05,    -0.31206
  8.4188E-05,   -0.312437
  8.4192E-05,    -0.31206
  8.4196E-05,   -0.311683
    8.42E-05,    -0.31206
  8.4204E-05,   -0.311307
  8.4208E-05,   -0.311307
  8.4212E-05,   -0.311307
  8.4216E-05,    -0.31093
   8.422E-05,    -0.31093
  8.4224E-05,    -0.31093
  8.4228E-05,   -0.310553
  8.4232E-05,   -0.310553
  8.4236E-05,   -0.309799
   8.424E-05,   -0.309422
  8.4244E-05,   -0.309799
  8.4248E-05,   -0.309422
  8.4252E-05,   -0.309045
  8.4256E-05,   -0.308291
   8.426E-05,   -0.308291
  8.4264E-05,   -0.308668
  8.4268E-05,   -0.307538
  8.4272E-05,   -0.307538
  8.4276E-05,   -0.307538
   8.428E-05,   -0.306784
  8.4284E-05,   -0.306784
  8.4288E-05,    -0.30603
  8.4292E-05,    -0.30603
  8.4296E-05,   -0.305653
    8.43E-05,   -0.304523
  8.4304E-05,   -0.304523
  8.4308E-05,   -0.304146
  8.4312E-05,   -0.303769
  8.4316E-05,   -0.303769
   8.432E-05,   -0.302638
  8.4324E-05,   -0.302638
  8.4328E-05,   -0.302261
  8.4332E-05,   -0.301508
  8.4336E-05,   -0.301508
   8.434E-05,   -0.300754
  8.4344E-05,        -0.3
  8.4348E-05,   -0.299623
  8.4352E-05,   -0.299246
  8.4356E-05,   -0.298869
   8.436E-05,   -0.297739
  8.4364E-05,   -0.296985
  8.4368E-05,   -0.296985
  8.4372E-05,   -0.296231
  8.4376E-05,   -0.295101
   8.438E-05,   -0.294724
  8.4384E-05,   -0.294347
  8.4388E-05,    -0.29397
  8.4392E-05,   -0.292839
  8.4396E-05,   -0.292462
    8.44E-05,   -0.292085
  8.4404E-05,   -0.290955
  8.4408E-05,   -0.290201
  8.4412E-05,   -0.289824
  8.4416E-05,    -0.28907
   8.442E-05,    -0.28794
  8.4424E-05,   -0.287563
  8.4428E-05,   -0.286809
  8.4432E-05,   -0.286055
  8.4436E-05,   -0.284925
   8.444E-05,   -0.284171
  8.4444E-05,   -0.283794
  8.4448E-05,   -0.282663
  8.4452E-05,    -0.28191
  8.4456E-05,   -0.281533
   8.446E-05,   -0.280402
  8.4464E-05,   -0.279648
  8.4468E-05,   -0.278894
  8.4472E-05,   -0.277764
  8.4476E-05,    -0.27701
   8.448E-05,   -0.276256
  8.4484E-05,   -0.275503
  8.4488E-05,   -0.274749
  8.4492E-05,   -0.273241
  8.4496E-05,   -0.272864
    8.45E-05,   -0.271734
  8.4504E-05,    -0.27098
  8.4508E-05,   -0.270226
  8.4512E-05,   -0.268719
  8.4516E-05,   -0.268342
   8.452E-05,   -0.266834
  8.4524E-05,    -0.26608
  8.4528E-05,   -0.265704
  8.4532E-05,   -0.263819
  8.4536E-05,   -0.263065
   8.454E-05,   -0.262688
  8.4544E-05,   -0.261558
  8.4548E-05,   -0.260427
  8.4552E-05,   -0.259296
  8.4556E-05,   -0.258543
   8.456E-05,   -0.257412
  8.4564E-05,   -0.255905
  8.4568E-05,   -0.255151
  8.4572E-05,   -0.254397
  8.4576E-05,   -0.253266
   8.458E-05,   -0.252513
  8.4584E-05,   -0.251382
  8.4588E-05,   -0.250251
  8.4592E-05,   -0.249121
  8.4596E-05,   -0.247613
    8.46E-05,   -0.247236
  8.4604E-05,   -0.246106
  8.4608E-05,   -0.244975
  8.4612E-05,   -0.243844
  8.4616E-05,    -0.24309
   8.462E-05,    -0.24196
  8.4624E-05,   -0.240829
  8.4628E-05,   -0.239698
  8.4632E-05,   -0.238568
  8.4636E-05,   -0.237437
   8.464E-05,   -0.236307
  8.4644E-05,   -0.235553
  8.4648E-05,   -0.234422
  8.4652E-05,   -0.233291
  8.4656E-05,   -0.232538
   8.466E-05,   -0.231407
  8.4664E-05,   -0.230276
  8.4668E-05,   -0.229523
  8.4672E-05,   -0.228769
  8.4676E-05,   -0.227638
   8.468E-05,   -0.226131
  8.4684E-05,   -0.225754
  8.4688E-05,   -0.224623
  8.4692E-05,   -0.223116
  8.4696E-05,   -0.222362
    8.47E-05,   -0.221985
  8.4704E-05,   -0.220854
  8.4708E-05,   -0.219724
  8.4712E-05,   -0.218593
  8.4716E-05,   -0.217839
   8.472E-05,   -0.217085
  8.4724E-05,   -0.215955
  8.4728E-05,   -0.215578
  8.4732E-05,   -0.214447
  8.4736E-05,   -0.213317
   8.474E-05,    -0.21294
  8.4744E-05,   -0.211809
  8.4748E-05,   -0.211055
  8.4752E-05,   -0.209925
  8.4756E-05,   -0.209171
   8.476E-05,   -0.208794
  8.4764E-05,   -0.207286
  8.4768E-05,    -0.20691
  8.4772E-05,   -0.206533
  8.4776E-05,   -0.205779
   8.478E-05,   -0.205025
  8.4784E-05,   -0.204271
  8.4788E-05,   -0.203894
  8.4792E-05,   -0.203141
  8.4796E-05,   -0.202387
    8.48E-05,    -0.20201
  8.4804E-05,   -0.201256
  8.4808E-05,   -0.200879
  8.4812E-05,   -0.200503
  8.4816E-05,   -0.200126
   8.482E-05,   -0.199749
  8.4824E-05,   -0.199372
  8.4828E-05,   -0.198618
  8.4832E-05,   -0.198618
  8.4836E-05,   -0.197864
   8.484E-05,   -0.197487
  8.4844E-05,   -0.197487
  8.4848E-05,   -0.197111
  8.4852E-05,   -0.196734
  8.4856E-05,   -0.196357
   8.486E-05,    -0.19598
  8.4864E-05,    -0.19598
  8.4868E-05,   -0.195603
  8.4872E-05,    -0.19598
  8.4876E-05,    -0.19598
   8.488E-05,   -0.195603
  8.4884E-05,   -0.195603
  8.4888E-05,   -0.195603
  8.4892E-05,    -0.19598
  8.4896E-05,   -0.195603
    8.49E-05,   -0.195603
  8.4904E-05,   -0.195603
  8.4908E-05,   -0.196357
  8.4912E-05,   -0.196357
  8.4916E-05,   -0.196357
   8.492E-05,   -0.197111
  8.4924E-05,   -0.197111
  8.4928E-05,   -0.197487
  8.4932E-05,   -0.197864
  8.4936E-05,   -0.198618
   8.494E-05,   -0.198995
  8.4944E-05,   -0.199372
  8.4948E-05,   -0.199749
  8.4952E-05,   -0.200503
  8.4956E-05,   -0.200879
   8.496E-05,   -0.201633
  8.4964E-05,   -0.202764
  8.4968E-05,   -0.203141
  8.4972E-05,   -0.203518
  8.4976E-05,   -0.204271
   8.498E-05,   -0.205402
  8.4984E-05,   -0.206533
  8.4988E-05,    -0.20691
  8.4992E-05,    -0.20804
  8.4996E-05,   -0.208794
     8.5E-05,   -0.209925
  8.5004E-05,   -0.211055
  8.5008E-05,   -0.212186
  8.5012E-05,   -0.213693
  8.5016E-05,   -0.214447
   8.502E-05,   -0.215955
  8.5024E-05,   -0.217462
  8.5028E-05,   -0.218216
  8.5032E-05,   -0.219724
  8.5036E-05,   -0.220854
   8.504E-05,   -0.222362
  8.5044E-05,   -0.223869
  8.5048E-05,   -0.225377
  8.5052E-05,   -0.226884
  8.5056E-05,   -0.228392
   8.506E-05,   -0.229899
  8.5064E-05,   -0.231784
  8.5068E-05,   -0.233291
  8.5072E-05,   -0.235176
  8.5076E-05,    -0.23706
   8.508E-05,   -0.238568
  8.5084E-05,   -0.240452
  8.5088E-05,   -0.242337
  8.5092E-05,   -0.243844
  8.5096E-05,   -0.246106
    8.51E-05,   -0.248367
  8.5104E-05,   -0.249874
  8.5108E-05,   -0.252136
  8.5112E-05,   -0.254397
  8.5116E-05,   -0.256658
   8.512E-05,   -0.258543
  8.5124E-05,   -0.260804
  8.5128E-05,   -0.262688
  8.5132E-05,    -0.26495
  8.5136E-05,   -0.267211
   8.514E-05,   -0.269472
  8.5144E-05,   -0.271734
  8.5148E-05,   -0.273995
  8.5152E-05,    -0.27701
  8.5156E-05,   -0.278894
   8.516E-05,   -0.281156
  8.5164E-05,   -0.283794
  8.5168E-05,   -0.286432
  8.5172E-05,    -0.28907
  8.5176E-05,   -0.290955
   8.518E-05,   -0.293593
  8.5184E-05,   -0.296608
  8.5188E-05,   -0.298869
  8.5192E-05,   -0.301884
  8.5196E-05,   -0.304146
    8.52E-05,   -0.306784
  8.5204E-05,   -0.309422
  8.5208E-05,    -0.31206
  8.5212E-05,   -0.315452
  8.5216E-05,    -0.31809
   8.522E-05,   -0.320352
  8.5224E-05,   -0.323367
  8.5228E-05,   -0.326005
  8.5232E-05,   -0.328643
  8.5236E-05,   -0.331658
   8.524E-05,   -0.334296
  8.5244E-05,   -0.337688
  8.5248E-05,   -0.339573
  8.5252E-05,   -0.342211
  8.5256E-05,   -0.345603
   8.526E-05,   -0.348241
  8.5264E-05,   -0.351256
  8.5268E-05,   -0.353518
  8.5272E-05,   -0.356156
  8.5276E-05,   -0.359548
   8.528E-05,   -0.362186
  8.5284E-05,   -0.365201
  8.5288E-05,   -0.367839
  8.5292E-05,     -0.3701
  8.5296E-05,   -0.373492
    8.53E-05,   -0.376508
  8.5304E-05,   -0.379146
  8.5308E-05,   -0.381784
  8.5312E-05,   -0.384422
  8.5316E-05,   -0.387437
   8.532E-05,   -0.390075
  8.5324E-05,   -0.392714
  8.5328E-05,   -0.395352
  8.5332E-05,    -0.39799
  8.5336E-05,   -0.400628
   8.534E-05,   -0.403643
  8.5344E-05,   -0.405905
  8.5348E-05,   -0.408543
  8.5352E-05,   -0.411558
  8.5356E-05,   -0.414196
   8.536E-05,   -0.416834
  8.5364E-05,   -0.419095
  8.5368E-05,   -0.421734
  8.5372E-05,   -0.424372
  8.5376E-05,   -0.426256
   8.538E-05,   -0.428518
  8.5384E-05,   -0.431156
  8.5388E-05,   -0.433417
  8.5392E-05,   -0.435678
  8.5396E-05,    -0.43794
    8.54E-05,   -0.440201
  8.5404E-05,   -0.442085
  8.5408E-05,    -0.44397
  8.5412E-05,   -0.446231
  8.5416E-05,   -0.448492
   8.542E-05,       -0.45
  8.5424E-05,   -0.452261
  8.5428E-05,   -0.454146
  8.5432E-05,   -0.455653
  8.5436E-05,   -0.457161
   8.544E-05,   -0.458668
  8.5444E-05,    -0.46093
  8.5448E-05,   -0.462437
  8.5452E-05,   -0.463945
  8.5456E-05,   -0.465452
   8.546E-05,   -0.466583
  8.5464E-05,   -0.467714
  8.5468E-05,   -0.468844
  8.5472E-05,   -0.470352
  8.5476E-05,   -0.471482
   8.548E-05,   -0.472236
  8.5484E-05,   -0.473367
  8.5488E-05,   -0.474497
  8.5492E-05,   -0.475251
  8.5496E-05,   -0.476005
    8.55E-05,   -0.476759
  8.5504E-05,   -0.477136
  8.5508E-05,   -0.477889
  8.5512E-05,   -0.478266
  8.5516E-05,   -0.478643
   8.552E-05,    -0.47902
  8.5524E-05,   -0.479397
  8.5528E-05,   -0.479774
  8.5532E-05,   -0.479397
  8.5536E-05,   -0.479397
   8.554E-05,   -0.479397
  8.5544E-05,   -0.479774
  8.5548E-05,    -0.47902
  8.5552E-05,   -0.478643
  8.5556E-05,   -0.478266
   8.556E-05,   -0.478266
  8.5564E-05,   -0.477513
  8.5568E-05,   -0.476759
  8.5572E-05,   -0.476005
  8.5576E-05,   -0.475628
   8.558E-05,   -0.474497
  8.5584E-05,   -0.473744
  8.5588E-05,   -0.472613
  8.5592E-05,   -0.471106
  8.5596E-05,   -0.469975
    8.56E-05,   -0.468844
  8.5604E-05,   -0.467714
  8.5608E-05,   -0.465829
  8.5612E-05,   -0.463945
  8.5616E-05,   -0.462814
   8.562E-05,    -0.46093
  8.5624E-05,   -0.458668
  8.5628E-05,   -0.457161
  8.5632E-05,   -0.455276
  8.5636E-05,   -0.453015
   8.564E-05,   -0.450377
  8.5644E-05,   -0.448116
  8.5648E-05,   -0.446231
  8.5652E-05,   -0.443216
  8.5656E-05,   -0.440955
   8.566E-05,    -0.43794
  8.5664E-05,   -0.435302
  8.5668E-05,   -0.432663
  8.5672E-05,   -0.429271
  8.5676E-05,   -0.426633
   8.568E-05,   -0.423241
  8.5684E-05,   -0.419849
  8.5688E-05,   -0.416834
  8.5692E-05,   -0.413065
  8.5696E-05,   -0.409673
    8.57E-05,   -0.405905
  8.5704E-05,   -0.402136
  8.5708E-05,   -0.398744
  8.5712E-05,   -0.394975
  8.5716E-05,   -0.390452
   8.572E-05,   -0.386683
  8.5724E-05,   -0.382538
  8.5728E-05,   -0.378392
  8.5732E-05,   -0.374246
  8.5736E-05,   -0.369724
   8.574E-05,   -0.365578
  8.5744E-05,   -0.361055
  8.5748E-05,   -0.356533
  8.5752E-05,    -0.35201
  8.5756E-05,   -0.347111
   8.576E-05,   -0.342588
  8.5764E-05,   -0.337312
  8.5768E-05,   -0.332412
  8.5772E-05,   -0.327513
  8.5776E-05,   -0.322613
   8.578E-05,   -0.317337
  8.5784E-05,   -0.312437
  8.5788E-05,   -0.306784
  8.5792E-05,   -0.301508
  8.5796E-05,   -0.296231
    8.58E-05,   -0.290578
  8.5804E-05,   -0.284925
  8.5808E-05,   -0.279271
  8.5812E-05,   -0.273618
  8.5816E-05,   -0.267965
   8.582E-05,   -0.261935
  8.5824E-05,   -0.255905
  8.5828E-05,   -0.249874
  8.5832E-05,   -0.243844
  8.5836E-05,   -0.238191
   8.584E-05,   -0.231784
  8.5844E-05,   -0.225754
  8.5848E-05,   -0.219347
  8.5852E-05,    -0.21294
  8.5856E-05,    -0.20691
   8.586E-05,   -0.200126
  8.5864E-05,   -0.193719
  8.5868E-05,   -0.187312
  8.5872E-05,   -0.180905
  8.5876E-05,   -0.174121
   8.588E-05,   -0.167714
  8.5884E-05,    -0.16093
  8.5888E-05,   -0.153769
  8.5892E-05,   -0.147362
  8.5896E-05,   -0.140578
    8.59E-05,   -0.134171
  8.5904E-05,   -0.126633
  8.5908E-05,   -0.119849
  8.5912E-05,   -0.113065
  8.5916E-05,   -0.105905
   8.592E-05,  -0.0991206
  8.5924E-05,  -0.0919598
  8.5928E-05,   -0.084799
  8.5932E-05,  -0.0776382
  8.5936E-05,  -0.0704774
   8.594E-05,  -0.0640704
  8.5944E-05,  -0.0569095
  8.5948E-05,  -0.0497487
  8.5952E-05,  -0.0425879
  8.5956E-05,   -0.035804
   8.596E-05,  -0.0286432
  8.5964E-05,  -0.0218593
  8.5968E-05,  -0.0150754
  8.5972E-05, -0.00791457
  8.5976E-05, -0.00113065
   8.598E-05,  0.00603015
  8.5984E-05,   0.0124372
  8.5988E-05,    0.019598
  8.5992E-05,   0.0267588
  8.5996E-05,   0.0335427
     8.6E-05,   0.0407035
  8.6004E-05,   0.0478643
  8.6008E-05,   0.0550251
  8.6012E-05,    0.061809
  8.6016E-05,   0.0689698
   8.602E-05,   0.0757538
  8.6024E-05,   0.0825377
  8.6028E-05,   0.0893216
  8.6032E-05,   0.0964824
  8.6036E-05,    0.103266
   8.604E-05,     0.11005
  8.6044E-05,    0.116834
  8.6048E-05,    0.123241
  8.6052E-05,    0.130025
  8.6056E-05,    0.136809
   8.606E-05,    0.143216
  8.6064E-05,    0.150754
  8.6068E-05,    0.157161
  8.6072E-05,    0.163191
  8.6076E-05,    0.169975
   8.608E-05,    0.176382
  8.6084E-05,    0.183166
  8.6088E-05,    0.189573
  8.6092E-05,    0.195603
  8.6096E-05,     0.20201
    8.61E-05,     0.20804
  8.6104E-05,    0.214824
  8.6108E-05,    0.220854
  8.6112E-05,    0.226508
  8.6116E-05,    0.232538
   8.612E-05,    0.238945
  8.6124E-05,    0.244598
  8.6128E-05,    0.250628
  8.6132E-05,    0.256281
  8.6136E-05,    0.261935
   8.614E-05,    0.267588
  8.6144E-05,    0.273241
  8.6148E-05,    0.278894
  8.6152E-05,    0.284171
  8.6156E-05,    0.289447
   8.616E-05,    0.294724
  8.6164E-05,    0.299623
  8.6168E-05,    0.305276
  8.6172E-05,    0.309799
  8.6176E-05,    0.314698
   8.618E-05,    0.319975
  8.6184E-05,    0.324874
  8.6188E-05,    0.329774
  8.6192E-05,    0.334296
  8.6196E-05,    0.339196
    8.62E-05,    0.343719
  8.6204E-05,    0.347864
  8.6208E-05,    0.352387
  8.6212E-05,     0.35691
  8.6216E-05,    0.361055
   8.622E-05,    0.365578
  8.6224E-05,    0.369347
  8.6228E-05,    0.373116
  8.6232E-05,    0.377261
  8.6236E-05,     0.38103
   8.624E-05,    0.384799
  8.6244E-05,    0.388191
  8.6248E-05,    0.391583
  8.6252E-05,    0.395352
  8.6256E-05,    0.398744
   8.626E-05,    0.401759
  8.6264E-05,    0.405151
  8.6268E-05,    0.408166
  8.6272E-05,    0.411181
  8.6276E-05,    0.414196
   8.628E-05,    0.416834
  8.6284E-05,    0.419472
  8.6288E-05,    0.422111
  8.6292E-05,    0.424749
  8.6296E-05,    0.427387
    8.63E-05,    0.429648
  8.6304E-05,    0.431533
  8.6308E-05,    0.433794
  8.6312E-05,    0.435678
  8.6316E-05,    0.437563
   8.632E-05,    0.439447
  8.6324E-05,    0.440955
  8.6328E-05,    0.442839
  8.6332E-05,    0.444347
  8.6336E-05,    0.445854
   8.634E-05,    0.447362
  8.6344E-05,    0.448492
  8.6348E-05,    0.449623
  8.6352E-05,        0.45
  8.6356E-05,    0.451131
   8.636E-05,    0.452261
  8.6364E-05,    0.453015
  8.6368E-05,    0.453769
  8.6372E-05,    0.453769
  8.6376E-05,    0.454523
   8.638E-05,    0.454899
  8.6384E-05,    0.454899
  8.6388E-05,    0.455276
  8.6392E-05,    0.455653
  8.6396E-05,    0.455276
    8.64E-05,    0.455276
  8.6404E-05,    0.454899
  8.6408E-05,    0.454523
  8.6412E-05,    0.454146
  8.6416E-05,    0.453769
   8.642E-05,    0.453392
  8.6424E-05,    0.452261
  8.6428E-05,    0.451508
  8.6432E-05,    0.450754
  8.6436E-05,    0.449246
   8.644E-05,    0.448116
  8.6444E-05,    0.446985
  8.6448E-05,    0.445477
  8.6452E-05,    0.444347
  8.6456E-05,    0.442839
   8.646E-05,    0.441332
  8.6464E-05,    0.439447
  8.6468E-05,    0.437563
  8.6472E-05,    0.435678
  8.6476E-05,    0.433794
   8.648E-05,    0.431533
  8.6484E-05,    0.429271
  8.6488E-05,    0.427387
  8.6492E-05,    0.425126
  8.6496E-05,    0.422487
    8.65E-05,    0.419849
  8.6504E-05,    0.417211
  8.6508E-05,    0.414573
  8.6512E-05,    0.411558
  8.6516E-05,    0.408543
   8.652E-05,    0.405528
  8.6524E-05,    0.402513
  8.6528E-05,    0.399121
  8.6532E-05,    0.396106
  8.6536E-05,    0.392714
   8.654E-05,    0.389322
  8.6544E-05,    0.385176
  8.6548E-05,    0.381784
  8.6552E-05,    0.378769
  8.6556E-05,    0.374623
   8.656E-05,    0.370477
  8.6564E-05,    0.366332
  8.6568E-05,    0.362563
  8.6572E-05,    0.358794
  8.6576E-05,    0.354271
   8.658E-05,    0.350503
  8.6584E-05,    0.345603
  8.6588E-05,     0.34108
  8.6592E-05,    0.337312
  8.6596E-05,    0.332789
    8.66E-05,    0.327513
  8.6604E-05,    0.322613
  8.6608E-05,     0.31809
  8.6612E-05,    0.313945
  8.6616E-05,    0.308668
   8.662E-05,    0.303392
  8.6624E-05,    0.298869
  8.6628E-05,    0.293593
  8.6632E-05,    0.288693
  8.6636E-05,    0.283417
   8.664E-05,    0.278518
  8.6644E-05,    0.273241
  8.6648E-05,    0.267588
  8.6652E-05,    0.262312
  8.6656E-05,    0.256658
   8.666E-05,    0.251382
  8.6664E-05,    0.246106
  8.6668E-05,    0.240075
  8.6672E-05,    0.234422
  8.6676E-05,    0.229146
   8.668E-05,    0.223116
  8.6684E-05,    0.216709
  8.6688E-05,    0.211055
  8.6692E-05,    0.205402
  8.6696E-05,    0.199372
    8.67E-05,    0.192965
  8.6704E-05,    0.186935
  8.6708E-05,    0.181281
  8.6712E-05,    0.174497
  8.6716E-05,     0.16809
   8.672E-05,    0.162437
  8.6724E-05,     0.15603
  8.6728E-05,    0.149246
  8.6732E-05,    0.142839
  8.6736E-05,    0.136809
   8.674E-05,    0.130402
  8.6744E-05,    0.123618
  8.6748E-05,    0.117588
  8.6752E-05,    0.111181
  8.6756E-05,    0.104774
   8.676E-05,   0.0979899
  8.6764E-05,   0.0919598
  8.6768E-05,   0.0855528
  8.6772E-05,   0.0787688
  8.6776E-05,   0.0719849
   8.678E-05,   0.0659548
  8.6784E-05,   0.0591709
  8.6788E-05,   0.0523869
  8.6792E-05,   0.0459799
  8.6796E-05,   0.0395729
    8.68E-05,   0.0324121
  8.6804E-05,   0.0263819
  8.6808E-05,   0.0199749
  8.6812E-05,   0.0139447
  8.6816E-05,  0.00678392
   8.682E-05, 0.000376884
  8.6824E-05, -0.00603015
  8.6828E-05,  -0.0128141
  8.6832E-05,  -0.0192211
  8.6836E-05,  -0.0256281
   8.684E-05,  -0.0327889
  8.6844E-05,   -0.039196
  8.6848E-05,  -0.0452261
  8.6852E-05,  -0.0516332
  8.6856E-05,  -0.0584171
   8.686E-05,   -0.065201
  8.6864E-05,  -0.0712312
  8.6868E-05,  -0.0776382
  8.6872E-05,   -0.084799
  8.6876E-05,   -0.091206
   8.688E-05,  -0.0976131
  8.6884E-05,    -0.10402
  8.6888E-05,   -0.110804
  8.6892E-05,   -0.116834
  8.6896E-05,   -0.122864
    8.69E-05,   -0.129271
  8.6904E-05,   -0.135302
  8.6908E-05,   -0.141332
  8.6912E-05,   -0.147739
  8.6916E-05,   -0.154146
   8.692E-05,   -0.160176
  8.6924E-05,   -0.165829
  8.6928E-05,   -0.172236
  8.6932E-05,   -0.178643
  8.6936E-05,   -0.184296
   8.694E-05,    -0.18995
  8.6944E-05,   -0.195603
  8.6948E-05,   -0.201633
  8.6952E-05,   -0.207286
  8.6956E-05,    -0.21294
   8.696E-05,   -0.218593
  8.6964E-05,   -0.223869
  8.6968E-05,   -0.228769
  8.6972E-05,   -0.234422
  8.6976E-05,   -0.240075
   8.698E-05,   -0.244975
  8.6984E-05,   -0.249874
  8.6988E-05,   -0.255528
  8.6992E-05,   -0.260427
  8.6996E-05,   -0.265327
     8.7E-05,   -0.269849
  8.7004E-05,   -0.274749
  8.7008E-05,   -0.279648
  8.7012E-05,   -0.284548
  8.7016E-05,    -0.28907
   8.702E-05,   -0.293593
  8.7024E-05,   -0.298116
  8.7028E-05,   -0.302638
  8.7032E-05,   -0.307161
  8.7036E-05,   -0.311307
   8.704E-05,   -0.315829
  8.7044E-05,   -0.319975
  8.7048E-05,   -0.323744
  8.7052E-05,   -0.328266
  8.7056E-05,   -0.332035
   8.706E-05,   -0.335804
  8.7064E-05,   -0.339573
  8.7068E-05,   -0.343342
  8.7072E-05,   -0.347111
  8.7076E-05,   -0.350126
   8.708E-05,   -0.353518
  8.7084E-05,    -0.35691
  8.7088E-05,   -0.360301
  8.7092E-05,   -0.363317
  8.7096E-05,   -0.366332
    8.71E-05,   -0.369724
  8.7104E-05,   -0.372362
  8.7108E-05,   -0.375377
  8.7112E-05,   -0.378392
  8.7116E-05,    -0.38103
   8.712E-05,   -0.383291
  8.7124E-05,   -0.385553
  8.7128E-05,   -0.388568
  8.7132E-05,   -0.390829
  8.7136E-05,    -0.39309
   8.714E-05,   -0.394975
  8.7144E-05,   -0.397236
  8.7148E-05,   -0.399121
  8.7152E-05,   -0.401382
  8.7156E-05,   -0.403266
   8.716E-05,   -0.404774
  8.7164E-05,   -0.406281
  8.7168E-05,   -0.407789
  8.7172E-05,   -0.409296
  8.7176E-05,   -0.410804
   8.718E-05,   -0.411935
  8.7184E-05,   -0.413065
  8.7188E-05,   -0.414196
  8.7192E-05,   -0.415327
  8.7196E-05,   -0.416457
    8.72E-05,   -0.417211
  8.7204E-05,   -0.417588
  8.7208E-05,   -0.418342
  8.7212E-05,   -0.419472
  8.7216E-05,   -0.419472
   8.722E-05,   -0.419849
  8.7224E-05,   -0.420226
  8.7228E-05,   -0.420603
  8.7232E-05,    -0.42098
  8.7236E-05,   -0.420603
   8.724E-05,   -0.420603
  8.7244E-05,   -0.420226
  8.7248E-05,   -0.420226
  8.7252E-05,   -0.420226
  8.7256E-05,   -0.419849
   8.726E-05,   -0.419472
  8.7264E-05,   -0.418719
  8.7268E-05,   -0.418342
  8.7272E-05,   -0.417965
  8.7276E-05,   -0.416834
   8.728E-05,   -0.415704
  8.7284E-05,    -0.41495
  8.7288E-05,   -0.414573
  8.7292E-05,   -0.413442
  8.7296E-05,   -0.411935
    8.73E-05,   -0.410427
  8.7304E-05,   -0.409673
  8.7308E-05,   -0.408166
  8.7312E-05,   -0.406658
  8.7316E-05,   -0.405528
   8.732E-05,    -0.40402
  8.7324E-05,   -0.402513
  8.7328E-05,   -0.400628
  8.7332E-05,   -0.399121
  8.7336E-05,   -0.397236
   8.734E-05,   -0.394975
  8.7344E-05,   -0.393467
  8.7348E-05,   -0.391583
  8.7352E-05,   -0.389698
  8.7356E-05,   -0.387437
   8.736E-05,   -0.385176
  8.7364E-05,   -0.382915
  8.7368E-05,   -0.380653
  8.7372E-05,   -0.378392
  8.7376E-05,   -0.376508
   8.738E-05,   -0.373869
  8.7384E-05,   -0.371231
  8.7388E-05,    -0.36897
  8.7392E-05,   -0.366332
  8.7396E-05,   -0.363693
    8.74E-05,   -0.361055
  8.7404E-05,   -0.358417
  8.7408E-05,   -0.355779
  8.7412E-05,   -0.353141
  8.7416E-05,   -0.350503
   8.742E-05,   -0.347487
  8.7424E-05,   -0.344472
  8.7428E-05,   -0.341834
  8.7432E-05,   -0.339196
  8.7436E-05,   -0.336181
   8.744E-05,   -0.332789
  8.7444E-05,   -0.330151
  8.7448E-05,   -0.327513
  8.7452E-05,   -0.324121
  8.7456E-05,   -0.320729
   8.746E-05,   -0.317714
  8.7464E-05,   -0.315075
  8.7468E-05,    -0.31206
  8.7472E-05,   -0.308668
  8.7476E-05,   -0.305653
   8.748E-05,   -0.302261
  8.7484E-05,   -0.299246
  8.7488E-05,   -0.296231
  8.7492E-05,   -0.292839
  8.7496E-05,   -0.289447
    8.75E-05,   -0.286055
  8.7504E-05,    -0.28304
  8.7508E-05,   -0.280025
  8.7512E-05,   -0.276633
  8.7516E-05,   -0.273241
   8.752E-05,   -0.269849
  8.7524E-05,   -0.266834
  8.7528E-05,   -0.263819
  8.7532E-05,   -0.260427
  8.7536E-05,   -0.257035
   8.754E-05,   -0.253643
  8.7544E-05,   -0.250628
  8.7548E-05,   -0.247613
  8.7552E-05,   -0.244221
  8.7556E-05,   -0.240829
   8.756E-05,   -0.237814
  8.7564E-05,   -0.234799
  8.7568E-05,   -0.231407
  8.7572E-05,   -0.228015
  8.7576E-05,      -0.225
   8.758E-05,   -0.221985
  8.7584E-05,   -0.218593
  8.7588E-05,   -0.215578
  8.7592E-05,   -0.212563
  8.7596E-05,   -0.209171
    8.76E-05,   -0.206156
  8.7604E-05,   -0.203518
  8.7608E-05,   -0.200503
  8.7612E-05,   -0.197111
  8.7616E-05,   -0.194472
   8.762E-05,   -0.191457
  8.7624E-05,   -0.188442
  8.7628E-05,   -0.185427
  8.7632E-05,   -0.182789
  8.7636E-05,   -0.179774
   8.764E-05,   -0.177136
  8.7644E-05,   -0.174121
  8.7648E-05,   -0.171482
  8.7652E-05,   -0.168844
  8.7656E-05,   -0.166206
   8.766E-05,   -0.163568
  8.7664E-05,    -0.16093
  8.7668E-05,   -0.157915
  8.7672E-05,   -0.155653
  8.7676E-05,   -0.153392
   8.768E-05,   -0.150754
  8.7684E-05,   -0.148116
  8.7688E-05,   -0.145477
  8.7692E-05,   -0.143216
  8.7696E-05,   -0.140955
    8.77E-05,   -0.138317
  8.7704E-05,   -0.136055
  8.7708E-05,   -0.133794
  8.7712E-05,    -0.13191
  8.7716E-05,   -0.129648
   8.772E-05,    -0.12701
  8.7724E-05,   -0.125126
  8.7728E-05,   -0.123618
  8.7732E-05,   -0.121357
  8.7736E-05,   -0.119472
   8.774E-05,   -0.117211
  8.7744E-05,   -0.115704
  8.7748E-05,   -0.113819
  8.7752E-05,   -0.111935
  8.7756E-05,   -0.110804
   8.776E-05,   -0.108543
  8.7764E-05,   -0.106658
  8.7768E-05,   -0.105528
  8.7772E-05,    -0.10402
  8.7776E-05,   -0.102136
   8.778E-05,   -0.100251
  8.7784E-05,  -0.0991206
  8.7788E-05,  -0.0979899
  8.7792E-05,  -0.0961055
  8.7796E-05,   -0.094598
    8.78E-05,  -0.0938442
  8.7804E-05,  -0.0919598
  8.7808E-05,  -0.0908291
  8.7812E-05,  -0.0896985
  8.7816E-05,   -0.088191
   8.782E-05,  -0.0870603
  8.7824E-05,  -0.0859296
  8.7828E-05,  -0.0851759
  8.7832E-05,  -0.0836683
  8.7836E-05,  -0.0829146
   8.784E-05,  -0.0821608
  8.7844E-05,   -0.081407
  8.7848E-05,  -0.0802764
  8.7852E-05,  -0.0795226
  8.7856E-05,  -0.0787688
   8.786E-05,  -0.0780151
  8.7864E-05,  -0.0772613
  8.7868E-05,  -0.0765075
  8.7872E-05,  -0.0757538
  8.7876E-05,      -0.075
   8.788E-05,  -0.0746231
  8.7884E-05,  -0.0742462
  8.7888E-05,  -0.0734925
  8.7892E-05,  -0.0727387
  8.7896E-05,  -0.0723618
    8.79E-05,  -0.0719849
  8.7904E-05,  -0.0712312
  8.7908E-05,  -0.0708543
  8.7912E-05,  -0.0704774
  8.7916E-05,  -0.0704774
   8.792E-05,  -0.0701005
  8.7924E-05,  -0.0697236
  8.7928E-05,  -0.0697236
  8.7932E-05,  -0.0693467
  8.7936E-05,  -0.0689698
   8.794E-05,   -0.068593
  8.7944E-05,   -0.068593
  8.7948E-05,   -0.068593
  8.7952E-05,   -0.068593
  8.7956E-05,   -0.068593
   8.796E-05,   -0.068593
  8.7964E-05,  -0.0678392
  8.7968E-05,  -0.0678392
  8.7972E-05,  -0.0682161
  8.7976E-05,  -0.0682161
   8.798E-05,  -0.0682161
  8.7984E-05,  -0.0682161
  8.7988E-05,   -0.068593
  8.7992E-05,  -0.0682161
  8.7996E-05,  -0.0682161
     8.8E-05,   -0.068593
  8.8004E-05,   -0.068593
  8.8008E-05,   -0.068593
  8.8012E-05,   -0.068593
  8.8016E-05,   -0.068593
   8.802E-05,  -0.0689698
  8.8024E-05,  -0.0693467
  8.8028E-05,  -0.0693467
  8.8032E-05,  -0.0693467
  8.8036E-05,  -0.0693467
   8.804E-05,  -0.0697236
  8.8044E-05,  -0.0704774
  8.8048E-05,  -0.0701005
  8.8052E-05,  -0.0704774
  8.8056E-05,  -0.0704774
   8.806E-05,  -0.0708543
  8.8064E-05,  -0.0712312
  8.8068E-05,  -0.0712312
  8.8072E-05,  -0.0719849
  8.8076E-05,  -0.0719849
   8.808E-05,  -0.0723618
  8.8084E-05,  -0.0727387
  8.8088E-05,  -0.0727387
  8.8092E-05,  -0.0731156
  8.8096E-05,  -0.0731156
    8.81E-05,  -0.0738693
  8.8104E-05,  -0.0738693
  8.8108E-05,  -0.0742462
  8.8112E-05,  -0.0742462
  8.8116E-05,      -0.075
   8.812E-05,      -0.075
  8.8124E-05,      -0.075
  8.8128E-05,  -0.0753769
  8.8132E-05,  -0.0757538
  8.8136E-05,  -0.0761307
   8.814E-05,  -0.0761307
  8.8144E-05,  -0.0761307
  8.8148E-05,  -0.0768844
  8.8152E-05,  -0.0768844
  8.8156E-05,  -0.0772613
   8.816E-05,  -0.0772613
  8.8164E-05,  -0.0776382
  8.8168E-05,  -0.0780151
  8.8172E-05,  -0.0780151
  8.8176E-05,   -0.078392
   8.818E-05,   -0.078392
  8.8184E-05,   -0.078392
  8.8188E-05,  -0.0787688
  8.8192E-05,  -0.0795226
  8.8196E-05,  -0.0791457
    8.82E-05,  -0.0791457
  8.8204E-05,  -0.0795226
  8.8208E-05,  -0.0798995
  8.8212E-05,  -0.0798995
  8.8216E-05,  -0.0798995
   8.822E-05,  -0.0802764
  8.8224E-05,  -0.0802764
  8.8228E-05,  -0.0802764
  8.8232E-05,  -0.0806533
  8.8236E-05,  -0.0806533
   8.824E-05,  -0.0806533
  8.8244E-05,  -0.0806533
  8.8248E-05,  -0.0810302
  8.8252E-05,   -0.081407
  8.8256E-05,  -0.0810302
   8.826E-05,  -0.0810302
  8.8264E-05,   -0.081407
  8.8268E-05,   -0.081407
  8.8272E-05,   -0.081407
  8.8276E-05,   -0.081407
   8.828E-05,   -0.081407
  8.8284E-05,   -0.081407
  8.8288E-05,   -0.081407
  8.8292E-05,  -0.0810302
  8.8296E-05,   -0.081407
    8.83E-05,  -0.0810302
  8.8304E-05,  -0.0810302
  8.8308E-05,  -0.0810302
  8.8312E-05,  -0.0810302
  8.8316E-05,  -0.0810302
   8.832E-05,  -0.0810302
  8.8324E-05,  -0.0806533
  8.8328E-05,  -0.0806533
  8.8332E-05,  -0.0806533
  8.8336E-05,  -0.0806533
   8.834E-05,  -0.0802764
  8.8344E-05,  -0.0806533
  8.8348E-05,  -0.0802764
  8.8352E-05,  -0.0802764
  8.8356E-05,  -0.0798995
   8.836E-05,  -0.0798995
  8.8364E-05,  -0.0795226
  8.8368E-05,  -0.0795226
  8.8372E-05,  -0.0791457
  8.8376E-05,  -0.0791457
   8.838E-05,  -0.0791457
  8.8384E-05,  -0.0787688
  8.8388E-05,   -0.078392
  8.8392E-05,   -0.078392
  8.8396E-05,  -0.0780151
    8.84E-05,  -0.0780151
  8.8404E-05,  -0.0776382
  8.8408E-05,  -0.0776382
  8.8412E-05,  -0.0772613
  8.8416E-05,  -0.0768844
   8.842E-05,  -0.0765075
  8.8424E-05,  -0.0765075
  8.8428E-05,  -0.0761307
  8.8432E-05,  -0.0761307
  8.8436E-05,  -0.0753769
   8.844E-05,  -0.0753769
  8.8444E-05,      -0.075
  8.8448E-05,  -0.0746231
  8.8452E-05,  -0.0746231
  8.8456E-05,  -0.0742462
   8.846E-05,  -0.0738693
  8.8464E-05,  -0.0734925
  8.8468E-05,  -0.0734925
  8.8472E-05,  -0.0731156
  8.8476E-05,  -0.0723618
   8.848E-05,  -0.0719849
  8.8484E-05,  -0.0719849
  8.8488E-05,   -0.071608
  8.8492E-05,   -0.071608
  8.8496E-05,  -0.0712312
    8.85E-05,  -0.0708543
  8.8504E-05,  -0.0704774
  8.8508E-05,  -0.0701005
  8.8512E-05,  -0.0701005
  8.8516E-05,  -0.0693467
   8.852E-05,  -0.0689698
  8.8524E-05,  -0.0689698
  8.8528E-05,  -0.0689698
  8.8532E-05,  -0.0682161
  8.8536E-05,  -0.0678392
   8.854E-05,  -0.0678392
  8.8544E-05,  -0.0674623
  8.8548E-05,  -0.0667085
  8.8552E-05,  -0.0667085
  8.8556E-05,  -0.0667085
   8.856E-05,  -0.0663317
  8.8564E-05,  -0.0659548
  8.8568E-05,   -0.065201
  8.8572E-05,   -0.065201
  8.8576E-05,  -0.0648241
   8.858E-05,  -0.0648241
  8.8584E-05,  -0.0644472
  8.8588E-05,  -0.0636935
  8.8592E-05,  -0.0633166
  8.8596E-05,  -0.0629397
    8.86E-05,  -0.0629397
  8.8604E-05,  -0.0625628
  8.8608E-05,  -0.0621859
  8.8612E-05,   -0.061809
  8.8616E-05,  -0.0614322
   8.862E-05,  -0.0614322
  8.8624E-05,  -0.0610553
  8.8628E-05,  -0.0606784
  8.8632E-05,  -0.0603015
  8.8636E-05,  -0.0599246
   8.864E-05,  -0.0595477
  8.8644E-05,  -0.0599246
  8.8648E-05,  -0.0591709
  8.8652E-05,   -0.058794
  8.8656E-05,  -0.0584171
   8.866E-05,  -0.0580402
  8.8664E-05,  -0.0580402
  8.8668E-05,  -0.0580402
  8.8672E-05,  -0.0576633
  8.8676E-05,  -0.0572864
   8.868E-05,  -0.0569095
  8.8684E-05,  -0.0569095
  8.8688E-05,  -0.0569095
  8.8692E-05,  -0.0561558
  8.8696E-05,  -0.0561558
    8.87E-05,  -0.0557789
  8.8704E-05,  -0.0557789
  8.8708E-05,   -0.055402
  8.8712E-05,  -0.0550251
  8.8716E-05,  -0.0550251
   8.872E-05,  -0.0546482
  8.8724E-05,  -0.0542714
  8.8728E-05,  -0.0546482
  8.8732E-05,  -0.0542714
  8.8736E-05,  -0.0535176
   8.874E-05,  -0.0535176
  8.8744E-05,  -0.0535176
  8.8748E-05,  -0.0535176
  8.8752E-05,  -0.0527638
  8.8756E-05,  -0.0527638
   8.876E-05,  -0.0527638
  8.8764E-05,  -0.0527638
  8.8768E-05,  -0.0523869
  8.8772E-05,  -0.0523869
  8.8776E-05,    -0.05201
   8.878E-05,    -0.05201
  8.8784E-05,  -0.0516332
  8.8788E-05,    -0.05201
  8.8792E-05,  -0.0516332
  8.8796E-05,  -0.0512563
    8.88E-05,  -0.0512563
  8.8804E-05,  -0.0512563
  8.8808E-05,  -0.0508794
  8.8812E-05,  -0.0505025
  8.8816E-05,  -0.0505025
   8.882E-05,  -0.0508794
  8.8824E-05,  -0.0505025
  8.8828E-05,  -0.0505025
  8.8832E-05,  -0.0501256
  8.8836E-05,  -0.0501256
   8.884E-05,  -0.0497487
  8.8844E-05,  -0.0497487
  8.8848E-05,  -0.0497487
  8.8852E-05,  -0.0497487
  8.8856E-05,  -0.0497487
   8.886E-05,  -0.0493719
  8.8864E-05,  -0.0493719
  8.8868E-05,  -0.0493719
  8.8872E-05,  -0.0493719
  8.8876E-05,  -0.0493719
   8.888E-05,  -0.0493719
  8.8884E-05,  -0.0493719
  8.8888E-05,   -0.048995
  8.8892E-05,   -0.048995
  8.8896E-05,  -0.0493719
    8.89E-05,   -0.048995
  8.8904E-05,   -0.048995
  8.8908E-05,   -0.048995
  8.8912E-05,   -0.048995
  8.8916E-05,   -0.048995
   8.892E-05,   -0.048995
  8.8924E-05,   -0.048995
  8.8928E-05,   -0.048995
  8.8932E-05,  -0.0486181
  8.8936E-05,  -0.0486181
   8.894E-05,  -0.0486181
  8.8944E-05,   -0.048995
  8.8948E-05,   -0.048995
  8.8952E-05,  -0.0486181
  8.8956E-05,  -0.0486181
   8.896E-05,  -0.0486181
  8.8964E-05,  -0.0486181
  8.8968E-05,  -0.0486181
  8.8972E-05,  -0.0486181
  8.8976E-05,   -0.048995
   8.898E-05,  -0.0486181
  8.8984E-05,   -0.048995
  8.8988E-05,   -0.048995
  8.8992E-05,   -0.048995
  8.8996E-05,   -0.048995
     8.9E-05,   -0.048995
  8.9004E-05,   -0.048995
  8.9008E-05,   -0.048995
  8.9012E-05,   -0.048995
  8.9016E-05,   -0.048995
   8.902E-05,   -0.048995
  8.9024E-05,   -0.048995
  8.9028E-05,  -0.0493719
  8.9032E-05,  -0.0493719
  8.9036E-05,  -0.0493719
   8.904E-05,   -0.048995
  8.9044E-05,  -0.0493719
  8.9048E-05,  -0.0493719
  8.9052E-05,  -0.0493719
  8.9056E-05,  -0.0493719
   8.906E-05,   -0.048995
  8.9064E-05,  -0.0493719
  8.9068E-05,  -0.0497487
  8.9072E-05,  -0.0497487
  8.9076E-05,  -0.0493719
   8.908E-05,  -0.0493719
  8.9084E-05,  -0.0497487
  8.9088E-05,  -0.0493719
  8.9092E-05,  -0.0493719
  8.9096E-05,  -0.0497487
    8.91E-05,  -0.0497487
  8.9104E-05,  -0.0493719
  8.9108E-05,  -0.0493719
  8.9112E-05,  -0.0497487
  8.9116E-05,  -0.0493719
   8.912E-05,  -0.0493719
  8.9124E-05,  -0.0493719
  8.9128E-05,  -0.0497487
  8.9132E-05,  -0.0493719
  8.9136E-05,  -0.0493719
   8.914E-05,  -0.0497487
  8.9144E-05,  -0.0497487
  8.9148E-05,  -0.0493719
  8.9152E-05,  -0.0493719
  8.9156E-05,  -0.0497487
   8.916E-05,  -0.0497487
  8.9164E-05,  -0.0493719
  8.9168E-05,  -0.0493719
  8.9172E-05,  -0.0493719
  8.9176E-05,  -0.0493719
   8.918E-05,  -0.0493719
  8.9184E-05,  -0.0497487
  8.9188E-05,  -0.0493719
  8.9192E-05,  -0.0493719
  8.9196E-05,  -0.0493719
    8.92E-05,  -0.0493719
  8.9204E-05,  -0.0493719
  8.9208E-05,  -0.0493719
  8.9212E-05,   -0.048995
  8.9216E-05,   -0.048995
   8.922E-05,   -0.048995
  8.9224E-05,   -0.048995
  8.9228E-05,   -0.048995
  8.9232E-05,  -0.0486181
  8.9236E-05,  -0.0486181
   8.924E-05,  -0.0486181
  8.9244E-05,  -0.0486181
  8.9248E-05,  -0.0486181
  8.9252E-05,  -0.0482412
  8.9256E-05,  -0.0482412
   8.926E-05,  -0.0478643
  8.9264E-05,  -0.0478643
  8.9268E-05,  -0.0478643
  8.9272E-05,  -0.0478643
  8.9276E-05,  -0.0474874
   8.928E-05,  -0.0471106
  8.9284E-05,  -0.0474874
  8.9288E-05,  -0.0474874
  8.9292E-05,  -0.0467337
  8.9296E-05,  -0.0467337
    8.93E-05,  -0.0471106
  8.9304E-05,  -0.0467337
  8.9308E-05,  -0.0463568
  8.9312E-05,  -0.0459799
  8.9316E-05,  -0.0459799
   8.932E-05,  -0.0459799
  8.9324E-05,  -0.0452261
  8.9328E-05,   -0.045603
  8.9332E-05,  -0.0452261
  8.9336E-05,  -0.0448492
   8.934E-05,  -0.0444724
  8.9344E-05,  -0.0448492
  8.9348E-05,  -0.0444724
  8.9352E-05,  -0.0437186
  8.9356E-05,  -0.0437186
   8.936E-05,  -0.0437186
  8.9364E-05,  -0.0433417
  8.9368E-05,  -0.0425879
  8.9372E-05,  -0.0425879
  8.9376E-05,  -0.0425879
   8.938E-05,  -0.0422111
  8.9384E-05,  -0.0418342
  8.9388E-05,  -0.0414573
  8.9392E-05,  -0.0414573
  8.9396E-05,  -0.0407035
    8.94E-05,  -0.0403266
  8.9404E-05,  -0.0399497
  8.9408E-05,  -0.0395729
  8.9412E-05,   -0.039196
  8.9416E-05,   -0.039196
   8.942E-05,  -0.0388191
  8.9424E-05,  -0.0384422
  8.9428E-05,  -0.0380653
  8.9432E-05,  -0.0376884
  8.9436E-05,  -0.0373116
   8.944E-05,  -0.0369347
  8.9444E-05,  -0.0361809
  8.9448E-05,   -0.035804
  8.9452E-05,  -0.0354271
  8.9456E-05,  -0.0354271
   8.946E-05,  -0.0346734
  8.9464E-05,  -0.0342965
  8.9468E-05,  -0.0335427
  8.9472E-05,  -0.0331658
  8.9476E-05,  -0.0327889
   8.948E-05,  -0.0324121
  8.9484E-05,  -0.0316583
  8.9488E-05,  -0.0312814
  8.9492E-05,  -0.0305276
  8.9496E-05,  -0.0301508
    8.95E-05,  -0.0297739
  8.9504E-05,   -0.029397
  8.9508E-05,  -0.0286432
  8.9512E-05,  -0.0278894
  8.9516E-05,  -0.0278894
   8.952E-05,  -0.0271357
  8.9524E-05,  -0.0263819
  8.9528E-05,   -0.026005
  8.9532E-05,  -0.0252513
  8.9536E-05,  -0.0248744
   8.954E-05,  -0.0241206
  8.9544E-05,  -0.0237437
  8.9548E-05,  -0.0233668
  8.9552E-05,  -0.0226131
  8.9556E-05,  -0.0218593
   8.956E-05,  -0.0214824
  8.9564E-05,  -0.0207286
  8.9568E-05,  -0.0199749
  8.9572E-05,  -0.0192211
  8.9576E-05,  -0.0188442
   8.958E-05,  -0.0184673
  8.9584E-05,  -0.0177136
  8.9588E-05,  -0.0165829
  8.9592E-05,   -0.016206
  8.9596E-05,  -0.0154523
    8.96E-05,  -0.0146985
  8.9604E-05,  -0.0143216
  8.9608E-05,  -0.0135678
  8.9612E-05,  -0.0128141
  8.9616E-05,  -0.0120603
   8.962E-05,  -0.0113065
  8.9624E-05,  -0.0109296
  8.9628E-05,  -0.0101759
  8.9632E-05, -0.00904523
  8.9636E-05, -0.00866834
   8.964E-05, -0.00791457
  8.9644E-05,  -0.0071608
  8.9648E-05, -0.00640704
  8.9652E-05, -0.00565327
  8.9656E-05,  -0.0048995
   8.966E-05, -0.00414573
  8.9664E-05, -0.00301508
  8.9668E-05, -0.00263819
  8.9672E-05, -0.00188442
  8.9676E-05, -0.00113065
   8.968E-05,           0
  8.9684E-05, 0.000376884
  8.9688E-05,  0.00113065
  8.9692E-05,  0.00226131
  8.9696E-05,  0.00263819
    8.97E-05,  0.00339196
  8.9704E-05,  0.00452261
  8.9708E-05,  0.00527638
  8.9712E-05,  0.00603015
  8.9716E-05,  0.00640704
   8.972E-05,   0.0071608
  8.9724E-05,  0.00829146
  8.9728E-05,  0.00904523
  8.9732E-05,    0.009799
  8.9736E-05,   0.0105528
   8.974E-05,   0.0113065
  8.9744E-05,   0.0124372
  8.9748E-05,   0.0135678
  8.9752E-05,   0.0139447
  8.9756E-05,   0.0146985
   8.976E-05,   0.0154523
  8.9764E-05,   0.0165829
  8.9768E-05,   0.0173367
  8.9772E-05,   0.0180905
  8.9776E-05,   0.0192211
   8.978E-05,   0.0199749
  8.9784E-05,   0.0203518
  8.9788E-05,   0.0214824
  8.9792E-05,   0.0222362
  8.9796E-05,   0.0229899
    8.98E-05,   0.0237437
  8.9804E-05,   0.0248744
  8.9808E-05,   0.0256281
  8.9812E-05,    0.026005
  8.9816E-05,   0.0271357
   8.982E-05,   0.0278894
  8.9824E-05,   0.0286432
  8.9828E-05,    0.029397
  8.9832E-05,   0.0305276
  8.9836E-05,   0.0312814
   8.984E-05,   0.0320352
  8.9844E-05,   0.0324121
  8.9848E-05,   0.0335427
  8.9852E-05,   0.0346734
  8.9856E-05,   0.0354271
   8.986E-05,   0.0361809
  8.9864E-05,   0.0369347
  8.9868E-05,   0.0376884
  8.9872E-05,   0.0388191
  8.9876E-05,    0.039196
   8.988E-05,   0.0403266
  8.9884E-05,   0.0407035
  8.9888E-05,   0.0414573
  8.9892E-05,   0.0425879
  8.9896E-05,   0.0433417
    8.99E-05,   0.0440955
  8.9904E-05,   0.0448492
  8.9908E-05,    0.045603
  8.9912E-05,   0.0463568
  8.9916E-05,   0.0471106
   8.992E-05,   0.0478643
  8.9924E-05,    0.048995
  8.9928E-05,   0.0493719
  8.9932E-05,   0.0501256
  8.9936E-05,   0.0508794
   8.994E-05,     0.05201
  8.9944E-05,   0.0523869
  8.9948E-05,   0.0531407
  8.9952E-05,   0.0538945
  8.9956E-05,   0.0546482
   8.996E-05,    0.055402
  8.9964E-05,   0.0561558
  8.9968E-05,   0.0569095
  8.9972E-05,   0.0572864
  8.9976E-05,   0.0584171
   8.998E-05,   0.0591709
  8.9984E-05,   0.0599246
  8.9988E-05,   0.0603015
  8.9992E-05,   0.0610553
  8.9996E-05,   0.0614322
       9E-05,   0.0621859
  9.0004E-05,   0.0629397
  9.0008E-05,   0.0636935
  9.0012E-05,   0.0644472
  9.0016E-05,   0.0648241
   9.002E-05,   0.0655779
  9.0024E-05,   0.0663317
  9.0028E-05,   0.0667085
  9.0032E-05,   0.0670854
  9.0036E-05,   0.0682161
   9.004E-05,   0.0689698
  9.0044E-05,   0.0689698
  9.0048E-05,   0.0697236
  9.0052E-05,   0.0704774
  9.0056E-05,   0.0708543
   9.006E-05,   0.0712312
  9.0064E-05,   0.0719849
  9.0068E-05,   0.0731156
  9.0072E-05,   0.0731156
  9.0076E-05,   0.0734925
   9.008E-05,   0.0742462
  9.0084E-05,   0.0746231
  9.0088E-05,   0.0746231
  9.0092E-05,   0.0753769
  9.0096E-05,   0.0765075
    9.01E-05,   0.0765075
  9.0104E-05,   0.0768844
  9.0108E-05,   0.0776382
  9.0112E-05,    0.078392
  9.0116E-05,    0.078392
   9.012E-05,   0.0787688
  9.0124E-05,   0.0795226
  9.0128E-05,   0.0798995
  9.0132E-05,   0.0802764
  9.0136E-05,   0.0806533
   9.014E-05,   0.0810302
  9.0144E-05,    0.081407
  9.0148E-05,    0.081407
  9.0152E-05,   0.0817839
  9.0156E-05,   0.0825377
   9.016E-05,   0.0829146
  9.0164E-05,   0.0829146
  9.0168E-05,   0.0832915
  9.0172E-05,   0.0840452
  9.0176E-05,   0.0840452
   9.018E-05,   0.0840452
  9.0184E-05,   0.0844221
  9.0188E-05,    0.084799
  9.0192E-05,   0.0851759
  9.0196E-05,   0.0851759
    9.02E-05,   0.0855528
  9.0204E-05,   0.0859296
  9.0208E-05,   0.0859296
  9.0212E-05,   0.0863065
  9.0216E-05,   0.0866834
   9.022E-05,   0.0870603
  9.0224E-05,   0.0870603
  9.0228E-05,   0.0874372
  9.0232E-05,   0.0874372
  9.0236E-05,   0.0874372
   9.024E-05,   0.0878141
  9.0244E-05,    0.088191
  9.0248E-05,    0.088191
  9.0252E-05,    0.088191
  9.0256E-05,   0.0885678
   9.026E-05,   0.0885678
  9.0264E-05,   0.0889447
  9.0268E-05,   0.0889447
  9.0272E-05,   0.0889447
  9.0276E-05,   0.0889447
   9.028E-05,   0.0893216
  9.0284E-05,   0.0896985
  9.0288E-05,   0.0893216
  9.0292E-05,   0.0893216
  9.0296E-05,   0.0896985
    9.03E-05,   0.0900754
  9.0304E-05,   0.0900754
  9.0308E-05,   0.0896985
  9.0312E-05,   0.0900754
  9.0316E-05,   0.0904523
   9.032E-05,   0.0900754
  9.0324E-05,   0.0900754
  9.0328E-05,   0.0900754
  9.0332E-05,   0.0900754
  9.0336E-05,   0.0904523
   9.034E-05,   0.0900754
  9.0344E-05,   0.0900754
  9.0348E-05,   0.0900754
  9.0352E-05,   0.0896985
  9.0356E-05,   0.0896985
   9.036E-05,   0.0900754
  9.0364E-05,   0.0896985
  9.0368E-05,   0.0900754
  9.0372E-05,   0.0896985
  9.0376E-05,   0.0896985
   9.038E-05,   0.0896985
  9.0384E-05,   0.0893216
  9.0388E-05,   0.0896985
  9.0392E-05,   0.0893216
  9.0396E-05,   0.0889447
    9.04E-05,   0.0889447
  9.0404E-05,   0.0889447
  9.0408E-05,   0.0889447
  9.0412E-05,   0.0889447
  9.0416E-05,   0.0885678
   9.042E-05,    0.088191
  9.0424E-05,    0.088191
  9.0428E-05,    0.088191
  9.0432E-05,    0.088191
  9.0436E-05,   0.0878141
   9.044E-05,   0.0874372
  9.0444E-05,   0.0870603
  9.0448E-05,   0.0870603
  9.0452E-05,   0.0870603
  9.0456E-05,   0.0866834
   9.046E-05,   0.0863065
  9.0464E-05,   0.0863065
  9.0468E-05,   0.0863065
  9.0472E-05,   0.0859296
  9.0476E-05,   0.0855528
   9.048E-05,   0.0851759
  9.0484E-05,    0.084799
  9.0488E-05,    0.084799
  9.0492E-05,    0.084799
  9.0496E-05,   0.0844221
    9.05E-05,   0.0836683
  9.0504E-05,   0.0836683
  9.0508E-05,   0.0836683
  9.0512E-05,   0.0832915
  9.0516E-05,   0.0832915
   9.052E-05,   0.0825377
  9.0524E-05,   0.0821608
  9.0528E-05,   0.0821608
  9.0532E-05,   0.0821608
  9.0536E-05,    0.081407
   9.054E-05,   0.0806533
  9.0544E-05,   0.0806533
  9.0548E-05,   0.0806533
  9.0552E-05,   0.0798995
  9.0556E-05,   0.0798995
   9.056E-05,   0.0795226
  9.0564E-05,   0.0791457
  9.0568E-05,   0.0787688
  9.0572E-05,   0.0780151
  9.0576E-05,   0.0780151
   9.058E-05,   0.0776382
  9.0584E-05,   0.0768844
  9.0588E-05,   0.0768844
  9.0592E-05,   0.0765075
  9.0596E-05,   0.0757538
    9.06E-05,   0.0753769
  9.0604E-05,       0.075
  9.0608E-05,   0.0746231
  9.0612E-05,   0.0742462
  9.0616E-05,   0.0738693
   9.062E-05,   0.0731156
  9.0624E-05,   0.0727387
  9.0628E-05,   0.0723618
  9.0632E-05,   0.0719849
  9.0636E-05,    0.071608
   9.064E-05,   0.0712312
  9.0644E-05,   0.0708543
  9.0648E-05,   0.0704774
  9.0652E-05,   0.0701005
  9.0656E-05,   0.0693467
   9.066E-05,    0.068593
  9.0664E-05,    0.068593
  9.0668E-05,   0.0682161
  9.0672E-05,   0.0674623
  9.0676E-05,   0.0670854
   9.068E-05,   0.0667085
  9.0684E-05,   0.0663317
  9.0688E-05,   0.0655779
  9.0692E-05,    0.065201
  9.0696E-05,    0.065201
    9.07E-05,   0.0644472
  9.0704E-05,   0.0636935
  9.0708E-05,   0.0633166
  9.0712E-05,   0.0633166
  9.0716E-05,   0.0625628
   9.072E-05,    0.061809
  9.0724E-05,   0.0614322
  9.0728E-05,   0.0614322
  9.0732E-05,   0.0606784
  9.0736E-05,   0.0603015
   9.074E-05,   0.0599246
  9.0744E-05,   0.0591709
  9.0748E-05,   0.0584171
  9.0752E-05,   0.0580402
  9.0756E-05,   0.0576633
   9.076E-05,   0.0572864
  9.0764E-05,   0.0565327
  9.0768E-05,   0.0561558
  9.0772E-05,   0.0557789
  9.0776E-05,    0.055402
   9.078E-05,   0.0546482
  9.0784E-05,   0.0538945
  9.0788E-05,   0.0535176
  9.0792E-05,   0.0531407
  9.0796E-05,   0.0527638
    9.08E-05,   0.0523869
  9.0804E-05,   0.0516332
  9.0808E-05,   0.0512563
  9.0812E-05,   0.0508794
  9.0816E-05,   0.0501256
   9.082E-05,   0.0497487
  9.0824E-05,   0.0493719
  9.0828E-05,   0.0486181
  9.0832E-05,   0.0482412
  9.0836E-05,   0.0478643
   9.084E-05,   0.0474874
  9.0844E-05,   0.0471106
  9.0848E-05,   0.0459799
  9.0852E-05,    0.045603
  9.0856E-05,   0.0452261
   9.086E-05,   0.0448492
  9.0864E-05,   0.0440955
  9.0868E-05,   0.0437186
  9.0872E-05,   0.0433417
  9.0876E-05,   0.0433417
   9.088E-05,   0.0422111
  9.0884E-05,   0.0418342
  9.0888E-05,   0.0418342
  9.0892E-05,   0.0410804
  9.0896E-05,   0.0403266
    9.09E-05,   0.0399497
  9.0904E-05,   0.0395729
  9.0908E-05,    0.039196
  9.0912E-05,   0.0388191
  9.0916E-05,   0.0384422
   9.092E-05,   0.0376884
  9.0924E-05,   0.0373116
  9.0928E-05,   0.0369347
  9.0932E-05,   0.0361809
  9.0936E-05,    0.035804
   9.094E-05,   0.0350503
  9.0944E-05,   0.0350503
  9.0948E-05,   0.0350503
  9.0952E-05,   0.0339196
  9.0956E-05,   0.0335427
   9.096E-05,   0.0331658
  9.0964E-05,   0.0327889
  9.0968E-05,   0.0324121
  9.0972E-05,   0.0316583
  9.0976E-05,   0.0309045
   9.098E-05,   0.0309045
  9.0984E-05,   0.0305276
  9.0988E-05,   0.0305276
  9.0992E-05,   0.0297739
  9.0996E-05,   0.0290201
     9.1E-05,   0.0290201
  9.1004E-05,   0.0286432
  9.1008E-05,   0.0282663
  9.1012E-05,   0.0278894
  9.1016E-05,   0.0271357
   9.102E-05,   0.0267588
  9.1024E-05,   0.0267588
  9.1028E-05,   0.0263819
  9.1032E-05,    0.026005
  9.1036E-05,   0.0256281
   9.104E-05,   0.0252513
  9.1044E-05,   0.0244975
  9.1048E-05,   0.0244975
  9.1052E-05,   0.0241206
  9.1056E-05,   0.0233668
   9.106E-05,   0.0229899
  9.1064E-05,   0.0226131
  9.1068E-05,   0.0226131
  9.1072E-05,   0.0222362
  9.1076E-05,   0.0214824
   9.108E-05,   0.0211055
  9.1084E-05,   0.0211055
  9.1088E-05,   0.0203518
  9.1092E-05,   0.0199749
  9.1096E-05,   0.0199749
    9.11E-05,    0.019598
  9.1104E-05,   0.0192211
  9.1108E-05,   0.0188442
  9.1112E-05,   0.0184673
  9.1116E-05,   0.0180905
   9.112E-05,   0.0177136
  9.1124E-05,   0.0177136
  9.1128E-05,   0.0173367
  9.1132E-05,   0.0165829
  9.1136E-05,   0.0165829
   9.114E-05,   0.0165829
  9.1144E-05,    0.016206
  9.1148E-05,   0.0158291
  9.1152E-05,   0.0154523
  9.1156E-05,   0.0150754
   9.116E-05,   0.0150754
  9.1164E-05,   0.0143216
  9.1168E-05,   0.0139447
  9.1172E-05,   0.0139447
  9.1176E-05,   0.0135678
   9.118E-05,    0.013191
  9.1184E-05,   0.0128141
  9.1188E-05,   0.0128141
  9.1192E-05,   0.0124372
  9.1196E-05,   0.0120603
    9.12E-05,   0.0120603
  9.1204E-05,   0.0116834
  9.1208E-05,   0.0109296
  9.1212E-05,   0.0109296
  9.1216E-05,   0.0105528
   9.122E-05,   0.0105528
  9.1224E-05,   0.0101759
  9.1228E-05,    0.009799
  9.1232E-05,    0.009799
  9.1236E-05,  0.00942211
   9.124E-05,  0.00904523
  9.1244E-05,  0.00904523
  9.1248E-05,  0.00904523
  9.1252E-05,  0.00829146
  9.1256E-05,  0.00791457
   9.126E-05,  0.00791457
  9.1264E-05,  0.00829146
  9.1268E-05,  0.00791457
  9.1272E-05,   0.0071608
  9.1276E-05,   0.0071608
   9.128E-05,   0.0071608
  9.1284E-05,  0.00678392
  9.1288E-05,  0.00640704
  9.1292E-05,  0.00640704
  9.1296E-05,  0.00640704
    9.13E-05,  0.00603015
  9.1304E-05,  0.00565327
  9.1308E-05,  0.00565327
  9.1312E-05,  0.00527638
  9.1316E-05,  0.00527638
   9.132E-05,   0.0048995
  9.1324E-05,  0.00452261
  9.1328E-05,  0.00452261
  9.1332E-05,  0.00414573
  9.1336E-05,  0.00414573
   9.134E-05,  0.00414573
  9.1344E-05,  0.00376884
  9.1348E-05,  0.00339196
  9.1352E-05,  0.00339196
  9.1356E-05,  0.00339196
   9.136E-05,  0.00339196
  9.1364E-05,  0.00263819
  9.1368E-05,  0.00263819
  9.1372E-05,  0.00263819
  9.1376E-05,  0.00226131
   9.138E-05,  0.00226131
  9.1384E-05,  0.00188442
  9.1388E-05,  0.00150754
  9.1392E-05,  0.00188442
  9.1396E-05,  0.00150754
    9.14E-05,  0.00150754
  9.1404E-05,  0.00113065
  9.1408E-05, 0.000753769
  9.1412E-05,  0.00113065
  9.1416E-05,  0.00113065
   9.142E-05, 0.000753769
  9.1424E-05, 0.000753769
  9.1428E-05, 0.000376884
  9.1432E-05, 0.000376884
  9.1436E-05, 0.000376884
   9.144E-05, 0.000376884
  9.1444E-05,           0
  9.1448E-05,-0.000376884
  9.1452E-05,-0.000376884
  9.1456E-05,           0
   9.146E-05,-0.000376884
  9.1464E-05,-0.000376884
  9.1468E-05,-0.000753769
  9.1472E-05,-0.000753769
  9.1476E-05,-0.000753769
   9.148E-05, -0.00113065
  9.1484E-05, -0.00113065
  9.1488E-05, -0.00113065
  9.1492E-05, -0.00113065
  9.1496E-05, -0.00113065
    9.15E-05, -0.00113065
  9.1504E-05, -0.00150754
  9.1508E-05, -0.00150754
  9.1512E-05, -0.00150754
  9.1516E-05, -0.00150754
   9.152E-05, -0.00188442
  9.1524E-05, -0.00188442
  9.1528E-05, -0.00188442
  9.1532E-05, -0.00188442
  9.1536E-05, -0.00226131
   9.154E-05, -0.00226131
  9.1544E-05, -0.00188442
  9.1548E-05, -0.00188442
  9.1552E-05, -0.00226131
  9.1556E-05, -0.00263819
   9.156E-05, -0.00226131
  9.1564E-05, -0.00226131
  9.1568E-05, -0.00263819
  9.1572E-05, -0.00263819
  9.1576E-05, -0.00226131
   9.158E-05, -0.00263819
  9.1584E-05, -0.00301508
  9.1588E-05, -0.00263819
  9.1592E-05, -0.00226131
  9.1596E-05, -0.00263819
    9.16E-05, -0.00263819
  9.1604E-05, -0.00226131
  9.1608E-05, -0.00263819
  9.1612E-05, -0.00263819
  9.1616E-05, -0.00263819
   9.162E-05, -0.00263819
  9.1624E-05, -0.00263819
  9.1628E-05, -0.00263819
  9.1632E-05, -0.00263819
  9.1636E-05, -0.00226131
   9.164E-05, -0.00263819
  9.1644E-05, -0.00263819
  9.1648E-05, -0.00263819
  9.1652E-05, -0.00263819
  9.1656E-05, -0.00263819
   9.166E-05, -0.00263819
  9.1664E-05, -0.00263819
  9.1668E-05, -0.00263819
  9.1672E-05, -0.00226131
  9.1676E-05, -0.00226131
   9.168E-05, -0.00263819
  9.1684E-05, -0.00263819
  9.1688E-05, -0.00226131
  9.1692E-05, -0.00226131
  9.1696E-05, -0.00188442
    9.17E-05, -0.00226131
  9.1704E-05, -0.00188442
  9.1708E-05, -0.00188442
  9.1712E-05, -0.00188442
  9.1716E-05, -0.00150754
   9.172E-05, -0.00150754
  9.1724E-05, -0.00150754
  9.1728E-05, -0.00188442
  9.1732E-05, -0.00113065
  9.1736E-05,-0.000753769
   9.174E-05, -0.00113065
  9.1744E-05, -0.00150754
  9.1748E-05, -0.00113065
  9.1752E-05,-0.000753769
  9.1756E-05,-0.000753769
   9.176E-05,-0.000376884
  9.1764E-05,-0.000376884
  9.1768E-05,-0.000753769
  9.1772E-05,-0.000376884
  9.1776E-05,           0
   9.178E-05,           0
  9.1784E-05,           0
  9.1788E-05,           0
  9.1792E-05, 0.000753769
  9.1796E-05, 0.000753769
    9.18E-05, 0.000376884
  9.1804E-05, 0.000753769
  9.1808E-05,  0.00113065
  9.1812E-05,  0.00113065
  9.1816E-05,  0.00113065
   9.182E-05,  0.00150754
  9.1824E-05,  0.00188442
  9.1828E-05,  0.00150754
  9.1832E-05,  0.00188442
  9.1836E-05,  0.00226131
   9.184E-05,  0.00226131
  9.1844E-05,  0.00263819
  9.1848E-05,  0.00263819
  9.1852E-05,  0.00263819
  9.1856E-05,  0.00301508
   9.186E-05,  0.00339196
  9.1864E-05,  0.00339196
  9.1868E-05,  0.00376884
  9.1872E-05,  0.00376884
  9.1876E-05,  0.00414573
   9.188E-05,  0.00452261
  9.1884E-05,  0.00452261
  9.1888E-05,   0.0048995
  9.1892E-05,  0.00527638
  9.1896E-05,  0.00527638
    9.19E-05,  0.00527638
  9.1904E-05,  0.00565327
  9.1908E-05,  0.00603015
  9.1912E-05,  0.00640704
  9.1916E-05,  0.00640704
   9.192E-05,  0.00640704
  9.1924E-05,  0.00678392
  9.1928E-05,   0.0071608
  9.1932E-05,  0.00753769
  9.1936E-05,  0.00791457
   9.194E-05,  0.00791457
  9.1944E-05,  0.00791457
  9.1948E-05,  0.00866834
  9.1952E-05,  0.00904523
  9.1956E-05,  0.00904523
   9.196E-05,  0.00904523
  9.1964E-05,  0.00942211
  9.1968E-05,   0.0101759
  9.1972E-05,   0.0101759
  9.1976E-05,   0.0105528
   9.198E-05,   0.0109296
  9.1984E-05,   0.0109296
  9.1988E-05,   0.0113065
  9.1992E-05,   0.0116834
  9.1996E-05,   0.0120603
     9.2E-05,   0.0124372
  9.2004E-05,   0.0128141
  9.2008E-05,    0.013191
  9.2012E-05,   0.0135678
  9.2016E-05,   0.0135678
   9.202E-05,   0.0139447
  9.2024E-05,   0.0143216
  9.2028E-05,   0.0146985
  9.2032E-05,   0.0150754
  9.2036E-05,   0.0154523
   9.204E-05,    0.016206
  9.2044E-05,    0.016206
  9.2048E-05,   0.0165829
  9.2052E-05,   0.0165829
  9.2056E-05,   0.0173367
   9.206E-05,   0.0173367
  9.2064E-05,   0.0177136
  9.2068E-05,   0.0184673
  9.2072E-05,   0.0188442
  9.2076E-05,   0.0188442
   9.208E-05,   0.0192211
  9.2084E-05,   0.0199749
  9.2088E-05,   0.0207286
  9.2092E-05,   0.0203518
  9.2096E-05,   0.0211055
    9.21E-05,   0.0218593
  9.2104E-05,   0.0214824
  9.2108E-05,   0.0222362
  9.2112E-05,   0.0226131
  9.2116E-05,   0.0233668
   9.212E-05,   0.0233668
  9.2124E-05,   0.0237437
  9.2128E-05,   0.0244975
  9.2132E-05,   0.0248744
  9.2136E-05,   0.0248744
   9.214E-05,   0.0256281
  9.2144E-05,   0.0263819
  9.2148E-05,   0.0263819
  9.2152E-05,   0.0267588
  9.2156E-05,   0.0275126
   9.216E-05,   0.0282663
  9.2164E-05,   0.0282663
  9.2168E-05,   0.0286432
  9.2172E-05,   0.0290201
  9.2176E-05,    0.029397
   9.218E-05,   0.0297739
  9.2184E-05,   0.0305276
  9.2188E-05,   0.0309045
  9.2192E-05,   0.0312814
  9.2196E-05,   0.0316583
    9.22E-05,   0.0324121
  9.2204E-05,   0.0331658
  9.2208E-05,   0.0331658
  9.2212E-05,   0.0339196
  9.2216E-05,   0.0346734
   9.222E-05,   0.0346734
  9.2224E-05,   0.0350503
  9.2228E-05,    0.035804
  9.2232E-05,   0.0365578
  9.2236E-05,   0.0369347
   9.224E-05,   0.0373116
  9.2244E-05,   0.0380653
  9.2248E-05,   0.0388191
  9.2252E-05,   0.0388191
  9.2256E-05,    0.039196
   9.226E-05,   0.0399497
  9.2264E-05,   0.0407035
  9.2268E-05,   0.0410804
  9.2272E-05,   0.0414573
  9.2276E-05,   0.0422111
   9.228E-05,   0.0429648
  9.2284E-05,   0.0429648
  9.2288E-05,   0.0437186
  9.2292E-05,   0.0444724
  9.2296E-05,   0.0448492
    9.23E-05,    0.045603
  9.2304E-05,   0.0463568
  9.2308E-05,   0.0467337
  9.2312E-05,   0.0471106
  9.2316E-05,   0.0474874
   9.232E-05,   0.0486181
  9.2324E-05,   0.0486181
  9.2328E-05,    0.048995
  9.2332E-05,   0.0501256
  9.2336E-05,   0.0505025
   9.234E-05,   0.0512563
  9.2344E-05,   0.0516332
  9.2348E-05,   0.0523869
  9.2352E-05,   0.0527638
  9.2356E-05,   0.0531407
   9.236E-05,   0.0542714
  9.2364E-05,   0.0546482
  9.2368E-05,   0.0546482
  9.2372E-05,   0.0557789
  9.2376E-05,   0.0565327
   9.238E-05,   0.0569095
  9.2384E-05,   0.0576633
  9.2388E-05,   0.0580402
  9.2392E-05,   0.0591709
  9.2396E-05,   0.0591709
    9.24E-05,   0.0599246
  9.2404E-05,   0.0610553
  9.2408E-05,   0.0614322
  9.2412E-05,   0.0614322
  9.2416E-05,   0.0621859
   9.242E-05,   0.0633166
  9.2424E-05,   0.0636935
  9.2428E-05,   0.0644472
  9.2432E-05,   0.0648241
  9.2436E-05,   0.0655779
   9.244E-05,   0.0663317
  9.2444E-05,   0.0667085
  9.2448E-05,   0.0674623
  9.2452E-05,   0.0682161
  9.2456E-05,   0.0689698
   9.246E-05,   0.0693467
  9.2464E-05,   0.0701005
  9.2468E-05,   0.0708543
  9.2472E-05,   0.0712312
  9.2476E-05,   0.0719849
   9.248E-05,   0.0727387
  9.2484E-05,   0.0731156
  9.2488E-05,   0.0738693
  9.2492E-05,       0.075
  9.2496E-05,   0.0753769
    9.25E-05,   0.0757538
  9.2504E-05,   0.0765075
  9.2508E-05,   0.0776382
  9.2512E-05,   0.0780151
  9.2516E-05,    0.078392
   9.252E-05,   0.0791457
  9.2524E-05,   0.0798995
  9.2528E-05,   0.0802764
  9.2532E-05,   0.0810302
  9.2536E-05,   0.0817839
   9.254E-05,   0.0825377
  9.2544E-05,   0.0829146
  9.2548E-05,   0.0840452
  9.2552E-05,    0.084799
  9.2556E-05,   0.0844221
   9.256E-05,   0.0851759
  9.2564E-05,   0.0866834
  9.2568E-05,   0.0870603
  9.2572E-05,   0.0878141
  9.2576E-05,    0.088191
   9.258E-05,   0.0889447
  9.2584E-05,   0.0896985
  9.2588E-05,   0.0900754
  9.2592E-05,    0.091206
  9.2596E-05,   0.0915829
    9.26E-05,   0.0923367
  9.2604E-05,   0.0930905
  9.2608E-05,   0.0934673
  9.2612E-05,   0.0938442
  9.2616E-05,    0.094598
   9.262E-05,   0.0953518
  9.2624E-05,   0.0961055
  9.2628E-05,   0.0964824
  9.2632E-05,   0.0972362
  9.2636E-05,   0.0987437
   9.264E-05,   0.0991206
  9.2644E-05,   0.0991206
  9.2648E-05,   0.0998744
  9.2652E-05,    0.101005
  9.2656E-05,    0.101382
   9.266E-05,    0.101759
  9.2664E-05,    0.102889
  9.2668E-05,    0.103266
  9.2672E-05,    0.103643
  9.2676E-05,    0.104397
   9.268E-05,    0.105528
  9.2684E-05,    0.105528
  9.2688E-05,    0.106281
  9.2692E-05,    0.107412
  9.2696E-05,    0.107789
    9.27E-05,    0.108166
  9.2704E-05,     0.10892
  9.2708E-05,    0.109673
  9.2712E-05,    0.110427
  9.2716E-05,    0.110804
   9.272E-05,    0.111558
  9.2724E-05,    0.112688
  9.2728E-05,    0.113065
  9.2732E-05,    0.113442
  9.2736E-05,    0.114196
   9.274E-05,     0.11495
  9.2744E-05,    0.115327
  9.2748E-05,    0.115704
  9.2752E-05,    0.116457
  9.2756E-05,    0.117211
   9.276E-05,    0.117211
  9.2764E-05,    0.117965
  9.2768E-05,    0.118719
  9.2772E-05,    0.119472
  9.2776E-05,    0.119849
   9.278E-05,    0.120226
  9.2784E-05,    0.121357
  9.2788E-05,    0.121734
  9.2792E-05,    0.122111
  9.2796E-05,    0.122864
    9.28E-05,    0.123618
  9.2804E-05,    0.123995
  9.2808E-05,    0.124749
  9.2812E-05,    0.125503
  9.2816E-05,    0.126256
   9.282E-05,    0.126256
  9.2824E-05,     0.12701
  9.2828E-05,    0.127764
  9.2832E-05,    0.128141
  9.2836E-05,    0.128894
   9.284E-05,    0.129271
  9.2844E-05,    0.130025
  9.2848E-05,    0.130779
  9.2852E-05,    0.131156
  9.2856E-05,    0.131533
   9.286E-05,    0.132286
  9.2864E-05,    0.132663
  9.2868E-05,    0.133417
  9.2872E-05,    0.133794
  9.2876E-05,    0.134171
   9.288E-05,    0.134925
  9.2884E-05,    0.135302
  9.2888E-05,    0.136055
  9.2892E-05,    0.136432
  9.2896E-05,    0.136809
    9.29E-05,    0.137563
  9.2904E-05,    0.138317
  9.2908E-05,    0.138317
  9.2912E-05,    0.138693
  9.2916E-05,    0.139447
   9.292E-05,    0.140201
  9.2924E-05,    0.140578
  9.2928E-05,    0.140578
  9.2932E-05,    0.141709
  9.2936E-05,    0.142085
   9.294E-05,    0.142462
  9.2944E-05,    0.143216
  9.2948E-05,    0.143216
  9.2952E-05,     0.14397
  9.2956E-05,    0.144724
   9.296E-05,    0.145101
  9.2964E-05,    0.145477
  9.2968E-05,    0.145854
  9.2972E-05,    0.146608
  9.2976E-05,    0.147362
   9.298E-05,    0.147362
  9.2984E-05,    0.147739
  9.2988E-05,    0.148492
  9.2992E-05,    0.148869
  9.2996E-05,    0.149623
