    0.000115,  -0.0952261
 0.000115004,  -0.0952261
 0.000115008,  -0.0953518
 0.000115012,  -0.0952261
 0.000115016,  -0.0952261
  0.00011502,  -0.0954774
 0.000115024,   -0.095603
 0.000115028,  -0.0952261
 0.000115032,  -0.0953518
 0.000115036,  -0.0954774
  0.00011504,  -0.0954774
 0.000115044,  -0.0953518
 0.000115048,  -0.0954774
 0.000115052,   -0.095603
 0.000115056,   -0.095603
  0.00011506,  -0.0958543
 0.000115064,   -0.095603
 0.000115068,  -0.0953518
 0.000115072,  -0.0954774
 0.000115076,  -0.0957286
  0.00011508,   -0.095603
 0.000115084,  -0.0954774
 0.000115088,  -0.0957286
 0.000115092,   -0.095603
 0.000115096,   -0.095603
   0.0001151,   -0.095603
 0.000115104,  -0.0954774
 0.000115108,  -0.0951005
 0.000115112,  -0.0952261
 0.000115116,  -0.0958543
  0.00011512,   -0.095603
 0.000115124,  -0.0951005
 0.000115128,  -0.0953518
 0.000115132,  -0.0958543
 0.000115136,   -0.095603
  0.00011514,  -0.0952261
 0.000115144,  -0.0952261
 0.000115148,   -0.095603
 0.000115152,   -0.095603
 0.000115156,  -0.0958543
  0.00011516,  -0.0958543
 0.000115164,   -0.095603
 0.000115168,  -0.0954774
 0.000115172,  -0.0958543
 0.000115176,  -0.0959799
  0.00011518,  -0.0954774
 0.000115184,   -0.095603
 0.000115188,  -0.0959799
 0.000115192,  -0.0958543
 0.000115196,   -0.095603
   0.0001152,   -0.095603
 0.000115204,   -0.095603
 0.000115208,  -0.0954774
 0.000115212,   -0.095603
 0.000115216,   -0.095603
  0.00011522,  -0.0954774
 0.000115224,  -0.0957286
 0.000115228,  -0.0957286
 0.000115232,  -0.0957286
 0.000115236,  -0.0953518
  0.00011524,  -0.0954774
 0.000115244,  -0.0958543
 0.000115248,   -0.095603
 0.000115252,  -0.0954774
 0.000115256,  -0.0957286
  0.00011526,  -0.0958543
 0.000115264,  -0.0957286
 0.000115268,   -0.095603
 0.000115272,   -0.095603
 0.000115276,   -0.095603
  0.00011528,  -0.0954774
 0.000115284,  -0.0961055
 0.000115288,  -0.0958543
 0.000115292,  -0.0954774
 0.000115296,  -0.0957286
   0.0001153,  -0.0958543
 0.000115304,   -0.095603
 0.000115308,  -0.0954774
 0.000115312,  -0.0954774
 0.000115316,   -0.095603
  0.00011532,   -0.095603
 0.000115324,  -0.0959799
 0.000115328,  -0.0958543
 0.000115332,  -0.0952261
 0.000115336,  -0.0954774
  0.00011534,  -0.0958543
 0.000115344,  -0.0954774
 0.000115348,  -0.0954774
 0.000115352,  -0.0954774
 0.000115356,   -0.095603
  0.00011536,   -0.095603
 0.000115364,  -0.0958543
 0.000115368,   -0.095603
 0.000115372,  -0.0954774
 0.000115376,   -0.095603
  0.00011538,  -0.0957286
 0.000115384,  -0.0957286
 0.000115388,  -0.0954774
 0.000115392,   -0.095603
 0.000115396,   -0.095603
   0.0001154,   -0.095603
 0.000115404,   -0.095603
 0.000115408,  -0.0953518
 0.000115412,  -0.0953518
 0.000115416,  -0.0957286
  0.00011542,  -0.0957286
 0.000115424,  -0.0954774
 0.000115428,  -0.0953518
 0.000115432,  -0.0954774
 0.000115436,   -0.095603
  0.00011544,  -0.0954774
 0.000115444,  -0.0953518
 0.000115448,  -0.0953518
 0.000115452,  -0.0957286
 0.000115456,  -0.0958543
  0.00011546,  -0.0957286
 0.000115464,  -0.0957286
 0.000115468,   -0.095603
 0.000115472,  -0.0957286
 0.000115476,  -0.0959799
  0.00011548,   -0.095603
 0.000115484,   -0.095603
 0.000115488,  -0.0958543
 0.000115492,  -0.0958543
 0.000115496,   -0.095603
   0.0001155,  -0.0953518
 0.000115504,   -0.095603
 0.000115508,  -0.0953518
 0.000115512,  -0.0952261
 0.000115516,  -0.0953518
  0.00011552,  -0.0954774
 0.000115524,  -0.0953518
 0.000115528,  -0.0954774
 0.000115532,  -0.0954774
 0.000115536,  -0.0953518
  0.00011554,  -0.0951005
 0.000115544,  -0.0952261
 0.000115548,  -0.0954774
 0.000115552,  -0.0952261
 0.000115556,  -0.0953518
  0.00011556,   -0.095603
 0.000115564,  -0.0954774
 0.000115568,  -0.0952261
 0.000115572,  -0.0952261
 0.000115576,  -0.0952261
  0.00011558,  -0.0951005
 0.000115584,  -0.0952261
 0.000115588,  -0.0954774
 0.000115592,  -0.0951005
 0.000115596,  -0.0949749
   0.0001156,  -0.0952261
 0.000115604,  -0.0951005
 0.000115608,  -0.0949749
 0.000115612,  -0.0947236
 0.000115616,  -0.0948492
  0.00011562,  -0.0949749
 0.000115624,  -0.0951005
 0.000115628,  -0.0951005
 0.000115632,  -0.0948492
 0.000115636,  -0.0948492
  0.00011564,  -0.0949749
 0.000115644,  -0.0952261
 0.000115648,  -0.0952261
 0.000115652,  -0.0949749
 0.000115656,  -0.0951005
  0.00011566,  -0.0953518
 0.000115664,  -0.0953518
 0.000115668,  -0.0952261
 0.000115672,  -0.0952261
 0.000115676,  -0.0952261
  0.00011568,  -0.0949749
 0.000115684,  -0.0951005
 0.000115688,  -0.0952261
 0.000115692,  -0.0949749
 0.000115696,  -0.0949749
   0.0001157,  -0.0951005
 0.000115704,  -0.0948492
 0.000115708,   -0.094598
 0.000115712,   -0.094598
 0.000115716,  -0.0947236
  0.00011572,   -0.094598
 0.000115724,  -0.0944724
 0.000115728,  -0.0947236
 0.000115732,  -0.0948492
 0.000115736,  -0.0947236
  0.00011574,  -0.0947236
 0.000115744,   -0.094598
 0.000115748,   -0.094598
 0.000115752,  -0.0947236
 0.000115756,  -0.0951005
  0.00011576,  -0.0949749
 0.000115764,  -0.0944724
 0.000115768,   -0.094598
 0.000115772,  -0.0948492
 0.000115776,  -0.0948492
  0.00011578,  -0.0943467
 0.000115784,  -0.0942211
 0.000115788,   -0.094598
 0.000115792,  -0.0947236
 0.000115796,  -0.0944724
   0.0001158,  -0.0943467
 0.000115804,  -0.0942211
 0.000115808,  -0.0942211
 0.000115812,  -0.0943467
 0.000115816,  -0.0943467
  0.00011582,  -0.0940955
 0.000115824,  -0.0939699
 0.000115828,  -0.0942211
 0.000115832,  -0.0943467
 0.000115836,  -0.0940955
  0.00011584,  -0.0939699
 0.000115844,  -0.0940955
 0.000115848,  -0.0942211
 0.000115852,  -0.0943467
 0.000115856,  -0.0943467
  0.00011586,  -0.0943467
 0.000115864,  -0.0940955
 0.000115868,  -0.0942211
 0.000115872,  -0.0942211
 0.000115876,  -0.0939699
  0.00011588,  -0.0938442
 0.000115884,  -0.0940955
 0.000115888,  -0.0940955
 0.000115892,  -0.0937186
 0.000115896,  -0.0938442
   0.0001159,  -0.0938442
 0.000115904,   -0.093593
 0.000115908,   -0.093593
 0.000115912,   -0.093593
 0.000115916,  -0.0934673
  0.00011592,  -0.0934673
 0.000115924,  -0.0937186
 0.000115928,  -0.0934673
 0.000115932,  -0.0932161
 0.000115936,  -0.0933417
  0.00011594,  -0.0934673
 0.000115944,  -0.0934673
 0.000115948,  -0.0934673
 0.000115952,  -0.0933417
 0.000115956,  -0.0930905
  0.00011596,  -0.0937186
 0.000115964,  -0.0937186
 0.000115968,  -0.0930905
 0.000115972,  -0.0930905
 0.000115976,  -0.0934673
  0.00011598,  -0.0934673
 0.000115984,  -0.0930905
 0.000115988,  -0.0930905
 0.000115992,  -0.0933417
 0.000115996,  -0.0930905
    0.000116,  -0.0932161
 0.000116004,  -0.0930905
 0.000116008,  -0.0927136
 0.000116012,  -0.0927136
 0.000116016,  -0.0929648
  0.00011602,  -0.0930905
 0.000116024,  -0.0928392
 0.000116028,  -0.0927136
 0.000116032,  -0.0928392
 0.000116036,  -0.0927136
  0.00011604,  -0.0929648
 0.000116044,  -0.0928392
 0.000116048,  -0.0925879
 0.000116052,  -0.0923367
 0.000116056,  -0.0928392
  0.00011606,  -0.0930905
 0.000116064,  -0.0925879
 0.000116068,  -0.0923367
 0.000116072,  -0.0927136
 0.000116076,  -0.0927136
  0.00011608,  -0.0923367
 0.000116084,  -0.0923367
 0.000116088,  -0.0924623
 0.000116092,  -0.0924623
 0.000116096,  -0.0923367
   0.0001161,  -0.0923367
 0.000116104,  -0.0918342
 0.000116108,  -0.0918342
 0.000116112,  -0.0922111
 0.000116116,  -0.0922111
  0.00011612,  -0.0919598
 0.000116124,  -0.0918342
 0.000116128,  -0.0919598
 0.000116132,  -0.0920854
 0.000116136,  -0.0919598
  0.00011614,  -0.0919598
 0.000116144,  -0.0917085
 0.000116148,  -0.0917085
 0.000116152,  -0.0919598
 0.000116156,  -0.0919598
  0.00011616,  -0.0919598
 0.000116164,  -0.0918342
 0.000116168,  -0.0915829
 0.000116172,  -0.0918342
 0.000116176,  -0.0918342
  0.00011618,  -0.0915829
 0.000116184,  -0.0918342
 0.000116188,  -0.0919598
 0.000116192,  -0.0915829
 0.000116196,  -0.0914573
   0.0001162,  -0.0914573
 0.000116204,  -0.0913317
 0.000116208,  -0.0910804
 0.000116212,   -0.091206
 0.000116216,  -0.0913317
  0.00011622,  -0.0909548
 0.000116224,  -0.0914573
 0.000116228,  -0.0914573
 0.000116232,  -0.0909548
 0.000116236,  -0.0907035
  0.00011624,  -0.0910804
 0.000116244,   -0.091206
 0.000116248,  -0.0905779
 0.000116252,  -0.0908291
 0.000116256,   -0.091206
  0.00011626,  -0.0909548
 0.000116264,  -0.0909548
 0.000116268,  -0.0908291
 0.000116272,  -0.0905779
 0.000116276,  -0.0904523
  0.00011628,  -0.0907035
 0.000116284,  -0.0907035
 0.000116288,  -0.0905779
 0.000116292,  -0.0903266
 0.000116296,  -0.0905779
   0.0001163,  -0.0905779
 0.000116304,  -0.0903266
 0.000116308,  -0.0900754
 0.000116312,  -0.0899497
 0.000116316,  -0.0903266
  0.00011632,  -0.0905779
 0.000116324,  -0.0903266
 0.000116328,  -0.0899497
 0.000116332,  -0.0900754
 0.000116336,  -0.0903266
  0.00011634,  -0.0900754
 0.000116344,  -0.0896985
 0.000116348,  -0.0896985
 0.000116352,  -0.0899497
 0.000116356,  -0.0899497
  0.00011636,  -0.0898241
 0.000116364,  -0.0900754
 0.000116368,  -0.0895729
 0.000116372,  -0.0893216
 0.000116376,  -0.0898241
  0.00011638,  -0.0898241
 0.000116384,  -0.0895729
 0.000116388,   -0.089196
 0.000116392,  -0.0898241
 0.000116396,  -0.0896985
   0.0001164,   -0.089196
 0.000116404,   -0.089196
 0.000116408,   -0.089196
 0.000116412,   -0.089196
 0.000116416,  -0.0890703
  0.00011642,  -0.0890703
 0.000116424,   -0.089196
 0.000116428,  -0.0889447
 0.000116432,  -0.0889447
 0.000116436,  -0.0889447
  0.00011644,  -0.0888191
 0.000116444,  -0.0886935
 0.000116448,  -0.0888191
 0.000116452,  -0.0889447
 0.000116456,  -0.0888191
  0.00011646,  -0.0885678
 0.000116464,  -0.0885678
 0.000116468,  -0.0888191
 0.000116472,  -0.0886935
 0.000116476,  -0.0886935
  0.00011648,  -0.0883166
 0.000116484,   -0.088191
 0.000116488,  -0.0885678
 0.000116492,  -0.0886935
 0.000116496,   -0.088191
   0.0001165,  -0.0879397
 0.000116504,  -0.0883166
 0.000116508,   -0.088191
 0.000116512,  -0.0879397
 0.000116516,  -0.0880653
  0.00011652,  -0.0880653
 0.000116524,  -0.0879397
 0.000116528,  -0.0879397
 0.000116532,   -0.088191
 0.000116536,  -0.0878141
  0.00011654,  -0.0875628
 0.000116544,  -0.0875628
 0.000116548,  -0.0879397
 0.000116552,  -0.0879397
 0.000116556,  -0.0875628
  0.00011656,  -0.0874372
 0.000116564,  -0.0876884
 0.000116568,  -0.0876884
 0.000116572,  -0.0871859
 0.000116576,  -0.0870603
  0.00011658,  -0.0873116
 0.000116584,  -0.0874372
 0.000116588,  -0.0873116
 0.000116592,  -0.0873116
 0.000116596,  -0.0871859
   0.0001166,  -0.0871859
 0.000116604,  -0.0871859
 0.000116608,  -0.0870603
 0.000116612,  -0.0866834
 0.000116616,   -0.086809
  0.00011662,  -0.0869347
 0.000116624,  -0.0870603
 0.000116628,   -0.086809
 0.000116632,  -0.0866834
 0.000116636,  -0.0866834
  0.00011664,  -0.0866834
 0.000116644,  -0.0864322
 0.000116648,  -0.0866834
 0.000116652,  -0.0865578
 0.000116656,   -0.086809
  0.00011666,  -0.0866834
 0.000116664,  -0.0865578
 0.000116668,  -0.0863065
 0.000116672,  -0.0860553
 0.000116676,  -0.0864322
  0.00011668,  -0.0863065
 0.000116684,  -0.0859296
 0.000116688,  -0.0860553
 0.000116692,  -0.0861809
 0.000116696,  -0.0861809
   0.0001167,  -0.0859296
 0.000116704,   -0.085804
 0.000116708,  -0.0855528
 0.000116712,  -0.0855528
 0.000116716,  -0.0859296
  0.00011672,   -0.085804
 0.000116724,  -0.0854271
 0.000116728,  -0.0854271
 0.000116732,  -0.0855528
 0.000116736,  -0.0853015
  0.00011674,  -0.0853015
 0.000116744,  -0.0850502
 0.000116748,  -0.0849246
 0.000116752,  -0.0855528
 0.000116756,   -0.085804
  0.00011676,  -0.0851759
 0.000116764,  -0.0849246
 0.000116768,  -0.0853015
 0.000116772,  -0.0851759
 0.000116776,   -0.084799
  0.00011678,  -0.0846734
 0.000116784,  -0.0849246
 0.000116788,  -0.0850502
 0.000116792,  -0.0850502
 0.000116796,  -0.0851759
   0.0001168,  -0.0846734
 0.000116804,  -0.0844221
 0.000116808,  -0.0846734
 0.000116812,  -0.0845477
 0.000116816,  -0.0845477
  0.00011682,  -0.0844221
 0.000116824,  -0.0845477
 0.000116828,   -0.084799
 0.000116832,  -0.0845477
 0.000116836,  -0.0842965
  0.00011684,  -0.0841709
 0.000116844,  -0.0841709
 0.000116848,  -0.0842965
 0.000116852,  -0.0841709
 0.000116856,  -0.0841709
  0.00011686,  -0.0841709
 0.000116864,  -0.0842965
 0.000116868,  -0.0842965
 0.000116872,  -0.0839196
 0.000116876,  -0.0836683
  0.00011688,   -0.083794
 0.000116884,  -0.0839196
 0.000116888,  -0.0841709
 0.000116892,  -0.0839196
 0.000116896,  -0.0835427
   0.0001169,  -0.0835427
 0.000116904,  -0.0835427
 0.000116908,  -0.0834171
 0.000116912,  -0.0830402
 0.000116916,  -0.0830402
  0.00011692,  -0.0832915
 0.000116924,  -0.0832915
 0.000116928,  -0.0830402
 0.000116932,  -0.0829146
 0.000116936,  -0.0827889
  0.00011694,  -0.0826633
 0.000116944,  -0.0826633
 0.000116948,  -0.0826633
 0.000116952,  -0.0827889
 0.000116956,  -0.0827889
  0.00011696,  -0.0827889
 0.000116964,  -0.0827889
 0.000116968,  -0.0825377
 0.000116972,  -0.0824121
 0.000116976,  -0.0824121
  0.00011698,  -0.0825377
 0.000116984,  -0.0822864
 0.000116988,  -0.0820352
 0.000116992,  -0.0821608
 0.000116996,  -0.0822864
    0.000117,  -0.0821608
 0.000117004,  -0.0817839
 0.000117008,  -0.0817839
 0.000117012,  -0.0816583
 0.000117016,  -0.0817839
  0.00011702,  -0.0820352
 0.000117024,  -0.0817839
 0.000117028,   -0.081407
 0.000117032,  -0.0815327
 0.000117036,  -0.0817839
  0.00011704,   -0.081407
 0.000117044,  -0.0811558
 0.000117048,   -0.081407
 0.000117052,  -0.0815327
 0.000117056,   -0.081407
  0.00011706,   -0.081407
 0.000117064,   -0.081407
 0.000117068,  -0.0809045
 0.000117072,  -0.0809045
 0.000117076,  -0.0812814
  0.00011708,  -0.0810302
 0.000117084,  -0.0806533
 0.000117088,  -0.0807789
 0.000117092,  -0.0810302
 0.000117096,  -0.0806533
   0.0001171,  -0.0805276
 0.000117104,  -0.0802764
 0.000117108,  -0.0802764
 0.000117112,  -0.0805276
 0.000117116,   -0.080402
  0.00011712,  -0.0802764
 0.000117124,  -0.0802764
 0.000117128,  -0.0802764
 0.000117132,  -0.0800251
 0.000117136,  -0.0796482
  0.00011714,  -0.0797739
 0.000117144,  -0.0798995
 0.000117148,  -0.0797739
 0.000117152,  -0.0797739
 0.000117156,  -0.0797739
  0.00011716,  -0.0797739
 0.000117164,  -0.0796482
 0.000117168,  -0.0796482
 0.000117172,   -0.079397
 0.000117176,  -0.0791457
  0.00011718,  -0.0791457
 0.000117184,   -0.079397
 0.000117188,   -0.079397
 0.000117192,  -0.0790201
 0.000117196,  -0.0787688
   0.0001172,  -0.0787688
 0.000117204,  -0.0787688
 0.000117208,  -0.0786432
 0.000117212,   -0.078392
 0.000117216,  -0.0782663
  0.00011722,  -0.0786432
 0.000117224,  -0.0786432
 0.000117228,   -0.078392
 0.000117232,  -0.0782663
 0.000117236,  -0.0782663
  0.00011724,  -0.0782663
 0.000117244,  -0.0778894
 0.000117248,  -0.0780151
 0.000117252,  -0.0780151
 0.000117256,  -0.0778894
  0.00011726,  -0.0780151
 0.000117264,  -0.0781407
 0.000117268,  -0.0777638
 0.000117272,  -0.0773869
 0.000117276,  -0.0775126
  0.00011728,  -0.0776382
 0.000117284,  -0.0773869
 0.000117288,  -0.0772613
 0.000117292,  -0.0773869
 0.000117296,  -0.0771357
   0.0001173,  -0.0768844
 0.000117304,  -0.0768844
 0.000117308,  -0.0766332
 0.000117312,  -0.0763819
 0.000117316,  -0.0766332
  0.00011732,  -0.0767588
 0.000117324,  -0.0766332
 0.000117328,  -0.0763819
 0.000117332,  -0.0765075
 0.000117336,  -0.0762563
  0.00011734,  -0.0761307
 0.000117344,  -0.0762563
 0.000117348,  -0.0761307
 0.000117352,   -0.076005
 0.000117356,  -0.0763819
  0.00011736,  -0.0763819
 0.000117364,   -0.076005
 0.000117368,  -0.0756281
 0.000117372,   -0.076005
 0.000117376,  -0.0757538
  0.00011738,  -0.0753769
 0.000117384,  -0.0756281
 0.000117388,  -0.0756281
 0.000117392,  -0.0753769
 0.000117396,  -0.0753769
   0.0001174,  -0.0752513
 0.000117404,      -0.075
 0.000117408,  -0.0747487
 0.000117412,      -0.075
 0.000117416,      -0.075
  0.00011742,  -0.0746231
 0.000117424,  -0.0746231
 0.000117428,  -0.0747487
 0.000117432,  -0.0746231
 0.000117436,  -0.0743719
  0.00011744,  -0.0742462
 0.000117444,  -0.0741206
 0.000117448,  -0.0743719
 0.000117452,  -0.0746231
 0.000117456,  -0.0742462
  0.00011746,  -0.0738693
 0.000117464,  -0.0742462
 0.000117468,   -0.073995
 0.000117472,  -0.0737437
 0.000117476,  -0.0736181
  0.00011748,  -0.0737437
 0.000117484,  -0.0737437
 0.000117488,  -0.0736181
 0.000117492,  -0.0736181
 0.000117496,  -0.0731156
   0.0001175,  -0.0729899
 0.000117504,  -0.0731156
 0.000117508,  -0.0728643
 0.000117512,  -0.0726131
 0.000117516,  -0.0727387
  0.00011752,  -0.0726131
 0.000117524,  -0.0728643
 0.000117528,  -0.0728643
 0.000117532,  -0.0726131
 0.000117536,  -0.0722362
  0.00011754,  -0.0723618
 0.000117544,  -0.0724874
 0.000117548,  -0.0722362
 0.000117552,  -0.0723618
 0.000117556,  -0.0723618
  0.00011756,  -0.0719849
 0.000117564,  -0.0719849
 0.000117568,  -0.0718593
 0.000117572,  -0.0714824
 0.000117576,  -0.0714824
  0.00011758,  -0.0717337
 0.000117584,  -0.0717337
 0.000117588,  -0.0713568
 0.000117592,  -0.0712312
 0.000117596,  -0.0713568
   0.0001176,  -0.0708543
 0.000117604,  -0.0708543
 0.000117608,  -0.0709799
 0.000117612,   -0.070603
 0.000117616,   -0.070603
  0.00011762,  -0.0708543
 0.000117624,  -0.0708543
 0.000117628,  -0.0702261
 0.000117632,  -0.0702261
 0.000117636,  -0.0707286
  0.00011764,  -0.0702261
 0.000117644,  -0.0697236
 0.000117648,  -0.0701005
 0.000117652,  -0.0703518
 0.000117656,  -0.0699749
  0.00011766,  -0.0699749
 0.000117664,  -0.0698492
 0.000117668,   -0.069598
 0.000117672,  -0.0692211
 0.000117676,   -0.069598
  0.00011768,  -0.0694724
 0.000117684,  -0.0690955
 0.000117688,  -0.0692211
 0.000117692,  -0.0694724
 0.000117696,  -0.0692211
   0.0001177,  -0.0684673
 0.000117704,   -0.068593
 0.000117708,   -0.068593
 0.000117712,  -0.0684673
 0.000117716,   -0.068593
  0.00011772,  -0.0687186
 0.000117724,  -0.0684673
 0.000117728,  -0.0683417
 0.000117732,   -0.068593
 0.000117736,  -0.0683417
  0.00011774,  -0.0677136
 0.000117744,  -0.0677136
 0.000117748,  -0.0680905
 0.000117752,  -0.0678392
 0.000117756,  -0.0679648
  0.00011776,  -0.0678392
 0.000117764,  -0.0677136
 0.000117768,  -0.0675879
 0.000117772,  -0.0673367
 0.000117776,  -0.0673367
  0.00011778,  -0.0672111
 0.000117784,  -0.0670854
 0.000117788,  -0.0672111
 0.000117792,  -0.0670854
 0.000117796,  -0.0670854
   0.0001178,  -0.0667085
 0.000117804,  -0.0663317
 0.000117808,  -0.0664573
 0.000117812,  -0.0663317
 0.000117816,  -0.0663317
  0.00011782,  -0.0664573
 0.000117824,  -0.0663317
 0.000117828,   -0.066206
 0.000117832,  -0.0658291
 0.000117836,  -0.0659548
  0.00011784,  -0.0659548
 0.000117844,  -0.0655779
 0.000117848,  -0.0657035
 0.000117852,  -0.0657035
 0.000117856,  -0.0655779
  0.00011786,  -0.0655779
 0.000117864,  -0.0657035
 0.000117868,  -0.0653266
 0.000117872,  -0.0648241
 0.000117876,  -0.0650754
  0.00011788,   -0.065201
 0.000117884,  -0.0650754
 0.000117888,  -0.0646985
 0.000117892,  -0.0646985
 0.000117896,  -0.0646985
   0.0001179,  -0.0643216
 0.000117904,  -0.0643216
 0.000117908,  -0.0640704
 0.000117912,  -0.0638191
 0.000117916,  -0.0639447
  0.00011792,  -0.0640704
 0.000117924,   -0.064196
 0.000117928,  -0.0638191
 0.000117932,  -0.0636935
 0.000117936,  -0.0638191
  0.00011794,  -0.0638191
 0.000117944,  -0.0634422
 0.000117948,  -0.0635678
 0.000117952,  -0.0634422
 0.000117956,  -0.0634422
  0.00011796,  -0.0633166
 0.000117964,   -0.063191
 0.000117968,  -0.0629397
 0.000117972,  -0.0626884
 0.000117976,  -0.0629397
  0.00011798,  -0.0628141
 0.000117984,  -0.0625628
 0.000117988,  -0.0623116
 0.000117992,  -0.0623116
 0.000117996,  -0.0624372
    0.000118,  -0.0621859
 0.000118004,   -0.061809
 0.000118008,   -0.061809
 0.000118012,  -0.0620603
 0.000118016,   -0.061809
  0.00011802,  -0.0616834
 0.000118024,  -0.0616834
 0.000118028,   -0.061809
 0.000118032,  -0.0614322
 0.000118036,  -0.0614322
  0.00011804,  -0.0613065
 0.000118044,   -0.060804
 0.000118048,  -0.0610553
 0.000118052,  -0.0613065
 0.000118056,  -0.0611809
  0.00011806,  -0.0606784
 0.000118064,   -0.060804
 0.000118068,   -0.060804
 0.000118072,  -0.0605528
 0.000118076,  -0.0603015
  0.00011808,  -0.0603015
 0.000118084,  -0.0603015
 0.000118088,  -0.0603015
 0.000118092,  -0.0604271
 0.000118096,   -0.059799
   0.0001181,   -0.059799
 0.000118104,  -0.0595477
 0.000118108,  -0.0595477
 0.000118112,  -0.0596734
 0.000118116,  -0.0594221
  0.00011812,  -0.0591709
 0.000118124,  -0.0591709
 0.000118128,  -0.0596734
 0.000118132,  -0.0594221
 0.000118136,   -0.058794
  0.00011814,  -0.0589196
 0.000118144,  -0.0590452
 0.000118148,  -0.0589196
 0.000118152,  -0.0589196
 0.000118156,   -0.058794
  0.00011816,   -0.058794
 0.000118164,   -0.058794
 0.000118168,  -0.0585427
 0.000118172,  -0.0581658
 0.000118176,  -0.0581658
  0.00011818,  -0.0581658
 0.000118184,  -0.0580402
 0.000118188,  -0.0579146
 0.000118192,  -0.0581658
 0.000118196,  -0.0577889
   0.0001182,  -0.0576633
 0.000118204,  -0.0577889
 0.000118208,  -0.0575377
 0.000118212,  -0.0569095
 0.000118216,  -0.0571608
  0.00011822,  -0.0576633
 0.000118224,  -0.0572864
 0.000118228,  -0.0567839
 0.000118232,  -0.0571608
 0.000118236,  -0.0570352
  0.00011824,  -0.0569095
 0.000118244,  -0.0569095
 0.000118248,  -0.0567839
 0.000118252,  -0.0565327
 0.000118256,  -0.0565327
  0.00011826,  -0.0569095
 0.000118264,  -0.0566583
 0.000118268,  -0.0561558
 0.000118272,  -0.0562814
 0.000118276,  -0.0562814
  0.00011828,  -0.0560302
 0.000118284,  -0.0556533
 0.000118288,  -0.0560302
 0.000118292,  -0.0559045
 0.000118296,  -0.0555276
   0.0001183,  -0.0555276
 0.000118304,   -0.055402
 0.000118308,  -0.0548995
 0.000118312,  -0.0547739
 0.000118316,  -0.0552764
  0.00011832,  -0.0550251
 0.000118324,  -0.0545226
 0.000118328,  -0.0548995
 0.000118332,  -0.0550251
 0.000118336,  -0.0545226
  0.00011834,   -0.054397
 0.000118344,  -0.0548995
 0.000118348,  -0.0546482
 0.000118352,  -0.0542714
 0.000118356,  -0.0546482
  0.00011836,  -0.0546482
 0.000118364,  -0.0540201
 0.000118368,  -0.0540201
 0.000118372,   -0.054397
 0.000118376,  -0.0538945
  0.00011838,  -0.0536432
 0.000118384,  -0.0538945
 0.000118388,  -0.0538945
 0.000118392,  -0.0535176
 0.000118396,  -0.0535176
   0.0001184,  -0.0535176
 0.000118404,  -0.0531407
 0.000118408,  -0.0530151
 0.000118412,  -0.0532663
 0.000118416,  -0.0530151
  0.00011842,  -0.0530151
 0.000118424,  -0.0530151
 0.000118428,  -0.0531407
 0.000118432,  -0.0530151
 0.000118436,  -0.0525126
  0.00011844,  -0.0523869
 0.000118444,  -0.0527638
 0.000118448,  -0.0526382
 0.000118452,  -0.0523869
 0.000118456,  -0.0523869
  0.00011846,  -0.0526382
 0.000118464,  -0.0522613
 0.000118468,  -0.0521357
 0.000118472,  -0.0522613
 0.000118476,    -0.05201
  0.00011848,  -0.0516332
 0.000118484,    -0.05201
 0.000118488,    -0.05201
 0.000118492,  -0.0516332
 0.000118496,  -0.0513819
   0.0001185,  -0.0513819
 0.000118504,  -0.0513819
 0.000118508,   -0.051005
 0.000118512,   -0.051005
 0.000118516,  -0.0511307
  0.00011852,  -0.0508794
 0.000118524,   -0.051005
 0.000118528,  -0.0508794
 0.000118532,  -0.0507538
 0.000118536,  -0.0507538
  0.00011854,  -0.0506281
 0.000118544,  -0.0507538
 0.000118548,  -0.0503769
 0.000118552,  -0.0503769
 0.000118556,  -0.0507538
  0.00011856,  -0.0507538
 0.000118564,  -0.0503769
 0.000118568,  -0.0501256
 0.000118572,  -0.0502513
 0.000118576,  -0.0501256
  0.00011858,       -0.05
 0.000118584,  -0.0502513
 0.000118588,       -0.05
 0.000118592,  -0.0497487
 0.000118596,  -0.0498744
   0.0001186,  -0.0498744
 0.000118604,  -0.0494975
 0.000118608,  -0.0492462
 0.000118612,  -0.0493719
 0.000118616,  -0.0494975
  0.00011862,  -0.0493719
 0.000118624,  -0.0492462
 0.000118628,  -0.0492462
 0.000118632,  -0.0493719
 0.000118636,  -0.0491206
  0.00011864,   -0.048995
 0.000118644,   -0.048995
 0.000118648,  -0.0487437
 0.000118652,  -0.0487437
 0.000118656,  -0.0491206
  0.00011866,   -0.048995
 0.000118664,  -0.0486181
 0.000118668,  -0.0483668
 0.000118672,  -0.0484925
 0.000118676,  -0.0484925
  0.00011868,  -0.0481156
 0.000118684,  -0.0482412
 0.000118688,  -0.0482412
 0.000118692,  -0.0481156
 0.000118696,  -0.0482412
   0.0001187,  -0.0478643
 0.000118704,  -0.0476131
 0.000118708,  -0.0476131
 0.000118712,  -0.0476131
 0.000118716,  -0.0477387
  0.00011872,  -0.0476131
 0.000118724,  -0.0476131
 0.000118728,  -0.0476131
 0.000118732,  -0.0476131
 0.000118736,  -0.0473618
  0.00011874,  -0.0471106
 0.000118744,  -0.0472362
 0.000118748,  -0.0474874
 0.000118752,  -0.0471106
 0.000118756,  -0.0471106
  0.00011876,  -0.0473618
 0.000118764,  -0.0472362
 0.000118768,  -0.0468593
 0.000118772,  -0.0468593
 0.000118776,  -0.0467337
  0.00011878,  -0.0464824
 0.000118784,  -0.0468593
 0.000118788,  -0.0468593
 0.000118792,  -0.0464824
 0.000118796,  -0.0464824
   0.0001188,  -0.0464824
 0.000118804,  -0.0463568
 0.000118808,  -0.0462312
 0.000118812,  -0.0459799
 0.000118816,  -0.0458543
  0.00011882,  -0.0462312
 0.000118824,  -0.0463568
 0.000118828,  -0.0462312
 0.000118832,  -0.0458543
 0.000118836,  -0.0457286
  0.00011884,   -0.045603
 0.000118844,  -0.0457286
 0.000118848,   -0.045603
 0.000118852,  -0.0454774
 0.000118856,   -0.045603
  0.00011886,  -0.0458543
 0.000118864,  -0.0457286
 0.000118868,  -0.0452261
 0.000118872,  -0.0452261
 0.000118876,  -0.0453518
  0.00011888,  -0.0449749
 0.000118884,  -0.0451005
 0.000118888,  -0.0452261
 0.000118892,  -0.0449749
 0.000118896,  -0.0451005
   0.0001189,  -0.0452261
 0.000118904,  -0.0451005
 0.000118908,   -0.044598
 0.000118912,  -0.0444724
 0.000118916,  -0.0451005
  0.00011892,  -0.0449749
 0.000118924,  -0.0448492
 0.000118928,  -0.0448492
 0.000118932,  -0.0449749
 0.000118936,  -0.0448492
  0.00011894,   -0.044598
 0.000118944,  -0.0447236
 0.000118948,   -0.044598
 0.000118952,  -0.0444724
 0.000118956,   -0.044598
  0.00011896,   -0.044598
 0.000118964,  -0.0444724
 0.000118968,  -0.0442211
 0.000118972,  -0.0442211
 0.000118976,  -0.0442211
  0.00011898,  -0.0440955
 0.000118984,  -0.0437186
 0.000118988,  -0.0438442
 0.000118992,  -0.0440955
 0.000118996,  -0.0439698
    0.000119,  -0.0437186
 0.000119004,   -0.043593
 0.000119008,  -0.0437186
 0.000119012,   -0.043593
 0.000119016,  -0.0437186
  0.00011902,  -0.0434673
 0.000119024,   -0.043593
 0.000119028,  -0.0437186
 0.000119032,  -0.0434673
 0.000119036,  -0.0432161
  0.00011904,  -0.0434673
 0.000119044,  -0.0434673
 0.000119048,  -0.0430905
 0.000119052,  -0.0432161
 0.000119056,  -0.0434673
  0.00011906,  -0.0433417
 0.000119064,  -0.0430905
 0.000119068,  -0.0432161
 0.000119072,  -0.0430905
 0.000119076,  -0.0428392
  0.00011908,  -0.0430905
 0.000119084,  -0.0430905
 0.000119088,  -0.0428392
 0.000119092,  -0.0427136
 0.000119096,  -0.0427136
   0.0001191,  -0.0427136
 0.000119104,  -0.0427136
 0.000119108,  -0.0427136
 0.000119112,  -0.0424623
 0.000119116,  -0.0424623
  0.00011912,  -0.0427136
 0.000119124,  -0.0427136
 0.000119128,  -0.0425879
 0.000119132,  -0.0425879
 0.000119136,  -0.0424623
  0.00011914,  -0.0424623
 0.000119144,  -0.0424623
 0.000119148,  -0.0427136
 0.000119152,  -0.0424623
 0.000119156,  -0.0423367
  0.00011916,  -0.0424623
 0.000119164,  -0.0423367
 0.000119168,  -0.0423367
 0.000119172,  -0.0422111
 0.000119176,  -0.0418342
  0.00011918,  -0.0420854
 0.000119184,  -0.0423367
 0.000119188,  -0.0420854
 0.000119192,  -0.0418342
 0.000119196,  -0.0418342
   0.0001192,  -0.0419598
 0.000119204,  -0.0415829
 0.000119208,  -0.0415829
 0.000119212,  -0.0417085
 0.000119216,  -0.0417085
  0.00011922,  -0.0418342
 0.000119224,  -0.0417085
 0.000119228,  -0.0415829
 0.000119232,  -0.0415829
 0.000119236,  -0.0415829
  0.00011924,  -0.0414573
 0.000119244,   -0.041206
 0.000119248,  -0.0413317
 0.000119252,  -0.0415829
 0.000119256,  -0.0414573
  0.00011926,  -0.0414573
 0.000119264,  -0.0413317
 0.000119268,  -0.0410804
 0.000119272,  -0.0410804
 0.000119276,   -0.041206
  0.00011928,   -0.041206
 0.000119284,  -0.0409548
 0.000119288,  -0.0413317
 0.000119292,   -0.041206
 0.000119296,  -0.0409548
   0.0001193,  -0.0409548
 0.000119304,  -0.0408291
 0.000119308,  -0.0407035
 0.000119312,  -0.0405779
 0.000119316,  -0.0409548
  0.00011932,  -0.0409548
 0.000119324,  -0.0405779
 0.000119328,  -0.0408291
 0.000119332,  -0.0409548
 0.000119336,  -0.0404523
  0.00011934,  -0.0403266
 0.000119344,  -0.0403266
 0.000119348,  -0.0407035
 0.000119352,  -0.0405779
 0.000119356,  -0.0405779
  0.00011936,  -0.0405779
 0.000119364,  -0.0404523
 0.000119368,  -0.0404523
 0.000119372,   -0.040201
 0.000119376,   -0.040201
  0.00011938,  -0.0403266
 0.000119384,   -0.040201
 0.000119388,  -0.0403266
 0.000119392,  -0.0404523
 0.000119396,   -0.040201
   0.0001194,  -0.0398241
 0.000119404,   -0.040201
 0.000119408,   -0.040201
 0.000119412,  -0.0399497
 0.000119416,  -0.0398241
  0.00011942,   -0.040201
 0.000119424,   -0.040201
 0.000119428,  -0.0399497
 0.000119432,  -0.0400754
 0.000119436,  -0.0396985
  0.00011944,  -0.0394472
 0.000119444,  -0.0398241
 0.000119448,  -0.0400754
 0.000119452,  -0.0396985
 0.000119456,  -0.0396985
  0.00011946,  -0.0399497
 0.000119464,  -0.0398241
 0.000119468,  -0.0393216
 0.000119472,  -0.0394472
 0.000119476,  -0.0395729
  0.00011948,   -0.039196
 0.000119484,  -0.0394472
 0.000119488,  -0.0396985
 0.000119492,  -0.0393216
 0.000119496,   -0.039196
   0.0001195,  -0.0394472
 0.000119504,  -0.0393216
 0.000119508,  -0.0389447
 0.000119512,  -0.0389447
 0.000119516,   -0.039196
  0.00011952,   -0.039196
 0.000119524,   -0.039196
 0.000119528,   -0.039196
 0.000119532,  -0.0390704
 0.000119536,  -0.0390704
  0.00011954,  -0.0390704
 0.000119544,  -0.0390704
 0.000119548,  -0.0386935
 0.000119552,  -0.0386935
 0.000119556,  -0.0390704
  0.00011956,  -0.0390704
 0.000119564,  -0.0389447
 0.000119568,  -0.0384422
 0.000119572,  -0.0388191
 0.000119576,  -0.0388191
  0.00011958,  -0.0384422
 0.000119584,  -0.0385678
 0.000119588,  -0.0388191
 0.000119592,  -0.0385678
 0.000119596,  -0.0385678
   0.0001196,  -0.0386935
 0.000119604,  -0.0384422
 0.000119608,   -0.038191
 0.000119612,  -0.0386935
 0.000119616,  -0.0389447
  0.00011962,  -0.0384422
 0.000119624,  -0.0384422
 0.000119628,  -0.0386935
 0.000119632,  -0.0384422
 0.000119636,   -0.038191
  0.00011964,  -0.0384422
 0.000119644,  -0.0384422
 0.000119648,  -0.0380653
 0.000119652,  -0.0383166
 0.000119656,  -0.0385678
  0.00011966,  -0.0383166
 0.000119664,  -0.0380653
 0.000119668,  -0.0380653
 0.000119672,  -0.0380653
 0.000119676,  -0.0378141
  0.00011968,  -0.0378141
 0.000119684,  -0.0380653
 0.000119688,  -0.0378141
 0.000119692,  -0.0378141
 0.000119696,  -0.0378141
   0.0001197,  -0.0376884
 0.000119704,  -0.0373116
 0.000119708,  -0.0373116
 0.000119712,  -0.0376884
 0.000119716,  -0.0375628
  0.00011972,  -0.0375628
 0.000119724,  -0.0375628
 0.000119728,  -0.0374372
 0.000119732,  -0.0374372
 0.000119736,  -0.0374372
  0.00011974,  -0.0374372
 0.000119744,  -0.0374372
 0.000119748,  -0.0374372
 0.000119752,  -0.0374372
 0.000119756,  -0.0375628
  0.00011976,  -0.0374372
 0.000119764,  -0.0371859
 0.000119768,  -0.0371859
 0.000119772,  -0.0371859
 0.000119776,  -0.0370603
  0.00011978,  -0.0369347
 0.000119784,  -0.0369347
 0.000119788,  -0.0369347
 0.000119792,   -0.036809
 0.000119796,  -0.0369347
   0.0001198,   -0.036809
 0.000119804,  -0.0366834
 0.000119808,  -0.0365578
 0.000119812,  -0.0364322
 0.000119816,  -0.0365578
  0.00011982,  -0.0366834
 0.000119824,   -0.036809
 0.000119828,  -0.0364322
 0.000119832,  -0.0363065
 0.000119836,  -0.0365578
  0.00011984,  -0.0365578
 0.000119844,  -0.0364322
 0.000119848,  -0.0363065
 0.000119852,  -0.0364322
 0.000119856,  -0.0364322
  0.00011986,  -0.0365578
 0.000119864,  -0.0365578
 0.000119868,  -0.0361809
 0.000119872,  -0.0360553
 0.000119876,  -0.0363065
  0.00011988,  -0.0364322
 0.000119884,  -0.0360553
 0.000119888,  -0.0359296
 0.000119892,  -0.0360553
 0.000119896,  -0.0360553
   0.0001199,   -0.035804
 0.000119904,   -0.035804
 0.000119908,   -0.035804
 0.000119912,  -0.0354271
 0.000119916,   -0.035804
  0.00011992,   -0.035804
 0.000119924,  -0.0355528
 0.000119928,  -0.0355528
 0.000119932,  -0.0354271
 0.000119936,  -0.0353015
  0.00011994,  -0.0353015
 0.000119944,  -0.0353015
 0.000119948,  -0.0354271
 0.000119952,  -0.0353015
 0.000119956,  -0.0354271
  0.00011996,  -0.0353015
 0.000119964,  -0.0350503
 0.000119968,  -0.0351759
 0.000119972,  -0.0351759
 0.000119976,  -0.0350503
  0.00011998,  -0.0346734
 0.000119984,  -0.0350503
 0.000119988,  -0.0351759
 0.000119992,  -0.0349246
 0.000119996,   -0.034799
     0.00012,   -0.034799
 0.000120004,   -0.034799
 0.000120008,  -0.0346734
 0.000120012,  -0.0346734
 0.000120016,   -0.034799
  0.00012002,  -0.0346734
 0.000120024,  -0.0346734
 0.000120028,  -0.0349246
 0.000120032,  -0.0346734
 0.000120036,  -0.0342965
  0.00012004,  -0.0342965
 0.000120044,  -0.0345477
 0.000120048,  -0.0342965
 0.000120052,  -0.0339196
 0.000120056,  -0.0344221
  0.00012006,  -0.0344221
 0.000120064,  -0.0341709
 0.000120068,  -0.0340452
 0.000120072,  -0.0339196
 0.000120076,  -0.0340452
  0.00012008,  -0.0336683
 0.000120084,   -0.033794
 0.000120088,  -0.0339196
 0.000120092,   -0.033794
 0.000120096,  -0.0336683
   0.0001201,  -0.0335427
 0.000120104,  -0.0335427
 0.000120108,  -0.0335427
 0.000120112,  -0.0334171
 0.000120116,  -0.0334171
  0.00012012,  -0.0335427
 0.000120124,  -0.0335427
 0.000120128,  -0.0334171
 0.000120132,  -0.0335427
 0.000120136,  -0.0332915
  0.00012014,  -0.0332915
 0.000120144,  -0.0331658
 0.000120148,  -0.0330402
 0.000120152,  -0.0330402
 0.000120156,  -0.0332915
  0.00012016,  -0.0331658
 0.000120164,  -0.0327889
 0.000120168,  -0.0326633
 0.000120172,  -0.0327889
 0.000120176,  -0.0325377
  0.00012018,  -0.0326633
 0.000120184,  -0.0326633
 0.000120188,  -0.0326633
 0.000120192,  -0.0325377
 0.000120196,  -0.0325377
   0.0001202,  -0.0326633
 0.000120204,  -0.0322864
 0.000120208,  -0.0321608
 0.000120212,  -0.0321608
 0.000120216,  -0.0324121
  0.00012022,  -0.0324121
 0.000120224,  -0.0320352
 0.000120228,  -0.0321608
 0.000120232,  -0.0321608
 0.000120236,  -0.0321608
  0.00012024,  -0.0320352
 0.000120244,  -0.0320352
 0.000120248,  -0.0320352
 0.000120252,  -0.0319095
 0.000120256,  -0.0320352
  0.00012026,  -0.0320352
 0.000120264,  -0.0317839
 0.000120268,  -0.0315327
 0.000120272,   -0.031407
 0.000120276,  -0.0315327
  0.00012028,  -0.0315327
 0.000120284,   -0.031407
 0.000120288,   -0.031407
 0.000120292,  -0.0316583
 0.000120296,  -0.0315327
   0.0001203,  -0.0311558
 0.000120304,  -0.0311558
 0.000120308,  -0.0315327
 0.000120312,  -0.0312814
 0.000120316,  -0.0309045
  0.00012032,  -0.0312814
 0.000120324,   -0.031407
 0.000120328,  -0.0311558
 0.000120332,  -0.0311558
 0.000120336,  -0.0311558
  0.00012034,  -0.0310302
 0.000120344,  -0.0306533
 0.000120348,  -0.0310302
 0.000120352,  -0.0309045
 0.000120356,  -0.0307789
  0.00012036,  -0.0307789
 0.000120364,  -0.0307789
 0.000120368,  -0.0306533
 0.000120372,  -0.0302764
 0.000120376,   -0.030402
  0.00012038,  -0.0302764
 0.000120384,  -0.0302764
 0.000120388,   -0.030402
 0.000120392,  -0.0302764
 0.000120396,  -0.0301508
   0.0001204,  -0.0301508
 0.000120404,   -0.030402
 0.000120408,  -0.0300251
 0.000120412,  -0.0297739
 0.000120416,  -0.0301508
  0.00012042,  -0.0300251
 0.000120424,  -0.0297739
 0.000120428,  -0.0298995
 0.000120432,  -0.0300251
 0.000120436,  -0.0296482
  0.00012044,   -0.029397
 0.000120444,  -0.0296482
 0.000120448,  -0.0296482
 0.000120452,  -0.0295226
 0.000120456,  -0.0295226
  0.00012046,  -0.0296482
 0.000120464,  -0.0295226
 0.000120468,  -0.0292714
 0.000120472,  -0.0292714
 0.000120476,  -0.0292714
  0.00012048,  -0.0291457
 0.000120484,  -0.0288945
 0.000120488,  -0.0290201
 0.000120492,  -0.0291457
 0.000120496,  -0.0290201
   0.0001205,  -0.0290201
 0.000120504,  -0.0290201
 0.000120508,  -0.0286432
 0.000120512,  -0.0286432
 0.000120516,  -0.0288945
  0.00012052,  -0.0288945
 0.000120524,  -0.0286432
 0.000120528,  -0.0285176
 0.000120532,  -0.0286432
 0.000120536,  -0.0286432
  0.00012054,  -0.0286432
 0.000120544,  -0.0286432
 0.000120548,  -0.0282663
 0.000120552,   -0.028392
 0.000120556,  -0.0287688
  0.00012056,   -0.028392
 0.000120564,  -0.0280151
 0.000120568,  -0.0280151
 0.000120572,  -0.0281407
 0.000120576,  -0.0278894
  0.00012058,  -0.0277638
 0.000120584,  -0.0277638
 0.000120588,  -0.0277638
 0.000120592,  -0.0278894
 0.000120596,  -0.0277638
   0.0001206,  -0.0276382
 0.000120604,  -0.0273869
 0.000120608,  -0.0273869
 0.000120612,  -0.0272613
 0.000120616,  -0.0273869
  0.00012062,  -0.0273869
 0.000120624,  -0.0275126
 0.000120628,  -0.0272613
 0.000120632,  -0.0273869
 0.000120636,    -0.02701
  0.00012064,  -0.0268844
 0.000120644,  -0.0271357
 0.000120648,    -0.02701
 0.000120652,    -0.02701
 0.000120656,  -0.0268844
  0.00012066,    -0.02701
 0.000120664,    -0.02701
 0.000120668,  -0.0267588
 0.000120672,  -0.0267588
 0.000120676,  -0.0265075
  0.00012068,  -0.0263819
 0.000120684,  -0.0263819
 0.000120688,  -0.0265075
 0.000120692,  -0.0266332
 0.000120696,  -0.0263819
   0.0001207,  -0.0261307
 0.000120704,  -0.0262563
 0.000120708,  -0.0262563
 0.000120712,  -0.0258794
 0.000120716,  -0.0257538
  0.00012072,   -0.026005
 0.000120724,  -0.0262563
 0.000120728,  -0.0257538
 0.000120732,  -0.0257538
 0.000120736,  -0.0256281
  0.00012074,  -0.0257538
 0.000120744,  -0.0256281
 0.000120748,  -0.0253769
 0.000120752,  -0.0253769
 0.000120756,  -0.0253769
  0.00012076,  -0.0253769
 0.000120764,  -0.0253769
 0.000120768,  -0.0251256
 0.000120772,  -0.0248744
 0.000120776,  -0.0248744
  0.00012078,  -0.0248744
 0.000120784,      -0.025
 0.000120788,  -0.0248744
 0.000120792,  -0.0247487
 0.000120796,  -0.0248744
   0.0001208,  -0.0247487
 0.000120804,  -0.0244975
 0.000120808,  -0.0242462
 0.000120812,  -0.0241206
 0.000120816,  -0.0244975
  0.00012082,  -0.0244975
 0.000120824,  -0.0243719
 0.000120828,  -0.0243719
 0.000120832,  -0.0241206
 0.000120836,   -0.023995
  0.00012084,  -0.0242462
 0.000120844,   -0.023995
 0.000120848,  -0.0236181
 0.000120852,  -0.0237437
 0.000120856,  -0.0241206
  0.00012086,  -0.0238693
 0.000120864,  -0.0236181
 0.000120868,  -0.0236181
 0.000120872,  -0.0234925
 0.000120876,  -0.0233668
  0.00012088,  -0.0233668
 0.000120884,  -0.0232412
 0.000120888,  -0.0231156
 0.000120892,  -0.0232412
 0.000120896,  -0.0232412
   0.0001209,  -0.0229899
 0.000120904,  -0.0227387
 0.000120908,  -0.0228643
 0.000120912,  -0.0229899
 0.000120916,  -0.0228643
  0.00012092,  -0.0227387
 0.000120924,  -0.0226131
 0.000120928,  -0.0226131
 0.000120932,  -0.0227387
 0.000120936,  -0.0223618
  0.00012094,  -0.0221106
 0.000120944,  -0.0223618
 0.000120948,  -0.0222362
 0.000120952,  -0.0221106
 0.000120956,  -0.0222362
  0.00012096,  -0.0222362
 0.000120964,  -0.0217337
 0.000120968,   -0.021608
 0.000120972,  -0.0218593
 0.000120976,  -0.0217337
  0.00012098,  -0.0208543
 0.000120984,  -0.0212312
 0.000120988,  -0.0218593
 0.000120992,  -0.0213568
 0.000120996,  -0.0209799
    0.000121,  -0.0209799
 0.000121004,  -0.0213568
 0.000121008,  -0.0211055
 0.000121012,  -0.0207286
 0.000121016,  -0.0209799
  0.00012102,  -0.0208543
 0.000121024,  -0.0208543
 0.000121028,  -0.0211055
 0.000121032,  -0.0208543
 0.000121036,  -0.0204774
  0.00012104,  -0.0203518
 0.000121044,   -0.020603
 0.000121048,   -0.020603
 0.000121052,  -0.0199749
 0.000121056,  -0.0201005
  0.00012106,  -0.0203518
 0.000121064,  -0.0201005
 0.000121068,  -0.0199749
 0.000121072,  -0.0197236
 0.000121076,  -0.0197236
  0.00012108,   -0.019598
 0.000121084,  -0.0197236
 0.000121088,  -0.0197236
 0.000121092,  -0.0193467
 0.000121096,  -0.0192211
   0.0001211,  -0.0193467
 0.000121104,  -0.0192211
 0.000121108,  -0.0189698
 0.000121112,  -0.0190955
 0.000121116,  -0.0190955
  0.00012112,   -0.018593
 0.000121124,  -0.0188442
 0.000121128,  -0.0189698
 0.000121132,  -0.0187186
 0.000121136,   -0.018593
  0.00012114,   -0.018593
 0.000121144,  -0.0183417
 0.000121148,  -0.0183417
 0.000121152,  -0.0183417
 0.000121156,  -0.0184673
  0.00012116,  -0.0180905
 0.000121164,  -0.0177136
 0.000121168,  -0.0178392
 0.000121172,  -0.0178392
 0.000121176,  -0.0177136
  0.00012118,  -0.0174623
 0.000121184,  -0.0175879
 0.000121188,  -0.0177136
 0.000121192,  -0.0174623
 0.000121196,  -0.0173367
   0.0001212,  -0.0174623
 0.000121204,  -0.0172111
 0.000121208,  -0.0168342
 0.000121212,  -0.0169598
 0.000121216,  -0.0172111
  0.00012122,  -0.0169598
 0.000121224,  -0.0165829
 0.000121228,  -0.0168342
 0.000121232,  -0.0167085
 0.000121236,  -0.0164573
  0.00012124,  -0.0163317
 0.000121244,  -0.0160804
 0.000121248,   -0.016206
 0.000121252,   -0.016206
 0.000121256,   -0.016206
  0.00012126,  -0.0160804
 0.000121264,  -0.0158291
 0.000121268,  -0.0158291
 0.000121272,  -0.0157035
 0.000121276,  -0.0154523
  0.00012128,  -0.0153266
 0.000121284,  -0.0154523
 0.000121288,  -0.0154523
 0.000121292,   -0.015201
 0.000121296,   -0.015201
   0.0001213,  -0.0150754
 0.000121304,  -0.0146985
 0.000121308,  -0.0149497
 0.000121312,  -0.0148241
 0.000121316,  -0.0145729
  0.00012132,  -0.0144472
 0.000121324,  -0.0146985
 0.000121328,  -0.0145729
 0.000121332,  -0.0140704
 0.000121336,  -0.0140704
  0.00012134,   -0.014196
 0.000121344,  -0.0138191
 0.000121348,  -0.0139447
 0.000121352,  -0.0139447
 0.000121356,  -0.0138191
  0.00012136,  -0.0136935
 0.000121364,  -0.0135678
 0.000121368,  -0.0135678
 0.000121372,   -0.013191
 0.000121376,   -0.013191
  0.00012138,   -0.013191
 0.000121384,  -0.0130653
 0.000121388,  -0.0129397
 0.000121392,  -0.0129397
 0.000121396,  -0.0128141
   0.0001214,  -0.0126884
 0.000121404,  -0.0126884
 0.000121408,  -0.0126884
 0.000121412,  -0.0123116
 0.000121416,  -0.0124372
  0.00012142,  -0.0126884
 0.000121424,  -0.0123116
 0.000121428,  -0.0119347
 0.000121432,   -0.011809
 0.000121436,  -0.0119347
  0.00012144,   -0.011809
 0.000121444,  -0.0115578
 0.000121448,  -0.0115578
 0.000121452,  -0.0116834
 0.000121456,  -0.0114322
  0.00012146,  -0.0113065
 0.000121464,  -0.0115578
 0.000121468,  -0.0110553
 0.000121472,  -0.0105528
 0.000121476,   -0.010804
  0.00012148,  -0.0113065
 0.000121484,  -0.0106784
 0.000121488,  -0.0104271
 0.000121492,  -0.0106784
 0.000121496,  -0.0106784
   0.0001215,  -0.0101759
 0.000121504,  -0.0100503
 0.000121508,  -0.0100503
 0.000121512,   -0.009799
 0.000121516, -0.00992462
  0.00012152,  -0.0100503
 0.000121524,   -0.009799
 0.000121528, -0.00954774
 0.000121532,   -0.009799
 0.000121536, -0.00954774
  0.00012154, -0.00929648
 0.000121544,  -0.0089196
 0.000121548, -0.00917085
 0.000121552, -0.00917085
 0.000121556, -0.00917085
  0.00012156, -0.00879397
 0.000121564, -0.00854271
 0.000121568, -0.00841709
 0.000121572, -0.00841709
 0.000121576, -0.00841709
  0.00012158,  -0.0080402
 0.000121584, -0.00791457
 0.000121588,  -0.0080402
 0.000121592, -0.00816583
 0.000121596, -0.00791457
   0.0001216, -0.00766332
 0.000121604, -0.00753769
 0.000121608, -0.00741206
 0.000121612, -0.00728643
 0.000121616, -0.00741206
  0.00012162, -0.00728643
 0.000121624, -0.00728643
 0.000121628, -0.00728643
 0.000121632,  -0.0071608
 0.000121636, -0.00678392
  0.00012164, -0.00665829
 0.000121644, -0.00665829
 0.000121648, -0.00640704
 0.000121652, -0.00653266
 0.000121656, -0.00653266
  0.00012166, -0.00653266
 0.000121664, -0.00628141
 0.000121668, -0.00603015
 0.000121672, -0.00603015
 0.000121676, -0.00565327
  0.00012168, -0.00577889
 0.000121684, -0.00603015
 0.000121688, -0.00577889
 0.000121692, -0.00552764
 0.000121696, -0.00552764
   0.0001217, -0.00552764
 0.000121704, -0.00527638
 0.000121708,  -0.0048995
 0.000121712, -0.00515075
 0.000121716, -0.00502513
  0.00012172, -0.00477387
 0.000121724,  -0.0048995
 0.000121728, -0.00477387
 0.000121732, -0.00477387
 0.000121736, -0.00414573
  0.00012174, -0.00427136
 0.000121744, -0.00427136
 0.000121748, -0.00376884
 0.000121752, -0.00389447
 0.000121756, -0.00414573
  0.00012176, -0.00414573
 0.000121764, -0.00351759
 0.000121768, -0.00326633
 0.000121772, -0.00339196
 0.000121776,  -0.0031407
  0.00012178, -0.00288945
 0.000121784, -0.00301508
 0.000121788, -0.00301508
 0.000121792, -0.00276382
 0.000121796, -0.00288945
   0.0001218, -0.00288945
 0.000121804, -0.00251256
 0.000121808, -0.00213568
 0.000121812, -0.00238693
 0.000121816, -0.00226131
  0.00012182, -0.00213568
 0.000121824, -0.00226131
 0.000121828, -0.00213568
 0.000121832, -0.00201005
 0.000121836, -0.00188442
  0.00012184, -0.00188442
 0.000121844, -0.00150754
 0.000121848, -0.00125628
 0.000121852, -0.00150754
 0.000121856, -0.00125628
  0.00012186, -0.00113065
 0.000121864, -0.00125628
 0.000121868, -0.00100503
 0.000121872,-0.000753769
 0.000121876,-0.000628141
  0.00012188,-0.000628141
 0.000121884,-0.000628141
 0.000121888,-0.000628141
 0.000121892,-0.000502513
 0.000121896,-0.000251256
   0.0001219,           0
 0.000121904,-0.000125628
 0.000121908, 0.000125628
 0.000121912, 0.000251256
 0.000121916, 0.000251256
  0.00012192, 0.000376884
 0.000121924, 0.000502513
 0.000121928, 0.000502513
 0.000121932, 0.000502513
 0.000121936,  0.00100503
  0.00012194,  0.00138191
 0.000121944,  0.00125628
 0.000121948,  0.00100503
 0.000121952,  0.00125628
 0.000121956,  0.00150754
  0.00012196,  0.00163317
 0.000121964,  0.00150754
 0.000121968,  0.00163317
 0.000121972,  0.00188442
 0.000121976,  0.00226131
  0.00012198,  0.00213568
 0.000121984,  0.00188442
 0.000121988,  0.00201005
 0.000121992,  0.00226131
 0.000121996,  0.00226131
    0.000122,  0.00251256
 0.000122004,  0.00276382
 0.000122008,  0.00276382
 0.000122012,  0.00288945
 0.000122016,  0.00301508
  0.00012202,   0.0031407
 0.000122024,  0.00288945
 0.000122028,  0.00301508
 0.000122032,  0.00339196
 0.000122036,  0.00351759
  0.00012204,  0.00339196
 0.000122044,  0.00351759
 0.000122048,  0.00376884
 0.000122052,  0.00376884
 0.000122056,  0.00376884
  0.00012206,  0.00376884
 0.000122064,  0.00376884
 0.000122068,  0.00427136
 0.000122072,  0.00464824
 0.000122076,  0.00452261
  0.00012208,  0.00464824
 0.000122084,  0.00477387
 0.000122088,   0.0048995
 0.000122092,  0.00515075
 0.000122096,   0.0048995
   0.0001221,  0.00502513
 0.000122104,  0.00527638
 0.000122108,  0.00552764
 0.000122112,  0.00565327
 0.000122116,  0.00527638
  0.00012212,  0.00552764
 0.000122124,  0.00577889
 0.000122128,  0.00603015
 0.000122132,  0.00590452
 0.000122136,  0.00603015
  0.00012214,  0.00640704
 0.000122144,  0.00653266
 0.000122148,  0.00653266
 0.000122152,  0.00640704
 0.000122156,  0.00665829
  0.00012216,  0.00678392
 0.000122164,  0.00703518
 0.000122168,   0.0071608
 0.000122172,   0.0071608
 0.000122176,  0.00728643
  0.00012218,  0.00753769
 0.000122184,  0.00753769
 0.000122188,  0.00741206
 0.000122192,  0.00741206
 0.000122196,  0.00753769
   0.0001222,  0.00778894
 0.000122204,  0.00791457
 0.000122208,  0.00816583
 0.000122212,   0.0080402
 0.000122216,  0.00791457
  0.00012222,  0.00829146
 0.000122224,  0.00841709
 0.000122228,  0.00829146
 0.000122232,  0.00841709
 0.000122236,  0.00879397
  0.00012224,   0.0089196
 0.000122244,  0.00904523
 0.000122248,  0.00904523
 0.000122252,  0.00929648
 0.000122256,  0.00929648
  0.00012226,  0.00917085
 0.000122264,  0.00942211
 0.000122268,  0.00967337
 0.000122272,    0.009799
 0.000122276,   0.0100503
  0.00012228,   0.0103015
 0.000122284,   0.0100503
 0.000122288,   0.0100503
 0.000122292,   0.0105528
 0.000122296,   0.0106784
   0.0001223,   0.0104271
 0.000122304,   0.0106784
 0.000122308,   0.0109296
 0.000122312,   0.0109296
 0.000122316,   0.0109296
  0.00012232,   0.0109296
 0.000122324,    0.010804
 0.000122328,   0.0110553
 0.000122332,   0.0114322
 0.000122336,   0.0115578
  0.00012234,   0.0114322
 0.000122344,   0.0116834
 0.000122348,   0.0119347
 0.000122352,   0.0119347
 0.000122356,    0.011809
  0.00012236,   0.0120603
 0.000122364,   0.0123116
 0.000122368,   0.0124372
 0.000122372,   0.0126884
 0.000122376,   0.0128141
  0.00012238,   0.0126884
 0.000122384,   0.0126884
 0.000122388,   0.0130653
 0.000122392,    0.013191
 0.000122396,   0.0128141
   0.0001224,   0.0130653
 0.000122404,   0.0135678
 0.000122408,   0.0135678
 0.000122412,   0.0134422
 0.000122416,   0.0135678
  0.00012242,   0.0135678
 0.000122424,   0.0134422
 0.000122428,   0.0135678
 0.000122432,   0.0140704
 0.000122436,    0.014196
  0.00012244,   0.0140704
 0.000122444,   0.0145729
 0.000122448,   0.0146985
 0.000122452,   0.0144472
 0.000122456,   0.0145729
  0.00012246,   0.0148241
 0.000122464,   0.0149497
 0.000122468,   0.0149497
 0.000122472,   0.0153266
 0.000122476,   0.0153266
  0.00012248,    0.015201
 0.000122484,   0.0157035
 0.000122488,   0.0158291
 0.000122492,   0.0154523
 0.000122496,   0.0155779
   0.0001225,   0.0158291
 0.000122504,   0.0159548
 0.000122508,   0.0159548
 0.000122512,   0.0163317
 0.000122516,    0.016206
  0.00012252,   0.0160804
 0.000122524,   0.0164573
 0.000122528,   0.0164573
 0.000122532,   0.0163317
 0.000122536,   0.0164573
  0.00012254,   0.0168342
 0.000122544,   0.0173367
 0.000122548,   0.0168342
 0.000122552,   0.0170854
 0.000122556,   0.0173367
  0.00012256,   0.0173367
 0.000122564,   0.0174623
 0.000122568,   0.0175879
 0.000122572,   0.0178392
 0.000122576,   0.0178392
  0.00012258,   0.0177136
 0.000122584,   0.0179648
 0.000122588,   0.0180905
 0.000122592,   0.0179648
 0.000122596,   0.0180905
   0.0001226,   0.0184673
 0.000122604,    0.018593
 0.000122608,    0.018593
 0.000122612,   0.0187186
 0.000122616,   0.0189698
  0.00012262,   0.0188442
 0.000122624,   0.0187186
 0.000122628,   0.0188442
 0.000122632,   0.0189698
 0.000122636,   0.0194724
  0.00012264,    0.019598
 0.000122644,   0.0192211
 0.000122648,   0.0192211
 0.000122652,   0.0198492
 0.000122656,   0.0201005
  0.00012266,   0.0197236
 0.000122664,    0.019598
 0.000122668,   0.0202261
 0.000122672,   0.0203518
 0.000122676,   0.0203518
  0.00012268,    0.020603
 0.000122684,   0.0204774
 0.000122688,   0.0204774
 0.000122692,   0.0207286
 0.000122696,   0.0208543
   0.0001227,   0.0207286
 0.000122704,   0.0209799
 0.000122708,   0.0212312
 0.000122712,   0.0212312
 0.000122716,   0.0211055
  0.00012272,   0.0212312
 0.000122724,   0.0213568
 0.000122728,   0.0214824
 0.000122732,   0.0214824
 0.000122736,   0.0217337
  0.00012274,   0.0217337
 0.000122744,   0.0221106
 0.000122748,   0.0221106
 0.000122752,   0.0219849
 0.000122756,   0.0221106
  0.00012276,   0.0222362
 0.000122764,   0.0223618
 0.000122768,   0.0226131
 0.000122772,   0.0226131
 0.000122776,   0.0227387
  0.00012278,   0.0228643
 0.000122784,   0.0229899
 0.000122788,   0.0233668
 0.000122792,   0.0229899
 0.000122796,   0.0231156
   0.0001228,   0.0234925
 0.000122804,   0.0237437
 0.000122808,   0.0237437
 0.000122812,   0.0237437
 0.000122816,   0.0237437
  0.00012282,   0.0237437
 0.000122824,   0.0238693
 0.000122828,   0.0241206
 0.000122832,   0.0238693
 0.000122836,   0.0242462
  0.00012284,   0.0247487
 0.000122844,   0.0246231
 0.000122848,   0.0242462
 0.000122852,   0.0244975
 0.000122856,   0.0247487
  0.00012286,   0.0246231
 0.000122864,   0.0246231
 0.000122868,   0.0252513
 0.000122872,   0.0251256
 0.000122876,   0.0251256
  0.00012288,   0.0255025
 0.000122884,   0.0256281
 0.000122888,   0.0253769
 0.000122892,   0.0255025
 0.000122896,   0.0256281
   0.0001229,   0.0256281
 0.000122904,   0.0257538
 0.000122908,   0.0261307
 0.000122912,   0.0261307
 0.000122916,   0.0261307
  0.00012292,   0.0262563
 0.000122924,   0.0261307
 0.000122928,   0.0262563
 0.000122932,   0.0263819
 0.000122936,   0.0267588
  0.00012294,   0.0265075
 0.000122944,   0.0265075
 0.000122948,   0.0267588
 0.000122952,   0.0267588
 0.000122956,   0.0267588
  0.00012296,   0.0268844
 0.000122964,   0.0268844
 0.000122968,   0.0271357
 0.000122972,   0.0273869
 0.000122976,   0.0277638
  0.00012298,   0.0275126
 0.000122984,   0.0273869
 0.000122988,   0.0278894
 0.000122992,   0.0278894
 0.000122996,   0.0277638
    0.000123,   0.0278894
 0.000123004,   0.0282663
 0.000123008,   0.0282663
 0.000123012,    0.028392
 0.000123016,   0.0285176
  0.00012302,   0.0282663
 0.000123024,   0.0280151
 0.000123028,   0.0286432
 0.000123032,   0.0288945
 0.000123036,   0.0286432
  0.00012304,   0.0288945
 0.000123044,    0.029397
 0.000123048,   0.0291457
 0.000123052,   0.0290201
 0.000123056,    0.029397
  0.00012306,    0.029397
 0.000123064,   0.0292714
 0.000123068,   0.0297739
 0.000123072,   0.0301508
 0.000123076,   0.0296482
  0.00012308,   0.0297739
 0.000123084,   0.0302764
 0.000123088,   0.0300251
 0.000123092,   0.0296482
 0.000123096,   0.0298995
   0.0001231,   0.0302764
 0.000123104,   0.0301508
 0.000123108,    0.030402
 0.000123112,   0.0306533
 0.000123116,   0.0302764
  0.00012312,   0.0305276
 0.000123124,   0.0307789
 0.000123128,   0.0307789
 0.000123132,   0.0305276
 0.000123136,   0.0307789
  0.00012314,   0.0311558
 0.000123144,   0.0312814
 0.000123148,   0.0312814
 0.000123152,   0.0311558
 0.000123156,   0.0311558
  0.00012316,    0.031407
 0.000123164,    0.031407
 0.000123168,   0.0316583
 0.000123172,   0.0316583
 0.000123176,   0.0317839
  0.00012318,   0.0319095
 0.000123184,   0.0320352
 0.000123188,   0.0320352
 0.000123192,   0.0317839
 0.000123196,   0.0320352
   0.0001232,   0.0324121
 0.000123204,   0.0322864
 0.000123208,   0.0322864
 0.000123212,   0.0325377
 0.000123216,   0.0325377
  0.00012322,   0.0325377
 0.000123224,   0.0325377
 0.000123228,   0.0326633
 0.000123232,   0.0326633
 0.000123236,   0.0326633
  0.00012324,   0.0330402
 0.000123244,   0.0330402
 0.000123248,   0.0330402
 0.000123252,   0.0332915
 0.000123256,   0.0334171
  0.00012326,   0.0332915
 0.000123264,   0.0332915
 0.000123268,   0.0336683
 0.000123272,    0.033794
 0.000123276,   0.0336683
  0.00012328,    0.033794
 0.000123284,    0.033794
 0.000123288,   0.0339196
 0.000123292,   0.0339196
 0.000123296,   0.0341709
   0.0001233,   0.0341709
 0.000123304,   0.0341709
 0.000123308,   0.0344221
 0.000123312,   0.0346734
 0.000123316,   0.0342965
  0.00012332,   0.0345477
 0.000123324,   0.0345477
 0.000123328,   0.0346734
 0.000123332,   0.0349246
 0.000123336,   0.0351759
  0.00012334,   0.0349246
 0.000123344,   0.0350503
 0.000123348,   0.0354271
 0.000123352,   0.0353015
 0.000123356,   0.0351759
  0.00012336,   0.0351759
 0.000123364,   0.0354271
 0.000123368,   0.0356784
 0.000123372,   0.0359296
 0.000123376,    0.035804
  0.00012338,   0.0356784
 0.000123384,    0.035804
 0.000123388,   0.0359296
 0.000123392,    0.035804
 0.000123396,   0.0360553
   0.0001234,   0.0361809
 0.000123404,   0.0360553
 0.000123408,   0.0364322
 0.000123412,   0.0365578
 0.000123416,   0.0361809
  0.00012342,   0.0363065
 0.000123424,   0.0365578
 0.000123428,   0.0364322
 0.000123432,   0.0364322
 0.000123436,    0.036809
  0.00012344,   0.0369347
 0.000123444,   0.0369347
 0.000123448,   0.0370603
 0.000123452,   0.0370603
 0.000123456,    0.036809
  0.00012346,   0.0370603
 0.000123464,   0.0375628
 0.000123468,   0.0374372
 0.000123472,   0.0375628
 0.000123476,   0.0374372
  0.00012348,   0.0375628
 0.000123484,   0.0376884
 0.000123488,   0.0375628
 0.000123492,   0.0375628
 0.000123496,   0.0375628
   0.0001235,   0.0379397
 0.000123504,   0.0380653
 0.000123508,   0.0379397
 0.000123512,   0.0379397
 0.000123516,   0.0379397
  0.00012352,   0.0379397
 0.000123524,    0.038191
 0.000123528,    0.038191
 0.000123532,   0.0383166
 0.000123536,   0.0385678
  0.00012354,   0.0386935
 0.000123544,   0.0388191
 0.000123548,   0.0385678
 0.000123552,   0.0385678
 0.000123556,   0.0386935
  0.00012356,   0.0389447
 0.000123564,   0.0389447
 0.000123568,   0.0390704
 0.000123572,   0.0393216
 0.000123576,   0.0393216
  0.00012358,   0.0394472
 0.000123584,   0.0393216
 0.000123588,    0.039196
 0.000123592,   0.0394472
 0.000123596,   0.0394472
   0.0001236,   0.0395729
 0.000123604,   0.0394472
 0.000123608,   0.0395729
 0.000123612,   0.0399497
 0.000123616,   0.0398241
  0.00012362,   0.0396985
 0.000123624,   0.0396985
 0.000123628,   0.0398241
 0.000123632,   0.0403266
 0.000123636,    0.040201
  0.00012364,   0.0400754
 0.000123644,   0.0403266
 0.000123648,   0.0405779
 0.000123652,   0.0404523
 0.000123656,   0.0403266
  0.00012366,   0.0403266
 0.000123664,   0.0405779
 0.000123668,   0.0407035
 0.000123672,   0.0410804
 0.000123676,   0.0410804
  0.00012368,   0.0408291
 0.000123684,   0.0409548
 0.000123688,    0.041206
 0.000123692,   0.0409548
 0.000123696,   0.0410804
   0.0001237,   0.0410804
 0.000123704,   0.0413317
 0.000123708,   0.0415829
 0.000123712,   0.0415829
 0.000123716,   0.0413317
  0.00012372,    0.041206
 0.000123724,   0.0417085
 0.000123728,   0.0419598
 0.000123732,   0.0415829
 0.000123736,   0.0417085
  0.00012374,   0.0418342
 0.000123744,   0.0419598
 0.000123748,   0.0420854
 0.000123752,   0.0420854
 0.000123756,   0.0419598
  0.00012376,   0.0419598
 0.000123764,   0.0424623
 0.000123768,   0.0425879
 0.000123772,   0.0423367
 0.000123776,   0.0423367
  0.00012378,   0.0427136
 0.000123784,   0.0427136
 0.000123788,   0.0424623
 0.000123792,   0.0424623
 0.000123796,   0.0424623
   0.0001238,   0.0427136
 0.000123804,   0.0429648
 0.000123808,   0.0429648
 0.000123812,   0.0427136
 0.000123816,   0.0429648
  0.00012382,   0.0430905
 0.000123824,   0.0430905
 0.000123828,   0.0429648
 0.000123832,   0.0429648
 0.000123836,   0.0433417
  0.00012384,   0.0434673
 0.000123844,   0.0434673
 0.000123848,   0.0433417
 0.000123852,   0.0433417
 0.000123856,   0.0434673
  0.00012386,    0.043593
 0.000123864,   0.0437186
 0.000123868,   0.0437186
 0.000123872,   0.0434673
 0.000123876,   0.0440955
  0.00012388,   0.0442211
 0.000123884,   0.0437186
 0.000123888,   0.0438442
 0.000123892,   0.0440955
 0.000123896,   0.0442211
   0.0001239,   0.0438442
 0.000123904,   0.0442211
 0.000123908,   0.0444724
 0.000123912,   0.0440955
 0.000123916,   0.0439698
  0.00012392,   0.0443467
 0.000123924,   0.0442211
 0.000123928,   0.0439698
 0.000123932,   0.0443467
 0.000123936,   0.0447236
  0.00012394,   0.0444724
 0.000123944,    0.044598
 0.000123948,   0.0448492
 0.000123952,   0.0448492
 0.000123956,   0.0447236
  0.00012396,   0.0447236
 0.000123964,   0.0447236
 0.000123968,   0.0451005
 0.000123972,   0.0452261
 0.000123976,   0.0452261
  0.00012398,   0.0448492
 0.000123984,   0.0451005
 0.000123988,   0.0452261
 0.000123992,   0.0449749
 0.000123996,   0.0449749
    0.000124,   0.0452261
 0.000124004,   0.0453518
 0.000124008,   0.0453518
 0.000124012,   0.0454774
 0.000124016,   0.0454774
  0.00012402,   0.0452261
 0.000124024,   0.0453518
 0.000124028,   0.0457286
 0.000124032,   0.0458543
 0.000124036,    0.045603
  0.00012404,    0.045603
 0.000124044,   0.0463568
 0.000124048,   0.0462312
 0.000124052,   0.0458543
 0.000124056,   0.0458543
  0.00012406,   0.0461055
 0.000124064,   0.0461055
 0.000124068,   0.0461055
 0.000124072,   0.0464824
 0.000124076,   0.0462312
  0.00012408,   0.0459799
 0.000124084,   0.0463568
 0.000124088,   0.0463568
 0.000124092,   0.0459799
 0.000124096,   0.0459799
   0.0001241,   0.0464824
 0.000124104,    0.046608
 0.000124108,   0.0463568
 0.000124112,    0.046608
 0.000124116,   0.0464824
  0.00012412,   0.0463568
 0.000124124,    0.046608
 0.000124128,   0.0467337
 0.000124132,   0.0463568
 0.000124136,   0.0467337
  0.00012414,   0.0471106
 0.000124144,   0.0469849
 0.000124148,   0.0468593
 0.000124152,   0.0471106
 0.000124156,   0.0469849
  0.00012416,   0.0469849
 0.000124164,   0.0469849
 0.000124168,   0.0472362
 0.000124172,   0.0471106
 0.000124176,   0.0472362
  0.00012418,   0.0474874
 0.000124184,   0.0472362
 0.000124188,   0.0472362
 0.000124192,   0.0472362
 0.000124196,   0.0471106
   0.0001242,   0.0473618
 0.000124204,   0.0474874
 0.000124208,   0.0474874
 0.000124212,   0.0474874
 0.000124216,   0.0474874
  0.00012422,   0.0474874
 0.000124224,   0.0473618
 0.000124228,   0.0474874
 0.000124232,   0.0476131
 0.000124236,   0.0476131
  0.00012424,   0.0478643
 0.000124244,   0.0477387
 0.000124248,   0.0474874
 0.000124252,   0.0479899
 0.000124256,   0.0481156
  0.00012426,   0.0477387
 0.000124264,   0.0476131
 0.000124268,   0.0482412
 0.000124272,   0.0482412
 0.000124276,   0.0479899
  0.00012428,   0.0482412
 0.000124284,   0.0481156
 0.000124288,   0.0478643
 0.000124292,   0.0481156
 0.000124296,   0.0482412
   0.0001243,   0.0478643
 0.000124304,   0.0478643
 0.000124308,   0.0483668
 0.000124312,   0.0484925
 0.000124316,   0.0478643
  0.00012432,   0.0479899
 0.000124324,   0.0482412
 0.000124328,   0.0483668
 0.000124332,   0.0482412
 0.000124336,   0.0483668
  0.00012434,   0.0484925
 0.000124344,   0.0482412
 0.000124348,   0.0484925
 0.000124352,   0.0486181
 0.000124356,   0.0483668
  0.00012436,   0.0481156
 0.000124364,   0.0483668
 0.000124368,   0.0488693
 0.000124372,   0.0488693
 0.000124376,   0.0484925
  0.00012438,   0.0486181
 0.000124384,   0.0488693
 0.000124388,   0.0486181
 0.000124392,   0.0484925
 0.000124396,   0.0486181
   0.0001244,   0.0487437
 0.000124404,   0.0487437
 0.000124408,   0.0488693
 0.000124412,    0.048995
 0.000124416,   0.0486181
  0.00012442,   0.0484925
 0.000124424,   0.0488693
 0.000124428,    0.048995
 0.000124432,   0.0486181
 0.000124436,   0.0487437
  0.00012444,   0.0492462
 0.000124444,   0.0492462
 0.000124448,    0.048995
 0.000124452,    0.048995
 0.000124456,   0.0492462
  0.00012446,   0.0491206
 0.000124464,    0.048995
 0.000124468,   0.0492462
 0.000124472,   0.0493719
 0.000124476,   0.0493719
  0.00012448,   0.0494975
 0.000124484,   0.0492462
 0.000124488,    0.048995
 0.000124492,    0.048995
 0.000124496,   0.0491206
   0.0001245,   0.0492462
 0.000124504,   0.0492462
 0.000124508,   0.0491206
 0.000124512,   0.0492462
 0.000124516,   0.0493719
  0.00012452,   0.0494975
 0.000124524,    0.048995
 0.000124528,   0.0491206
 0.000124532,   0.0493719
 0.000124536,   0.0493719
  0.00012454,   0.0493719
 0.000124544,   0.0496231
 0.000124548,   0.0496231
 0.000124552,   0.0494975
 0.000124556,   0.0494975
  0.00012456,   0.0494975
 0.000124564,   0.0493719
 0.000124568,   0.0493719
 0.000124572,   0.0497487
 0.000124576,   0.0496231
  0.00012458,   0.0494975
 0.000124584,   0.0494975
 0.000124588,   0.0493719
 0.000124592,   0.0494975
 0.000124596,   0.0494975
   0.0001246,   0.0494975
 0.000124604,   0.0494975
 0.000124608,   0.0494975
 0.000124612,   0.0498744
 0.000124616,   0.0497487
  0.00012462,   0.0493719
 0.000124624,   0.0496231
 0.000124628,   0.0496231
 0.000124632,   0.0496231
 0.000124636,   0.0497487
  0.00012464,   0.0498744
 0.000124644,   0.0497487
 0.000124648,   0.0497487
 0.000124652,   0.0497487
 0.000124656,   0.0496231
  0.00012466,   0.0496231
 0.000124664,   0.0498744
 0.000124668,        0.05
 0.000124672,   0.0498744
 0.000124676,   0.0498744
  0.00012468,   0.0498744
 0.000124684,   0.0498744
 0.000124688,   0.0498744
 0.000124692,   0.0496231
 0.000124696,   0.0496231
   0.0001247,   0.0498744
 0.000124704,   0.0502513
 0.000124708,   0.0498744
 0.000124712,   0.0497487
 0.000124716,   0.0498744
  0.00012472,   0.0498744
 0.000124724,   0.0497487
 0.000124728,   0.0497487
 0.000124732,   0.0497487
 0.000124736,   0.0497487
  0.00012474,        0.05
 0.000124744,   0.0502513
 0.000124748,   0.0498744
 0.000124752,   0.0497487
 0.000124756,   0.0497487
  0.00012476,   0.0498744
 0.000124764,        0.05
 0.000124768,   0.0502513
 0.000124772,        0.05
 0.000124776,   0.0498744
  0.00012478,   0.0501256
 0.000124784,   0.0501256
 0.000124788,   0.0496231
 0.000124792,   0.0496231
 0.000124796,   0.0496231
   0.0001248,   0.0498744
 0.000124804,   0.0498744
 0.000124808,   0.0498744
 0.000124812,   0.0497487
 0.000124816,   0.0498744
  0.00012482,   0.0498744
 0.000124824,   0.0496231
 0.000124828,   0.0496231
 0.000124832,   0.0497487
 0.000124836,   0.0498744
  0.00012484,        0.05
 0.000124844,   0.0501256
 0.000124848,   0.0497487
 0.000124852,   0.0494975
 0.000124856,   0.0497487
  0.00012486,   0.0498744
 0.000124864,   0.0497487
 0.000124868,   0.0497487
 0.000124872,   0.0497487
 0.000124876,   0.0501256
  0.00012488,        0.05
 0.000124884,   0.0497487
 0.000124888,   0.0496231
 0.000124892,   0.0496231
 0.000124896,   0.0496231
   0.0001249,   0.0496231
 0.000124904,   0.0498744
 0.000124908,   0.0498744
 0.000124912,   0.0496231
 0.000124916,   0.0497487
  0.00012492,   0.0497487
 0.000124924,   0.0494975
 0.000124928,   0.0496231
 0.000124932,   0.0497487
 0.000124936,   0.0498744
  0.00012494,   0.0496231
 0.000124944,   0.0496231
 0.000124948,        0.05
 0.000124952,   0.0498744
 0.000124956,   0.0496231
  0.00012496,   0.0493719
 0.000124964,   0.0497487
 0.000124968,        0.05
 0.000124972,   0.0498744
 0.000124976,   0.0498744
  0.00012498,   0.0497487
 0.000124984,   0.0497487
 0.000124988,   0.0494975
 0.000124992,   0.0496231
 0.000124996,   0.0496231
