    0.000157,   0.0158291
 0.000157004,   0.0160804
 0.000157008,   0.0160804
 0.000157012,   0.0165829
 0.000157016,   0.0165829
  0.00015702,   0.0168342
 0.000157024,   0.0168342
 0.000157028,   0.0170854
 0.000157032,   0.0170854
 0.000157036,   0.0173367
  0.00015704,   0.0175879
 0.000157044,   0.0178392
 0.000157048,   0.0180905
 0.000157052,   0.0180905
 0.000157056,   0.0180905
  0.00015706,   0.0183417
 0.000157064,    0.018593
 0.000157068,   0.0188442
 0.000157072,   0.0188442
 0.000157076,   0.0190955
  0.00015708,   0.0190955
 0.000157084,   0.0193467
 0.000157088,    0.019598
 0.000157092,    0.019598
 0.000157096,    0.019598
   0.0001571,   0.0198492
 0.000157104,   0.0201005
 0.000157108,   0.0201005
 0.000157112,   0.0203518
 0.000157116,    0.020603
  0.00015712,   0.0203518
 0.000157124,    0.020603
 0.000157128,    0.020603
 0.000157132,   0.0208543
 0.000157136,   0.0208543
  0.00015714,   0.0211055
 0.000157144,   0.0211055
 0.000157148,   0.0211055
 0.000157152,   0.0211055
 0.000157156,   0.0213568
  0.00015716,   0.0213568
 0.000157164,   0.0213568
 0.000157168,   0.0213568
 0.000157172,    0.021608
 0.000157176,   0.0218593
  0.00015718,   0.0218593
 0.000157184,   0.0218593
 0.000157188,   0.0218593
 0.000157192,   0.0218593
 0.000157196,   0.0218593
   0.0001572,   0.0221106
 0.000157204,   0.0221106
 0.000157208,   0.0223618
 0.000157212,   0.0223618
 0.000157216,   0.0223618
  0.00015722,   0.0223618
 0.000157224,   0.0226131
 0.000157228,   0.0223618
 0.000157232,   0.0223618
 0.000157236,   0.0226131
  0.00015724,   0.0228643
 0.000157244,   0.0228643
 0.000157248,   0.0226131
 0.000157252,   0.0226131
 0.000157256,   0.0226131
  0.00015726,   0.0226131
 0.000157264,   0.0226131
 0.000157268,   0.0228643
 0.000157272,   0.0226131
 0.000157276,   0.0226131
  0.00015728,   0.0228643
 0.000157284,   0.0228643
 0.000157288,   0.0228643
 0.000157292,   0.0226131
 0.000157296,   0.0226131
   0.0001573,   0.0226131
 0.000157304,   0.0226131
 0.000157308,   0.0228643
 0.000157312,   0.0228643
 0.000157316,   0.0226131
  0.00015732,   0.0226131
 0.000157324,   0.0226131
 0.000157328,   0.0226131
 0.000157332,   0.0226131
 0.000157336,   0.0226131
  0.00015734,   0.0226131
 0.000157344,   0.0226131
 0.000157348,   0.0226131
 0.000157352,   0.0223618
 0.000157356,   0.0223618
  0.00015736,   0.0223618
 0.000157364,   0.0221106
 0.000157368,   0.0221106
 0.000157372,   0.0221106
 0.000157376,   0.0221106
  0.00015738,   0.0218593
 0.000157384,   0.0218593
 0.000157388,   0.0218593
 0.000157392,   0.0218593
 0.000157396,    0.021608
   0.0001574,    0.021608
 0.000157404,   0.0218593
 0.000157408,    0.021608
 0.000157412,    0.021608
 0.000157416,    0.021608
  0.00015742,    0.021608
 0.000157424,    0.021608
 0.000157428,   0.0213568
 0.000157432,   0.0213568
 0.000157436,   0.0213568
  0.00015744,   0.0213568
 0.000157444,   0.0213568
 0.000157448,   0.0211055
 0.000157452,   0.0208543
 0.000157456,    0.020603
  0.00015746,    0.020603
 0.000157464,    0.020603
 0.000157468,   0.0203518
 0.000157472,   0.0203518
 0.000157476,   0.0203518
  0.00015748,   0.0203518
 0.000157484,   0.0201005
 0.000157488,    0.019598
 0.000157492,    0.019598
 0.000157496,    0.019598
   0.0001575,   0.0193467
 0.000157504,   0.0193467
 0.000157508,   0.0193467
 0.000157512,   0.0190955
 0.000157516,   0.0190955
  0.00015752,   0.0190955
 0.000157524,   0.0188442
 0.000157528,    0.018593
 0.000157532,    0.018593
 0.000157536,    0.018593
  0.00015754,   0.0183417
 0.000157544,   0.0183417
 0.000157548,   0.0183417
 0.000157552,   0.0183417
 0.000157556,   0.0178392
  0.00015756,   0.0175879
 0.000157564,   0.0175879
 0.000157568,   0.0173367
 0.000157572,   0.0173367
 0.000157576,   0.0170854
  0.00015758,   0.0170854
 0.000157584,   0.0168342
 0.000157588,   0.0165829
 0.000157592,   0.0163317
 0.000157596,   0.0163317
   0.0001576,   0.0160804
 0.000157604,   0.0160804
 0.000157608,   0.0160804
 0.000157612,   0.0158291
 0.000157616,   0.0155779
  0.00015762,   0.0155779
 0.000157624,   0.0153266
 0.000157628,   0.0150754
 0.000157632,   0.0148241
 0.000157636,   0.0148241
  0.00015764,   0.0148241
 0.000157644,   0.0145729
 0.000157648,   0.0143216
 0.000157652,   0.0143216
 0.000157656,   0.0138191
  0.00015766,   0.0138191
 0.000157664,   0.0138191
 0.000157668,   0.0135678
 0.000157672,   0.0133166
 0.000157676,   0.0130653
  0.00015768,   0.0133166
 0.000157684,   0.0128141
 0.000157688,   0.0125628
 0.000157692,   0.0125628
 0.000157696,   0.0123116
   0.0001577,   0.0120603
 0.000157704,    0.011809
 0.000157708,    0.011809
 0.000157712,   0.0115578
 0.000157716,   0.0113065
  0.00015772,   0.0110553
 0.000157724,   0.0110553
 0.000157728,   0.0105528
 0.000157732,   0.0105528
 0.000157736,   0.0103015
  0.00015774,   0.0100503
 0.000157744,    0.009799
 0.000157748,    0.009799
 0.000157752,    0.009799
 0.000157756,  0.00929648
  0.00015776,  0.00904523
 0.000157764,  0.00879397
 0.000157768,  0.00879397
 0.000157772,  0.00854271
 0.000157776,  0.00829146
  0.00015778,  0.00829146
 0.000157784,   0.0080402
 0.000157788,  0.00753769
 0.000157792,  0.00753769
 0.000157796,  0.00728643
   0.0001578,  0.00703518
 0.000157804,  0.00678392
 0.000157808,  0.00678392
 0.000157812,  0.00653266
 0.000157816,  0.00628141
  0.00015782,  0.00628141
 0.000157824,  0.00603015
 0.000157828,  0.00577889
 0.000157832,  0.00527638
 0.000157836,  0.00527638
  0.00015784,  0.00502513
 0.000157844,  0.00477387
 0.000157848,  0.00477387
 0.000157852,  0.00452261
 0.000157856,   0.0040201
  0.00015786,  0.00376884
 0.000157864,  0.00376884
 0.000157868,  0.00351759
 0.000157872,  0.00326633
 0.000157876,  0.00276382
  0.00015788,  0.00276382
 0.000157884,  0.00276382
 0.000157888,  0.00226131
 0.000157892,  0.00201005
 0.000157896,  0.00175879
   0.0001579,  0.00150754
 0.000157904,  0.00125628
 0.000157908,  0.00100503
 0.000157912,  0.00100503
 0.000157916, 0.000753769
  0.00015792, 0.000502513
 0.000157924, 0.000251256
 0.000157928,           0
 0.000157932,-0.000251256
 0.000157936,-0.000502513
  0.00015794,-0.000753769
 0.000157944,-0.000753769
 0.000157948, -0.00100503
 0.000157952, -0.00150754
 0.000157956, -0.00150754
  0.00015796, -0.00201005
 0.000157964, -0.00251256
 0.000157968, -0.00276382
 0.000157972, -0.00276382
 0.000157976, -0.00276382
  0.00015798, -0.00326633
 0.000157984, -0.00351759
 0.000157988, -0.00376884
 0.000157992,  -0.0040201
 0.000157996, -0.00427136
    0.000158, -0.00452261
 0.000158004, -0.00452261
 0.000158008, -0.00477387
 0.000158012, -0.00502513
 0.000158016, -0.00527638
  0.00015802, -0.00552764
 0.000158024, -0.00577889
 0.000158028, -0.00603015
 0.000158032, -0.00628141
 0.000158036, -0.00678392
  0.00015804, -0.00678392
 0.000158044, -0.00678392
 0.000158048, -0.00703518
 0.000158052, -0.00753769
 0.000158056, -0.00753769
  0.00015806, -0.00778894
 0.000158064, -0.00829146
 0.000158068, -0.00854271
 0.000158072, -0.00854271
 0.000158076, -0.00879397
  0.00015808, -0.00904523
 0.000158084, -0.00929648
 0.000158088, -0.00954774
 0.000158092,  -0.0100503
 0.000158096,  -0.0103015
   0.0001581,  -0.0105528
 0.000158104,  -0.0105528
 0.000158108,   -0.010804
 0.000158112,  -0.0110553
 0.000158116,  -0.0113065
  0.00015812,  -0.0115578
 0.000158124,   -0.011809
 0.000158128,  -0.0123116
 0.000158132,  -0.0123116
 0.000158136,  -0.0125628
  0.00015814,  -0.0128141
 0.000158144,  -0.0130653
 0.000158148,  -0.0133166
 0.000158152,  -0.0135678
 0.000158156,  -0.0138191
  0.00015816,  -0.0140704
 0.000158164,  -0.0143216
 0.000158168,  -0.0148241
 0.000158172,  -0.0148241
 0.000158176,  -0.0150754
  0.00015818,  -0.0153266
 0.000158184,  -0.0155779
 0.000158188,  -0.0158291
 0.000158192,  -0.0160804
 0.000158196,  -0.0165829
   0.0001582,  -0.0165829
 0.000158204,  -0.0165829
 0.000158208,  -0.0170854
 0.000158212,  -0.0173367
 0.000158216,  -0.0175879
  0.00015822,  -0.0175879
 0.000158224,  -0.0180905
 0.000158228,  -0.0180905
 0.000158232,  -0.0183417
 0.000158236,   -0.018593
  0.00015824,   -0.018593
 0.000158244,  -0.0188442
 0.000158248,  -0.0190955
 0.000158252,   -0.019598
 0.000158256,   -0.019598
  0.00015826,  -0.0198492
 0.000158264,  -0.0201005
 0.000158268,  -0.0203518
 0.000158272,   -0.020603
 0.000158276,   -0.020603
  0.00015828,  -0.0208543
 0.000158284,  -0.0211055
 0.000158288,  -0.0213568
 0.000158292,   -0.021608
 0.000158296,  -0.0218593
   0.0001583,  -0.0221106
 0.000158304,  -0.0221106
 0.000158308,  -0.0223618
 0.000158312,  -0.0223618
 0.000158316,  -0.0226131
  0.00015832,  -0.0228643
 0.000158324,  -0.0231156
 0.000158328,  -0.0233668
 0.000158332,  -0.0233668
 0.000158336,  -0.0236181
  0.00015834,  -0.0238693
 0.000158344,  -0.0238693
 0.000158348,  -0.0241206
 0.000158352,  -0.0241206
 0.000158356,  -0.0246231
  0.00015836,  -0.0246231
 0.000158364,  -0.0251256
 0.000158368,  -0.0251256
 0.000158372,  -0.0253769
 0.000158376,  -0.0253769
  0.00015838,  -0.0253769
 0.000158384,  -0.0258794
 0.000158388,  -0.0258794
 0.000158392,  -0.0261307
 0.000158396,  -0.0263819
   0.0001584,  -0.0266332
 0.000158404,  -0.0266332
 0.000158408,  -0.0268844
 0.000158412,  -0.0271357
 0.000158416,  -0.0271357
  0.00015842,  -0.0268844
 0.000158424,  -0.0273869
 0.000158428,  -0.0276382
 0.000158432,  -0.0276382
 0.000158436,  -0.0276382
  0.00015844,  -0.0278894
 0.000158444,  -0.0281407
 0.000158448,  -0.0278894
 0.000158452,  -0.0281407
 0.000158456,   -0.028392
  0.00015846,  -0.0286432
 0.000158464,   -0.028392
 0.000158468,  -0.0286432
 0.000158472,  -0.0288945
 0.000158476,  -0.0288945
  0.00015848,  -0.0288945
 0.000158484,  -0.0291457
 0.000158488,   -0.029397
 0.000158492,   -0.029397
 0.000158496,  -0.0296482
   0.0001585,  -0.0298995
 0.000158504,  -0.0298995
 0.000158508,  -0.0296482
 0.000158512,  -0.0296482
 0.000158516,  -0.0301508
  0.00015852,   -0.030402
 0.000158524,  -0.0301508
 0.000158528,   -0.030402
 0.000158532,   -0.030402
 0.000158536,   -0.030402
  0.00015854,   -0.030402
 0.000158544,  -0.0306533
 0.000158548,   -0.030402
 0.000158552,   -0.030402
 0.000158556,  -0.0306533
  0.00015856,  -0.0306533
 0.000158564,  -0.0309045
 0.000158568,  -0.0309045
 0.000158572,  -0.0309045
 0.000158576,  -0.0306533
  0.00015858,  -0.0309045
 0.000158584,  -0.0309045
 0.000158588,  -0.0309045
 0.000158592,  -0.0311558
 0.000158596,  -0.0311558
   0.0001586,  -0.0311558
 0.000158604,  -0.0309045
 0.000158608,  -0.0311558
 0.000158612,  -0.0311558
 0.000158616,  -0.0309045
  0.00015862,  -0.0311558
 0.000158624,  -0.0309045
 0.000158628,  -0.0311558
 0.000158632,  -0.0309045
 0.000158636,  -0.0311558
  0.00015864,  -0.0309045
 0.000158644,  -0.0309045
 0.000158648,  -0.0309045
 0.000158652,  -0.0311558
 0.000158656,  -0.0311558
  0.00015866,  -0.0309045
 0.000158664,  -0.0309045
 0.000158668,  -0.0309045
 0.000158672,  -0.0309045
 0.000158676,  -0.0311558
  0.00015868,  -0.0306533
 0.000158684,  -0.0306533
 0.000158688,  -0.0309045
 0.000158692,  -0.0309045
 0.000158696,  -0.0306533
   0.0001587,  -0.0306533
 0.000158704,  -0.0306533
 0.000158708,  -0.0306533
 0.000158712,   -0.030402
 0.000158716,   -0.030402
  0.00015872,  -0.0301508
 0.000158724,  -0.0301508
 0.000158728,   -0.030402
 0.000158732,  -0.0301508
 0.000158736,  -0.0298995
  0.00015874,  -0.0296482
 0.000158744,  -0.0296482
 0.000158748,  -0.0298995
 0.000158752,  -0.0296482
 0.000158756,   -0.029397
  0.00015876,  -0.0296482
 0.000158764,  -0.0296482
 0.000158768,   -0.029397
 0.000158772,  -0.0291457
 0.000158776,  -0.0291457
  0.00015878,  -0.0288945
 0.000158784,  -0.0286432
 0.000158788,  -0.0286432
 0.000158792,  -0.0286432
 0.000158796,   -0.028392
   0.0001588,  -0.0281407
 0.000158804,  -0.0281407
 0.000158808,  -0.0281407
 0.000158812,  -0.0278894
 0.000158816,  -0.0276382
  0.00015882,  -0.0273869
 0.000158824,  -0.0273869
 0.000158828,  -0.0273869
 0.000158832,  -0.0273869
 0.000158836,  -0.0271357
  0.00015884,  -0.0268844
 0.000158844,  -0.0266332
 0.000158848,  -0.0263819
 0.000158852,  -0.0263819
 0.000158856,  -0.0263819
  0.00015886,  -0.0263819
 0.000158864,  -0.0261307
 0.000158868,  -0.0258794
 0.000158872,  -0.0256281
 0.000158876,  -0.0256281
  0.00015888,  -0.0253769
 0.000158884,  -0.0251256
 0.000158888,  -0.0251256
 0.000158892,  -0.0251256
 0.000158896,  -0.0248744
   0.0001589,  -0.0246231
 0.000158904,  -0.0243719
 0.000158908,  -0.0241206
 0.000158912,  -0.0238693
 0.000158916,  -0.0236181
  0.00015892,  -0.0236181
 0.000158924,  -0.0233668
 0.000158928,  -0.0231156
 0.000158932,  -0.0231156
 0.000158936,  -0.0228643
  0.00015894,  -0.0226131
 0.000158944,  -0.0223618
 0.000158948,  -0.0223618
 0.000158952,  -0.0218593
 0.000158956,  -0.0218593
  0.00015896,   -0.021608
 0.000158964,   -0.021608
 0.000158968,  -0.0213568
 0.000158972,  -0.0211055
 0.000158976,  -0.0208543
  0.00015898,   -0.020603
 0.000158984,   -0.020603
 0.000158988,  -0.0203518
 0.000158992,  -0.0201005
 0.000158996,  -0.0198492
    0.000159,   -0.019598
 0.000159004,  -0.0193467
 0.000159008,  -0.0190955
 0.000159012,  -0.0190955
 0.000159016,   -0.018593
  0.00015902,  -0.0183417
 0.000159024,  -0.0183417
 0.000159028,  -0.0180905
 0.000159032,  -0.0178392
 0.000159036,  -0.0175879
  0.00015904,  -0.0173367
 0.000159044,  -0.0168342
 0.000159048,  -0.0168342
 0.000159052,  -0.0165829
 0.000159056,  -0.0163317
  0.00015906,  -0.0160804
 0.000159064,  -0.0160804
 0.000159068,  -0.0158291
 0.000159072,  -0.0153266
 0.000159076,  -0.0150754
  0.00015908,  -0.0150754
 0.000159084,  -0.0148241
 0.000159088,  -0.0143216
 0.000159092,  -0.0140704
 0.000159096,  -0.0140704
   0.0001591,  -0.0138191
 0.000159104,  -0.0135678
 0.000159108,  -0.0133166
 0.000159112,  -0.0130653
 0.000159116,  -0.0125628
  0.00015912,  -0.0125628
 0.000159124,  -0.0125628
 0.000159128,  -0.0120603
 0.000159132,  -0.0115578
 0.000159136,  -0.0115578
  0.00015914,  -0.0115578
 0.000159144,  -0.0110553
 0.000159148,   -0.010804
 0.000159152,  -0.0105528
 0.000159156,  -0.0103015
  0.00015916,  -0.0100503
 0.000159164,  -0.0100503
 0.000159168,   -0.009799
 0.000159172, -0.00929648
 0.000159176, -0.00879397
  0.00015918, -0.00879397
 0.000159184, -0.00879397
 0.000159188, -0.00854271
 0.000159192,  -0.0080402
 0.000159196,  -0.0080402
   0.0001592, -0.00778894
 0.000159204, -0.00753769
 0.000159208, -0.00728643
 0.000159212, -0.00703518
 0.000159216, -0.00678392
  0.00015922, -0.00628141
 0.000159224, -0.00628141
 0.000159228, -0.00628141
 0.000159232, -0.00577889
 0.000159236, -0.00577889
  0.00015924, -0.00552764
 0.000159244, -0.00527638
 0.000159248, -0.00477387
 0.000159252, -0.00477387
 0.000159256, -0.00477387
  0.00015926, -0.00427136
 0.000159264,  -0.0040201
 0.000159268, -0.00376884
 0.000159272, -0.00376884
 0.000159276, -0.00326633
  0.00015928, -0.00301508
 0.000159284, -0.00276382
 0.000159288, -0.00251256
 0.000159292, -0.00226131
 0.000159296, -0.00226131
   0.0001593, -0.00201005
 0.000159304, -0.00150754
 0.000159308, -0.00150754
 0.000159312, -0.00150754
 0.000159316, -0.00100503
  0.00015932,-0.000753769
 0.000159324,-0.000753769
 0.000159328,-0.000753769
 0.000159332,-0.000251256
 0.000159336,           0
  0.00015934,           0
 0.000159344, 0.000502513
 0.000159348, 0.000502513
 0.000159352, 0.000753769
 0.000159356,  0.00100503
  0.00015936,  0.00125628
 0.000159364,  0.00125628
 0.000159368,  0.00150754
 0.000159372,  0.00201005
 0.000159376,  0.00201005
  0.00015938,  0.00251256
 0.000159384,  0.00251256
 0.000159388,  0.00276382
 0.000159392,  0.00276382
 0.000159396,  0.00301508
   0.0001594,  0.00326633
 0.000159404,  0.00351759
 0.000159408,  0.00376884
 0.000159412,  0.00376884
 0.000159416,   0.0040201
  0.00015942,  0.00427136
 0.000159424,  0.00452261
 0.000159428,  0.00452261
 0.000159432,  0.00452261
 0.000159436,  0.00502513
  0.00015944,  0.00527638
 0.000159444,  0.00552764
 0.000159448,  0.00577889
 0.000159452,  0.00577889
 0.000159456,  0.00603015
  0.00015946,  0.00603015
 0.000159464,  0.00653266
 0.000159468,  0.00653266
 0.000159472,  0.00653266
 0.000159476,  0.00678392
  0.00015948,  0.00703518
 0.000159484,  0.00728643
 0.000159488,  0.00753769
 0.000159492,  0.00778894
 0.000159496,  0.00778894
   0.0001595,  0.00778894
 0.000159504,  0.00829146
 0.000159508,  0.00854271
 0.000159512,  0.00854271
 0.000159516,  0.00879397
  0.00015952,  0.00879397
 0.000159524,  0.00904523
 0.000159528,  0.00904523
 0.000159532,  0.00929648
 0.000159536,  0.00954774
  0.00015954,    0.009799
 0.000159544,    0.009799
 0.000159548,   0.0100503
 0.000159552,   0.0103015
 0.000159556,   0.0105528
  0.00015956,   0.0105528
 0.000159564,   0.0105528
 0.000159568,    0.010804
 0.000159572,   0.0110553
 0.000159576,   0.0113065
  0.00015958,   0.0115578
 0.000159584,   0.0115578
 0.000159588,   0.0115578
 0.000159592,   0.0115578
 0.000159596,   0.0120603
   0.0001596,   0.0123116
 0.000159604,   0.0123116
 0.000159608,   0.0123116
 0.000159612,   0.0128141
 0.000159616,   0.0128141
  0.00015962,   0.0128141
 0.000159624,   0.0130653
 0.000159628,   0.0133166
 0.000159632,   0.0133166
 0.000159636,   0.0135678
  0.00015964,   0.0138191
 0.000159644,   0.0143216
 0.000159648,   0.0140704
 0.000159652,   0.0140704
 0.000159656,   0.0143216
  0.00015966,   0.0143216
 0.000159664,   0.0143216
 0.000159668,   0.0145729
 0.000159672,   0.0150754
 0.000159676,   0.0150754
  0.00015968,   0.0150754
 0.000159684,   0.0153266
 0.000159688,   0.0158291
 0.000159692,   0.0155779
 0.000159696,   0.0155779
   0.0001597,   0.0158291
 0.000159704,   0.0160804
 0.000159708,   0.0163317
 0.000159712,   0.0165829
 0.000159716,   0.0165829
  0.00015972,   0.0168342
 0.000159724,   0.0168342
 0.000159728,   0.0170854
 0.000159732,   0.0173367
 0.000159736,   0.0173367
  0.00015974,   0.0173367
 0.000159744,   0.0175879
 0.000159748,   0.0178392
 0.000159752,   0.0178392
 0.000159756,   0.0180905
  0.00015976,   0.0180905
 0.000159764,   0.0180905
 0.000159768,   0.0183417
 0.000159772,    0.018593
 0.000159776,    0.018593
  0.00015978,   0.0188442
 0.000159784,   0.0190955
 0.000159788,   0.0190955
 0.000159792,   0.0190955
 0.000159796,   0.0193467
   0.0001598,   0.0198492
 0.000159804,   0.0198492
 0.000159808,   0.0198492
 0.000159812,   0.0201005
 0.000159816,   0.0203518
  0.00015982,   0.0203518
 0.000159824,    0.020603
 0.000159828,   0.0208543
 0.000159832,   0.0208543
 0.000159836,   0.0208543
  0.00015984,   0.0211055
 0.000159844,    0.021608
 0.000159848,    0.021608
 0.000159852,    0.021608
 0.000159856,    0.021608
  0.00015986,   0.0218593
 0.000159864,   0.0221106
 0.000159868,   0.0221106
 0.000159872,   0.0223618
 0.000159876,   0.0226131
  0.00015988,   0.0226131
 0.000159884,   0.0228643
 0.000159888,   0.0231156
 0.000159892,   0.0231156
 0.000159896,   0.0231156
   0.0001599,   0.0233668
 0.000159904,   0.0236181
 0.000159908,   0.0238693
 0.000159912,   0.0238693
 0.000159916,   0.0241206
  0.00015992,   0.0241206
 0.000159924,   0.0241206
 0.000159928,   0.0243719
 0.000159932,   0.0246231
 0.000159936,   0.0248744
  0.00015994,   0.0248744
 0.000159944,   0.0253769
 0.000159948,   0.0256281
 0.000159952,   0.0256281
 0.000159956,   0.0256281
  0.00015996,   0.0261307
 0.000159964,   0.0258794
 0.000159968,   0.0261307
 0.000159972,   0.0266332
 0.000159976,   0.0266332
  0.00015998,   0.0266332
 0.000159984,   0.0268844
 0.000159988,   0.0271357
 0.000159992,   0.0271357
 0.000159996,   0.0271357
     0.00016,   0.0273869
 0.000160004,   0.0276382
 0.000160008,   0.0276382
 0.000160012,   0.0278894
 0.000160016,    0.028392
  0.00016002,    0.028392
 0.000160024,   0.0281407
 0.000160028,   0.0286432
 0.000160032,   0.0286432
 0.000160036,   0.0288945
  0.00016004,   0.0288945
 0.000160044,    0.029397
 0.000160048,    0.029397
 0.000160052,    0.029397
 0.000160056,   0.0296482
  0.00016006,   0.0298995
 0.000160064,   0.0298995
 0.000160068,   0.0301508
 0.000160072,    0.030402
 0.000160076,   0.0306533
  0.00016008,   0.0306533
 0.000160084,   0.0309045
 0.000160088,   0.0311558
 0.000160092,    0.031407
 0.000160096,    0.031407
   0.0001601,    0.031407
 0.000160104,   0.0316583
 0.000160108,   0.0319095
 0.000160112,   0.0319095
 0.000160116,   0.0321608
  0.00016012,   0.0324121
 0.000160124,   0.0321608
 0.000160128,   0.0324121
 0.000160132,   0.0326633
 0.000160136,   0.0329146
  0.00016014,   0.0331658
 0.000160144,   0.0331658
 0.000160148,   0.0334171
 0.000160152,   0.0334171
 0.000160156,   0.0336683
  0.00016016,   0.0339196
 0.000160164,   0.0341709
 0.000160168,   0.0341709
 0.000160172,   0.0341709
 0.000160176,   0.0346734
  0.00016018,   0.0351759
 0.000160184,   0.0349246
 0.000160188,   0.0349246
 0.000160192,   0.0351759
 0.000160196,   0.0354271
   0.0001602,   0.0354271
 0.000160204,   0.0356784
 0.000160208,   0.0356784
 0.000160212,   0.0359296
 0.000160216,   0.0361809
  0.00016022,   0.0361809
 0.000160224,   0.0364322
 0.000160228,   0.0361809
 0.000160232,   0.0364322
 0.000160236,   0.0366834
  0.00016024,   0.0369347
 0.000160244,   0.0371859
 0.000160248,   0.0371859
 0.000160252,   0.0371859
 0.000160256,   0.0374372
  0.00016026,   0.0374372
 0.000160264,   0.0374372
 0.000160268,   0.0374372
 0.000160272,   0.0379397
 0.000160276,   0.0379397
  0.00016028,   0.0379397
 0.000160284,    0.038191
 0.000160288,   0.0384422
 0.000160292,   0.0384422
 0.000160296,   0.0384422
   0.0001603,   0.0384422
 0.000160304,   0.0384422
 0.000160308,   0.0389447
 0.000160312,   0.0389447
 0.000160316,    0.039196
  0.00016032,    0.039196
 0.000160324,    0.039196
 0.000160328,    0.039196
 0.000160332,   0.0394472
 0.000160336,   0.0394472
  0.00016034,   0.0396985
 0.000160344,   0.0396985
 0.000160348,   0.0396985
 0.000160352,   0.0399497
 0.000160356,   0.0399497
  0.00016036,   0.0399497
 0.000160364,    0.040201
 0.000160368,    0.040201
 0.000160372,    0.040201
 0.000160376,    0.040201
  0.00016038,   0.0404523
 0.000160384,   0.0404523
 0.000160388,   0.0404523
 0.000160392,   0.0407035
 0.000160396,   0.0404523
   0.0001604,   0.0407035
 0.000160404,   0.0407035
 0.000160408,   0.0407035
 0.000160412,   0.0407035
 0.000160416,   0.0409548
  0.00016042,   0.0409548
 0.000160424,   0.0409548
 0.000160428,   0.0409548
 0.000160432,   0.0409548
 0.000160436,   0.0409548
  0.00016044,   0.0409548
 0.000160444,   0.0409548
 0.000160448,   0.0409548
 0.000160452,   0.0409548
 0.000160456,   0.0409548
  0.00016046,   0.0407035
 0.000160464,   0.0409548
 0.000160468,    0.041206
 0.000160472,   0.0409548
 0.000160476,   0.0409548
  0.00016048,   0.0409548
 0.000160484,   0.0409548
 0.000160488,   0.0409548
 0.000160492,   0.0409548
 0.000160496,   0.0409548
   0.0001605,   0.0407035
 0.000160504,   0.0407035
 0.000160508,   0.0407035
 0.000160512,   0.0409548
 0.000160516,   0.0407035
  0.00016052,   0.0404523
 0.000160524,   0.0407035
 0.000160528,   0.0404523
 0.000160532,   0.0404523
 0.000160536,    0.040201
  0.00016054,   0.0404523
 0.000160544,    0.040201
 0.000160548,    0.040201
 0.000160552,    0.040201
 0.000160556,   0.0399497
  0.00016056,   0.0399497
 0.000160564,   0.0396985
 0.000160568,   0.0399497
 0.000160572,   0.0396985
 0.000160576,   0.0394472
  0.00016058,   0.0394472
 0.000160584,   0.0394472
 0.000160588,    0.039196
 0.000160592,   0.0389447
 0.000160596,   0.0389447
   0.0001606,   0.0389447
 0.000160604,   0.0386935
 0.000160608,   0.0384422
 0.000160612,   0.0384422
 0.000160616,   0.0384422
  0.00016062,   0.0379397
 0.000160624,   0.0379397
 0.000160628,   0.0379397
 0.000160632,   0.0376884
 0.000160636,   0.0374372
  0.00016064,   0.0371859
 0.000160644,   0.0374372
 0.000160648,   0.0369347
 0.000160652,   0.0366834
 0.000160656,   0.0364322
  0.00016066,   0.0364322
 0.000160664,   0.0361809
 0.000160668,   0.0361809
 0.000160672,   0.0359296
 0.000160676,   0.0356784
  0.00016068,   0.0354271
 0.000160684,   0.0351759
 0.000160688,   0.0349246
 0.000160692,   0.0346734
 0.000160696,   0.0346734
   0.0001607,   0.0344221
 0.000160704,   0.0341709
 0.000160708,   0.0339196
 0.000160712,   0.0336683
 0.000160716,   0.0336683
  0.00016072,   0.0331658
 0.000160724,   0.0329146
 0.000160728,   0.0326633
 0.000160732,   0.0324121
 0.000160736,   0.0321608
  0.00016074,   0.0319095
 0.000160744,    0.031407
 0.000160748,   0.0311558
 0.000160752,   0.0309045
 0.000160756,   0.0306533
  0.00016076,   0.0301508
 0.000160764,   0.0298995
 0.000160768,    0.029397
 0.000160772,   0.0291457
 0.000160776,   0.0291457
  0.00016078,   0.0288945
 0.000160784,   0.0286432
 0.000160788,   0.0281407
 0.000160792,   0.0273869
 0.000160796,   0.0273869
   0.0001608,   0.0273869
 0.000160804,   0.0268844
 0.000160808,   0.0263819
 0.000160812,   0.0261307
 0.000160816,   0.0261307
  0.00016082,   0.0256281
 0.000160824,   0.0251256
 0.000160828,   0.0248744
 0.000160832,   0.0243719
 0.000160836,   0.0238693
  0.00016084,   0.0236181
 0.000160844,   0.0233668
 0.000160848,   0.0231156
 0.000160852,   0.0226131
 0.000160856,   0.0221106
  0.00016086,   0.0218593
 0.000160864,   0.0213568
 0.000160868,   0.0211055
 0.000160872,    0.020603
 0.000160876,   0.0203518
  0.00016088,   0.0198492
 0.000160884,    0.019598
 0.000160888,   0.0193467
 0.000160892,    0.018593
 0.000160896,   0.0180905
   0.0001609,   0.0178392
 0.000160904,   0.0173367
 0.000160908,   0.0170854
 0.000160912,   0.0165829
 0.000160916,   0.0160804
  0.00016092,   0.0158291
 0.000160924,   0.0150754
 0.000160928,   0.0145729
 0.000160932,   0.0143216
 0.000160936,   0.0140704
  0.00016094,   0.0135678
 0.000160944,   0.0130653
 0.000160948,   0.0128141
 0.000160952,   0.0123116
 0.000160956,   0.0115578
  0.00016096,   0.0113065
 0.000160964,   0.0110553
 0.000160968,   0.0103015
 0.000160972,    0.009799
 0.000160976,  0.00954774
  0.00016098,  0.00929648
 0.000160984,  0.00854271
 0.000160988,   0.0080402
 0.000160992,  0.00753769
 0.000160996,  0.00703518
    0.000161,  0.00653266
 0.000161004,  0.00628141
 0.000161008,  0.00577889
 0.000161012,  0.00527638
 0.000161016,  0.00477387
  0.00016102,  0.00452261
 0.000161024,  0.00376884
 0.000161028,  0.00326633
 0.000161032,  0.00276382
 0.000161036,  0.00251256
  0.00016104,  0.00201005
 0.000161044,  0.00150754
 0.000161048,  0.00100503
 0.000161052, 0.000502513
 0.000161056,           0
  0.00016106,-0.000502513
 0.000161064, -0.00100503
 0.000161068, -0.00175879
 0.000161072, -0.00226131
 0.000161076, -0.00251256
  0.00016108, -0.00301508
 0.000161084, -0.00351759
 0.000161088, -0.00427136
 0.000161092, -0.00452261
 0.000161096, -0.00527638
   0.0001611, -0.00577889
 0.000161104, -0.00628141
 0.000161108, -0.00678392
 0.000161112, -0.00703518
 0.000161116, -0.00778894
  0.00016112, -0.00829146
 0.000161124, -0.00879397
 0.000161128, -0.00929648
 0.000161132,   -0.009799
 0.000161136,  -0.0105528
  0.00016114,   -0.010804
 0.000161144,  -0.0115578
 0.000161148,  -0.0120603
 0.000161152,  -0.0125628
 0.000161156,  -0.0128141
  0.00016116,  -0.0135678
 0.000161164,  -0.0143216
 0.000161168,  -0.0148241
 0.000161172,  -0.0150754
 0.000161176,  -0.0155779
  0.00016118,  -0.0163317
 0.000161184,  -0.0168342
 0.000161188,  -0.0173367
 0.000161192,  -0.0178392
 0.000161196,  -0.0183417
   0.0001612,  -0.0188442
 0.000161204,  -0.0193467
 0.000161208,  -0.0198492
 0.000161212,   -0.020603
 0.000161216,  -0.0211055
  0.00016122,   -0.021608
 0.000161224,  -0.0221106
 0.000161228,  -0.0226131
 0.000161232,  -0.0233668
 0.000161236,  -0.0238693
  0.00016124,  -0.0243719
 0.000161244,  -0.0248744
 0.000161248,  -0.0253769
 0.000161252,  -0.0258794
 0.000161256,  -0.0266332
  0.00016126,  -0.0271357
 0.000161264,  -0.0276382
 0.000161268,  -0.0281407
 0.000161272,  -0.0286432
 0.000161276,  -0.0291457
  0.00016128,   -0.029397
 0.000161284,  -0.0301508
 0.000161288,  -0.0306533
 0.000161292,  -0.0311558
 0.000161296,  -0.0316583
   0.0001613,  -0.0324121
 0.000161304,  -0.0329146
 0.000161308,  -0.0331658
 0.000161312,  -0.0334171
 0.000161316,  -0.0341709
  0.00016132,  -0.0346734
 0.000161324,  -0.0354271
 0.000161328,  -0.0359296
 0.000161332,  -0.0364322
 0.000161336,  -0.0366834
  0.00016134,  -0.0374372
 0.000161344,  -0.0376884
 0.000161348,  -0.0384422
 0.000161352,  -0.0386935
 0.000161356,  -0.0389447
  0.00016136,  -0.0396985
 0.000161364,   -0.040201
 0.000161368,  -0.0409548
 0.000161372,   -0.041206
 0.000161376,  -0.0414573
  0.00016138,  -0.0419598
 0.000161384,  -0.0424623
 0.000161388,  -0.0429648
 0.000161392,  -0.0437186
 0.000161396,  -0.0442211
   0.0001614,  -0.0447236
 0.000161404,  -0.0449749
 0.000161408,  -0.0454774
 0.000161412,  -0.0459799
 0.000161416,  -0.0464824
  0.00016142,  -0.0467337
 0.000161424,  -0.0472362
 0.000161428,  -0.0477387
 0.000161432,  -0.0482412
 0.000161436,  -0.0484925
  0.00016144,   -0.048995
 0.000161444,  -0.0494975
 0.000161448,  -0.0497487
 0.000161452,  -0.0502513
 0.000161456,   -0.051005
  0.00016146,  -0.0515075
 0.000161464,  -0.0517588
 0.000161468,    -0.05201
 0.000161472,  -0.0525126
 0.000161476,  -0.0530151
  0.00016148,  -0.0532663
 0.000161484,  -0.0535176
 0.000161488,  -0.0542714
 0.000161492,  -0.0545226
 0.000161496,  -0.0547739
   0.0001615,  -0.0552764
 0.000161504,  -0.0557789
 0.000161508,  -0.0560302
 0.000161512,  -0.0560302
 0.000161516,  -0.0567839
  0.00016152,  -0.0572864
 0.000161524,  -0.0575377
 0.000161528,  -0.0580402
 0.000161532,  -0.0585427
 0.000161536,   -0.058794
  0.00016154,  -0.0590452
 0.000161544,  -0.0592965
 0.000161548,  -0.0600502
 0.000161552,  -0.0603015
 0.000161556,  -0.0605528
  0.00016156,  -0.0610553
 0.000161564,  -0.0615578
 0.000161568,   -0.061809
 0.000161572,  -0.0620603
 0.000161576,  -0.0623116
  0.00016158,  -0.0625628
 0.000161584,  -0.0628141
 0.000161588,  -0.0630653
 0.000161592,  -0.0638191
 0.000161596,  -0.0640704
   0.0001616,  -0.0643216
 0.000161604,  -0.0643216
 0.000161608,  -0.0648241
 0.000161612,  -0.0650754
 0.000161616,  -0.0653266
  0.00016162,  -0.0653266
 0.000161624,  -0.0660804
 0.000161628,  -0.0660804
 0.000161632,  -0.0665829
 0.000161636,  -0.0668342
  0.00016164,  -0.0670854
 0.000161644,  -0.0673367
 0.000161648,  -0.0673367
 0.000161652,  -0.0678392
 0.000161656,  -0.0680905
  0.00016166,  -0.0683417
 0.000161664,   -0.068593
 0.000161668,  -0.0688442
 0.000161672,  -0.0688442
 0.000161676,  -0.0693467
  0.00016168,   -0.069598
 0.000161684,  -0.0698492
 0.000161688,  -0.0698492
 0.000161692,  -0.0701005
 0.000161696,  -0.0703518
   0.0001617,   -0.070603
 0.000161704,   -0.070603
 0.000161708,  -0.0708543
 0.000161712,  -0.0711055
 0.000161716,  -0.0713568
  0.00016172,  -0.0713568
 0.000161724,   -0.071608
 0.000161728,  -0.0718593
 0.000161732,  -0.0718593
 0.000161736,  -0.0721105
  0.00016174,  -0.0723618
 0.000161744,  -0.0723618
 0.000161748,  -0.0726131
 0.000161752,  -0.0726131
 0.000161756,  -0.0728643
  0.00016176,  -0.0731156
 0.000161764,  -0.0731156
 0.000161768,  -0.0731156
 0.000161772,  -0.0733668
 0.000161776,  -0.0733668
  0.00016178,  -0.0733668
 0.000161784,  -0.0736181
 0.000161788,  -0.0736181
 0.000161792,  -0.0738693
 0.000161796,  -0.0738693
   0.0001618,  -0.0741206
 0.000161804,  -0.0738693
 0.000161808,  -0.0738693
 0.000161812,  -0.0741206
 0.000161816,  -0.0741206
  0.00016182,  -0.0741206
 0.000161824,  -0.0741206
 0.000161828,  -0.0743719
 0.000161832,  -0.0746231
 0.000161836,  -0.0746231
  0.00016184,  -0.0743719
 0.000161844,  -0.0743719
 0.000161848,  -0.0746231
 0.000161852,  -0.0746231
 0.000161856,  -0.0746231
  0.00016186,  -0.0748744
 0.000161864,  -0.0748744
 0.000161868,  -0.0748744
 0.000161872,  -0.0748744
 0.000161876,  -0.0748744
  0.00016188,  -0.0748744
 0.000161884,  -0.0748744
 0.000161888,  -0.0751256
 0.000161892,  -0.0748744
 0.000161896,  -0.0748744
   0.0001619,  -0.0751256
 0.000161904,  -0.0748744
 0.000161908,  -0.0748744
 0.000161912,  -0.0746231
 0.000161916,  -0.0746231
  0.00016192,  -0.0746231
 0.000161924,  -0.0746231
 0.000161928,  -0.0746231
 0.000161932,  -0.0746231
 0.000161936,  -0.0743719
  0.00016194,  -0.0743719
 0.000161944,  -0.0743719
 0.000161948,  -0.0743719
 0.000161952,  -0.0741206
 0.000161956,  -0.0741206
  0.00016196,  -0.0743719
 0.000161964,  -0.0741206
 0.000161968,  -0.0741206
 0.000161972,  -0.0741206
 0.000161976,  -0.0736181
  0.00016198,  -0.0736181
 0.000161984,  -0.0736181
 0.000161988,  -0.0736181
 0.000161992,  -0.0736181
 0.000161996,  -0.0733668
    0.000162,  -0.0731156
 0.000162004,  -0.0731156
 0.000162008,  -0.0728643
 0.000162012,  -0.0728643
 0.000162016,  -0.0728643
  0.00016202,  -0.0726131
 0.000162024,  -0.0723618
 0.000162028,  -0.0723618
 0.000162032,  -0.0723618
 0.000162036,  -0.0721105
  0.00016204,  -0.0718593
 0.000162044,  -0.0718593
 0.000162048,  -0.0713568
 0.000162052,  -0.0713568
 0.000162056,   -0.071608
  0.00016206,  -0.0713568
 0.000162064,  -0.0711055
 0.000162068,  -0.0708543
 0.000162072,   -0.070603
 0.000162076,   -0.070603
  0.00016208,  -0.0703518
 0.000162084,  -0.0703518
 0.000162088,  -0.0701005
 0.000162092,  -0.0698492
 0.000162096,  -0.0698492
   0.0001621,   -0.069598
 0.000162104,  -0.0693467
 0.000162108,  -0.0690955
 0.000162112,  -0.0688442
 0.000162116,  -0.0688442
  0.00016212,  -0.0683417
 0.000162124,  -0.0683417
 0.000162128,  -0.0683417
 0.000162132,  -0.0680905
 0.000162136,  -0.0675879
  0.00016214,  -0.0675879
 0.000162144,  -0.0675879
 0.000162148,  -0.0670854
 0.000162152,  -0.0668342
 0.000162156,  -0.0665829
  0.00016216,  -0.0665829
 0.000162164,  -0.0660804
 0.000162168,  -0.0660804
 0.000162172,  -0.0658291
 0.000162176,  -0.0653266
  0.00016218,  -0.0650754
 0.000162184,  -0.0648241
 0.000162188,  -0.0648241
 0.000162192,  -0.0645729
 0.000162196,  -0.0643216
   0.0001622,  -0.0638191
 0.000162204,  -0.0635678
 0.000162208,  -0.0633166
 0.000162212,  -0.0633166
 0.000162216,  -0.0630653
  0.00016222,  -0.0625628
 0.000162224,  -0.0623116
 0.000162228,  -0.0620603
 0.000162232,  -0.0620603
 0.000162236,   -0.061809
  0.00016224,  -0.0613065
 0.000162244,   -0.060804
 0.000162248,   -0.060804
 0.000162252,  -0.0605528
 0.000162256,  -0.0603015
  0.00016226,  -0.0600502
 0.000162264,   -0.059799
 0.000162268,  -0.0592965
 0.000162272,  -0.0590452
 0.000162276,   -0.058794
  0.00016228,  -0.0585427
 0.000162284,  -0.0580402
 0.000162288,  -0.0577889
 0.000162292,  -0.0577889
 0.000162296,  -0.0572864
   0.0001623,  -0.0570352
 0.000162304,  -0.0567839
 0.000162308,  -0.0562814
 0.000162312,  -0.0560302
 0.000162316,  -0.0555276
  0.00016232,  -0.0555276
 0.000162324,  -0.0550251
 0.000162328,  -0.0550251
 0.000162332,  -0.0547739
 0.000162336,  -0.0542714
  0.00016234,  -0.0537688
 0.000162344,  -0.0532663
 0.000162348,  -0.0532663
 0.000162352,  -0.0530151
 0.000162356,  -0.0525126
  0.00016236,  -0.0522613
 0.000162364,    -0.05201
 0.000162368,  -0.0517588
 0.000162372,  -0.0512563
 0.000162376,   -0.051005
  0.00016238,  -0.0507538
 0.000162384,  -0.0502513
 0.000162388,       -0.05
 0.000162392,  -0.0497487
 0.000162396,  -0.0494975
   0.0001624,   -0.048995
 0.000162404,  -0.0487437
 0.000162408,  -0.0482412
 0.000162412,  -0.0477387
 0.000162416,  -0.0474874
  0.00016242,  -0.0472362
 0.000162424,  -0.0469849
 0.000162428,  -0.0467337
 0.000162432,  -0.0462312
 0.000162436,  -0.0462312
  0.00016244,  -0.0457286
 0.000162444,  -0.0452261
 0.000162448,  -0.0449749
 0.000162452,  -0.0444724
 0.000162456,  -0.0442211
  0.00016246,  -0.0439698
 0.000162464,  -0.0437186
 0.000162468,  -0.0432161
 0.000162472,  -0.0427136
 0.000162476,  -0.0424623
  0.00016248,  -0.0422111
 0.000162484,  -0.0417085
 0.000162488,  -0.0414573
 0.000162492,   -0.041206
 0.000162496,  -0.0409548
   0.0001625,  -0.0404523
 0.000162504,  -0.0399497
 0.000162508,  -0.0399497
 0.000162512,  -0.0394472
 0.000162516,  -0.0389447
  0.00016252,  -0.0386935
 0.000162524,  -0.0384422
 0.000162528,   -0.038191
 0.000162532,  -0.0376884
 0.000162536,  -0.0374372
  0.00016254,  -0.0369347
 0.000162544,  -0.0364322
 0.000162548,  -0.0361809
 0.000162552,  -0.0359296
 0.000162556,  -0.0356784
  0.00016256,  -0.0351759
 0.000162564,  -0.0349246
 0.000162568,  -0.0346734
 0.000162572,  -0.0341709
 0.000162576,  -0.0336683
  0.00016258,  -0.0334171
 0.000162584,  -0.0331658
 0.000162588,  -0.0329146
 0.000162592,  -0.0326633
 0.000162596,  -0.0321608
   0.0001626,  -0.0316583
 0.000162604,   -0.031407
 0.000162608,  -0.0311558
 0.000162612,  -0.0306533
 0.000162616,  -0.0301508
  0.00016262,  -0.0298995
 0.000162624,  -0.0296482
 0.000162628,  -0.0291457
 0.000162632,  -0.0286432
 0.000162636,  -0.0286432
  0.00016264,  -0.0281407
 0.000162644,  -0.0276382
 0.000162648,  -0.0271357
 0.000162652,  -0.0271357
 0.000162656,  -0.0268844
  0.00016266,  -0.0261307
 0.000162664,  -0.0258794
 0.000162668,  -0.0256281
 0.000162672,  -0.0251256
 0.000162676,  -0.0246231
  0.00016268,  -0.0243719
 0.000162684,  -0.0241206
 0.000162688,  -0.0236181
 0.000162692,  -0.0233668
 0.000162696,  -0.0231156
   0.0001627,  -0.0228643
 0.000162704,  -0.0221106
 0.000162708,  -0.0218593
 0.000162712,   -0.021608
 0.000162716,  -0.0211055
  0.00016272,  -0.0208543
 0.000162724,  -0.0208543
 0.000162728,   -0.020603
 0.000162732,  -0.0198492
 0.000162736,  -0.0193467
  0.00016274,  -0.0190955
 0.000162744,  -0.0190955
 0.000162748,   -0.018593
 0.000162752,  -0.0180905
 0.000162756,  -0.0178392
  0.00016276,  -0.0173367
 0.000162764,  -0.0170854
 0.000162768,  -0.0168342
 0.000162772,  -0.0165829
 0.000162776,  -0.0160804
  0.00016278,  -0.0155779
 0.000162784,  -0.0153266
 0.000162788,  -0.0150754
 0.000162792,  -0.0148241
 0.000162796,  -0.0145729
   0.0001628,  -0.0140704
 0.000162804,  -0.0138191
 0.000162808,  -0.0133166
 0.000162812,  -0.0130653
 0.000162816,  -0.0128141
  0.00016282,  -0.0125628
 0.000162824,  -0.0120603
 0.000162828,   -0.011809
 0.000162832,  -0.0115578
 0.000162836,  -0.0113065
  0.00016284,  -0.0110553
 0.000162844,  -0.0103015
 0.000162848,  -0.0100503
 0.000162852,   -0.009799
 0.000162856, -0.00954774
  0.00016286, -0.00929648
 0.000162864, -0.00879397
 0.000162868, -0.00854271
 0.000162872, -0.00829146
 0.000162876,  -0.0080402
  0.00016288, -0.00753769
 0.000162884, -0.00728643
 0.000162888, -0.00678392
 0.000162892, -0.00678392
 0.000162896, -0.00653266
   0.0001629, -0.00628141
 0.000162904, -0.00577889
 0.000162908, -0.00552764
 0.000162912, -0.00527638
 0.000162916, -0.00477387
  0.00016292, -0.00452261
 0.000162924, -0.00452261
 0.000162928, -0.00427136
 0.000162932, -0.00376884
 0.000162936, -0.00326633
  0.00016294, -0.00301508
 0.000162944, -0.00276382
 0.000162948, -0.00251256
 0.000162952, -0.00226131
 0.000162956, -0.00201005
  0.00016296, -0.00150754
 0.000162964, -0.00125628
 0.000162968, -0.00100503
 0.000162972,-0.000753769
 0.000162976,-0.000251256
  0.00016298,           0
 0.000162984, 0.000251256
 0.000162988, 0.000251256
 0.000162992, 0.000753769
 0.000162996,  0.00100503
    0.000163,  0.00100503
 0.000163004,  0.00150754
 0.000163008,  0.00201005
 0.000163012,  0.00226131
 0.000163016,  0.00226131
  0.00016302,  0.00251256
 0.000163024,  0.00301508
 0.000163028,  0.00301508
 0.000163032,  0.00326633
 0.000163036,  0.00351759
  0.00016304,  0.00376884
 0.000163044,  0.00427136
 0.000163048,  0.00452261
 0.000163052,  0.00452261
 0.000163056,  0.00502513
  0.00016306,  0.00502513
 0.000163064,  0.00527638
 0.000163068,  0.00577889
 0.000163072,  0.00603015
 0.000163076,  0.00653266
  0.00016308,  0.00653266
 0.000163084,  0.00678392
 0.000163088,  0.00703518
 0.000163092,  0.00728643
 0.000163096,  0.00728643
   0.0001631,  0.00753769
 0.000163104,  0.00778894
 0.000163108,   0.0080402
 0.000163112,  0.00829146
 0.000163116,  0.00854271
  0.00016312,  0.00879397
 0.000163124,  0.00879397
 0.000163128,  0.00904523
 0.000163132,  0.00954774
 0.000163136,    0.009799
  0.00016314,   0.0100503
 0.000163144,   0.0100503
 0.000163148,   0.0105528
 0.000163152,   0.0105528
 0.000163156,    0.010804
  0.00016316,   0.0110553
 0.000163164,   0.0113065
 0.000163168,   0.0115578
 0.000163172,   0.0115578
 0.000163176,   0.0120603
  0.00016318,   0.0123116
 0.000163184,   0.0125628
 0.000163188,   0.0125628
 0.000163192,   0.0125628
 0.000163196,   0.0128141
   0.0001632,   0.0130653
 0.000163204,   0.0133166
 0.000163208,   0.0133166
 0.000163212,   0.0138191
 0.000163216,   0.0138191
  0.00016322,   0.0140704
 0.000163224,   0.0140704
 0.000163228,   0.0143216
 0.000163232,   0.0145729
 0.000163236,   0.0145729
  0.00016324,   0.0148241
 0.000163244,   0.0150754
 0.000163248,   0.0153266
 0.000163252,   0.0153266
 0.000163256,   0.0155779
  0.00016326,   0.0155779
 0.000163264,   0.0158291
 0.000163268,   0.0160804
 0.000163272,   0.0163317
 0.000163276,   0.0165829
  0.00016328,   0.0165829
 0.000163284,   0.0168342
 0.000163288,   0.0170854
 0.000163292,   0.0173367
 0.000163296,   0.0173367
   0.0001633,   0.0173367
 0.000163304,   0.0173367
 0.000163308,   0.0175879
 0.000163312,   0.0180905
 0.000163316,   0.0180905
  0.00016332,   0.0180905
 0.000163324,   0.0183417
 0.000163328,    0.018593
 0.000163332,    0.018593
 0.000163336,    0.018593
  0.00016334,   0.0188442
 0.000163344,   0.0190955
 0.000163348,   0.0190955
 0.000163352,   0.0190955
 0.000163356,   0.0193467
  0.00016336,    0.019598
 0.000163364,   0.0193467
 0.000163368,    0.019598
 0.000163372,   0.0198492
 0.000163376,   0.0198492
  0.00016338,   0.0201005
 0.000163384,   0.0201005
 0.000163388,   0.0203518
 0.000163392,   0.0201005
 0.000163396,   0.0201005
   0.0001634,    0.020603
 0.000163404,   0.0208543
 0.000163408,    0.020603
 0.000163412,    0.020603
 0.000163416,   0.0208543
  0.00016342,   0.0211055
 0.000163424,   0.0211055
 0.000163428,   0.0211055
 0.000163432,   0.0213568
 0.000163436,   0.0213568
  0.00016344,   0.0213568
 0.000163444,    0.021608
 0.000163448,   0.0218593
 0.000163452,   0.0218593
 0.000163456,   0.0218593
  0.00016346,   0.0218593
 0.000163464,   0.0218593
 0.000163468,   0.0221106
 0.000163472,   0.0221106
 0.000163476,   0.0221106
  0.00016348,   0.0221106
 0.000163484,   0.0223618
 0.000163488,   0.0223618
 0.000163492,   0.0223618
 0.000163496,   0.0223618
   0.0001635,   0.0223618
 0.000163504,   0.0223618
 0.000163508,   0.0226131
 0.000163512,   0.0223618
 0.000163516,   0.0226131
  0.00016352,   0.0226131
 0.000163524,   0.0226131
 0.000163528,   0.0226131
 0.000163532,   0.0226131
 0.000163536,   0.0228643
  0.00016354,   0.0226131
 0.000163544,   0.0228643
 0.000163548,   0.0226131
 0.000163552,   0.0226131
 0.000163556,   0.0226131
  0.00016356,   0.0228643
 0.000163564,   0.0228643
 0.000163568,   0.0228643
 0.000163572,   0.0228643
 0.000163576,   0.0228643
  0.00016358,   0.0228643
 0.000163584,   0.0228643
 0.000163588,   0.0231156
 0.000163592,   0.0228643
 0.000163596,   0.0228643
   0.0001636,   0.0228643
 0.000163604,   0.0231156
 0.000163608,   0.0231156
 0.000163612,   0.0231156
 0.000163616,   0.0231156
  0.00016362,   0.0228643
 0.000163624,   0.0228643
 0.000163628,   0.0228643
 0.000163632,   0.0228643
 0.000163636,   0.0228643
  0.00016364,   0.0228643
 0.000163644,   0.0228643
 0.000163648,   0.0228643
 0.000163652,   0.0228643
 0.000163656,   0.0226131
  0.00016366,   0.0226131
 0.000163664,   0.0226131
 0.000163668,   0.0226131
 0.000163672,   0.0228643
 0.000163676,   0.0228643
  0.00016368,   0.0226131
 0.000163684,   0.0223618
 0.000163688,   0.0226131
 0.000163692,   0.0226131
 0.000163696,   0.0223618
   0.0001637,   0.0223618
 0.000163704,   0.0223618
 0.000163708,   0.0223618
 0.000163712,   0.0223618
 0.000163716,   0.0223618
  0.00016372,   0.0221106
 0.000163724,   0.0221106
 0.000163728,   0.0218593
 0.000163732,   0.0218593
 0.000163736,   0.0218593
  0.00016374,   0.0218593
 0.000163744,   0.0218593
 0.000163748,   0.0218593
 0.000163752,    0.021608
 0.000163756,   0.0213568
  0.00016376,    0.021608
 0.000163764,   0.0213568
 0.000163768,   0.0211055
 0.000163772,   0.0211055
 0.000163776,   0.0213568
  0.00016378,   0.0211055
 0.000163784,   0.0211055
 0.000163788,   0.0208543
 0.000163792,    0.020603
 0.000163796,    0.020603
   0.0001638,    0.020603
 0.000163804,    0.020603
 0.000163808,   0.0203518
 0.000163812,   0.0203518
 0.000163816,   0.0203518
  0.00016382,   0.0203518
 0.000163824,   0.0201005
 0.000163828,   0.0198492
 0.000163832,   0.0198492
 0.000163836,   0.0198492
  0.00016384,    0.019598
 0.000163844,    0.019598
 0.000163848,    0.019598
 0.000163852,   0.0193467
 0.000163856,   0.0193467
  0.00016386,   0.0190955
 0.000163864,   0.0188442
 0.000163868,   0.0188442
 0.000163872,    0.018593
 0.000163876,   0.0188442
  0.00016388,    0.018593
 0.000163884,   0.0183417
 0.000163888,   0.0183417
 0.000163892,   0.0180905
 0.000163896,   0.0180905
   0.0001639,   0.0178392
 0.000163904,   0.0175879
 0.000163908,   0.0175879
 0.000163912,   0.0175879
 0.000163916,   0.0175879
  0.00016392,   0.0170854
 0.000163924,   0.0168342
 0.000163928,   0.0168342
 0.000163932,   0.0168342
 0.000163936,   0.0165829
  0.00016394,   0.0165829
 0.000163944,   0.0163317
 0.000163948,   0.0163317
 0.000163952,   0.0160804
 0.000163956,   0.0160804
  0.00016396,   0.0158291
 0.000163964,   0.0155779
 0.000163968,   0.0153266
 0.000163972,   0.0155779
 0.000163976,   0.0153266
  0.00016398,   0.0153266
 0.000163984,   0.0153266
 0.000163988,   0.0150754
 0.000163992,   0.0148241
 0.000163996,   0.0145729
    0.000164,   0.0143216
 0.000164004,   0.0143216
 0.000164008,   0.0143216
 0.000164012,   0.0143216
 0.000164016,   0.0140704
  0.00016402,   0.0138191
 0.000164024,   0.0138191
 0.000164028,   0.0138191
 0.000164032,   0.0133166
 0.000164036,   0.0133166
  0.00016404,   0.0130653
 0.000164044,   0.0128141
 0.000164048,   0.0128141
 0.000164052,   0.0125628
 0.000164056,   0.0125628
  0.00016406,   0.0120603
 0.000164064,   0.0120603
 0.000164068,   0.0120603
 0.000164072,    0.011809
 0.000164076,   0.0115578
  0.00016408,   0.0113065
 0.000164084,   0.0113065
 0.000164088,   0.0110553
 0.000164092,    0.010804
 0.000164096,    0.010804
   0.0001641,   0.0105528
 0.000164104,   0.0105528
 0.000164108,   0.0103015
 0.000164112,   0.0103015
 0.000164116,   0.0103015
  0.00016412,   0.0100503
 0.000164124,  0.00954774
 0.000164128,  0.00954774
 0.000164132,  0.00954774
 0.000164136,  0.00929648
  0.00016414,  0.00904523
 0.000164144,  0.00904523
 0.000164148,  0.00879397
 0.000164152,  0.00854271
 0.000164156,  0.00829146
  0.00016416,  0.00854271
 0.000164164,   0.0080402
 0.000164168,  0.00778894
 0.000164172,  0.00778894
 0.000164176,  0.00753769
  0.00016418,  0.00753769
 0.000164184,  0.00753769
 0.000164188,  0.00703518
 0.000164192,  0.00678392
 0.000164196,  0.00678392
   0.0001642,  0.00678392
 0.000164204,  0.00653266
 0.000164208,  0.00628141
 0.000164212,  0.00628141
 0.000164216,  0.00628141
  0.00016422,  0.00603015
 0.000164224,  0.00577889
 0.000164228,  0.00552764
 0.000164232,  0.00552764
 0.000164236,  0.00527638
  0.00016424,  0.00502513
 0.000164244,  0.00502513
 0.000164248,  0.00502513
 0.000164252,  0.00477387
 0.000164256,  0.00452261
  0.00016426,  0.00427136
 0.000164264,  0.00427136
 0.000164268,   0.0040201
 0.000164272,   0.0040201
 0.000164276,   0.0040201
  0.00016428,  0.00376884
 0.000164284,  0.00351759
 0.000164288,  0.00326633
 0.000164292,  0.00301508
 0.000164296,  0.00301508
   0.0001643,  0.00276382
 0.000164304,  0.00251256
 0.000164308,  0.00251256
 0.000164312,  0.00226131
 0.000164316,  0.00226131
  0.00016432,  0.00226131
 0.000164324,  0.00201005
 0.000164328,  0.00175879
 0.000164332,  0.00150754
 0.000164336,  0.00150754
  0.00016434,  0.00150754
 0.000164344,  0.00125628
 0.000164348,  0.00100503
 0.000164352,  0.00100503
 0.000164356,  0.00100503
  0.00016436, 0.000753769
 0.000164364, 0.000502513
 0.000164368, 0.000251256
 0.000164372,           0
 0.000164376,           0
  0.00016438,           0
 0.000164384,           0
 0.000164388,-0.000251256
 0.000164392,-0.000502513
 0.000164396,-0.000753769
   0.0001644,-0.000753769
 0.000164404,-0.000753769
 0.000164408, -0.00100503
 0.000164412, -0.00125628
 0.000164416, -0.00125628
  0.00016442, -0.00125628
 0.000164424, -0.00150754
 0.000164428, -0.00175879
 0.000164432, -0.00175879
 0.000164436, -0.00201005
  0.00016444, -0.00201005
 0.000164444, -0.00201005
 0.000164448, -0.00201005
 0.000164452, -0.00226131
 0.000164456, -0.00251256
  0.00016446, -0.00251256
 0.000164464, -0.00276382
 0.000164468, -0.00276382
 0.000164472, -0.00301508
 0.000164476, -0.00301508
  0.00016448, -0.00301508
 0.000164484, -0.00326633
 0.000164488, -0.00326633
 0.000164492, -0.00351759
 0.000164496, -0.00351759
   0.0001645, -0.00351759
 0.000164504, -0.00376884
 0.000164508,  -0.0040201
 0.000164512, -0.00376884
 0.000164516, -0.00376884
  0.00016452,  -0.0040201
 0.000164524, -0.00452261
 0.000164528, -0.00427136
 0.000164532, -0.00427136
 0.000164536, -0.00452261
  0.00016454, -0.00452261
 0.000164544, -0.00452261
 0.000164548, -0.00452261
 0.000164552, -0.00502513
 0.000164556, -0.00502513
  0.00016456, -0.00477387
 0.000164564, -0.00502513
 0.000164568, -0.00527638
 0.000164572, -0.00502513
 0.000164576, -0.00502513
  0.00016458, -0.00527638
 0.000164584, -0.00552764
 0.000164588, -0.00552764
 0.000164592, -0.00552764
 0.000164596, -0.00552764
   0.0001646, -0.00577889
 0.000164604, -0.00577889
 0.000164608, -0.00577889
 0.000164612, -0.00577889
 0.000164616, -0.00603015
  0.00016462, -0.00603015
 0.000164624, -0.00603015
 0.000164628, -0.00628141
 0.000164632, -0.00628141
 0.000164636, -0.00628141
  0.00016464, -0.00628141
 0.000164644, -0.00653266
 0.000164648, -0.00628141
 0.000164652, -0.00628141
 0.000164656, -0.00653266
  0.00016466, -0.00678392
 0.000164664, -0.00653266
 0.000164668, -0.00653266
 0.000164672, -0.00678392
 0.000164676, -0.00678392
  0.00016468, -0.00678392
 0.000164684, -0.00703518
 0.000164688, -0.00703518
 0.000164692, -0.00703518
 0.000164696, -0.00703518
   0.0001647, -0.00703518
 0.000164704, -0.00703518
 0.000164708, -0.00703518
 0.000164712, -0.00703518
 0.000164716, -0.00728643
  0.00016472, -0.00728643
 0.000164724, -0.00728643
 0.000164728, -0.00728643
 0.000164732, -0.00728643
 0.000164736, -0.00728643
  0.00016474, -0.00703518
 0.000164744, -0.00728643
 0.000164748, -0.00728643
 0.000164752, -0.00728643
 0.000164756, -0.00728643
  0.00016476, -0.00753769
 0.000164764, -0.00753769
 0.000164768, -0.00753769
 0.000164772, -0.00753769
 0.000164776, -0.00753769
  0.00016478, -0.00753769
 0.000164784, -0.00753769
 0.000164788, -0.00778894
 0.000164792, -0.00778894
 0.000164796, -0.00778894
   0.0001648, -0.00778894
 0.000164804, -0.00778894
 0.000164808, -0.00753769
 0.000164812, -0.00778894
 0.000164816, -0.00778894
  0.00016482, -0.00778894
 0.000164824, -0.00753769
 0.000164828, -0.00778894
 0.000164832,  -0.0080402
 0.000164836, -0.00778894
  0.00016484, -0.00778894
 0.000164844, -0.00778894
 0.000164848, -0.00778894
 0.000164852, -0.00778894
 0.000164856, -0.00778894
  0.00016486, -0.00778894
 0.000164864,  -0.0080402
 0.000164868, -0.00778894
 0.000164872, -0.00778894
 0.000164876, -0.00778894
  0.00016488, -0.00753769
 0.000164884, -0.00753769
 0.000164888, -0.00778894
 0.000164892, -0.00778894
 0.000164896, -0.00753769
   0.0001649, -0.00753769
 0.000164904, -0.00778894
 0.000164908, -0.00778894
 0.000164912, -0.00753769
 0.000164916, -0.00728643
  0.00016492, -0.00728643
 0.000164924, -0.00728643
 0.000164928, -0.00753769
 0.000164932, -0.00753769
 0.000164936, -0.00728643
  0.00016494, -0.00728643
 0.000164944, -0.00728643
 0.000164948, -0.00728643
 0.000164952, -0.00703518
 0.000164956, -0.00728643
  0.00016496, -0.00753769
 0.000164964, -0.00728643
 0.000164968, -0.00728643
 0.000164972, -0.00728643
 0.000164976, -0.00728643
  0.00016498, -0.00728643
 0.000164984, -0.00703518
 0.000164988, -0.00728643
 0.000164992, -0.00728643
 0.000164996, -0.00703518
    0.000165, -0.00703518
 0.000165004, -0.00703518
 0.000165008, -0.00703518
 0.000165012, -0.00678392
 0.000165016, -0.00678392
  0.00016502, -0.00678392
 0.000165024, -0.00678392
 0.000165028, -0.00678392
 0.000165032, -0.00678392
 0.000165036, -0.00678392
  0.00016504, -0.00653266
 0.000165044, -0.00653266
 0.000165048, -0.00653266
 0.000165052, -0.00653266
 0.000165056, -0.00628141
  0.00016506, -0.00678392
 0.000165064, -0.00678392
 0.000165068, -0.00653266
 0.000165072, -0.00628141
 0.000165076, -0.00653266
  0.00016508, -0.00653266
 0.000165084, -0.00628141
 0.000165088, -0.00628141
 0.000165092, -0.00628141
 0.000165096, -0.00628141
   0.0001651, -0.00628141
 0.000165104, -0.00628141
 0.000165108, -0.00628141
 0.000165112, -0.00603015
 0.000165116, -0.00577889
  0.00016512, -0.00603015
 0.000165124, -0.00603015
 0.000165128, -0.00577889
 0.000165132, -0.00577889
 0.000165136, -0.00577889
  0.00016514, -0.00577889
 0.000165144, -0.00552764
 0.000165148, -0.00577889
 0.000165152, -0.00577889
 0.000165156, -0.00552764
  0.00016516, -0.00552764
 0.000165164, -0.00577889
 0.000165168, -0.00577889
 0.000165172, -0.00552764
 0.000165176, -0.00527638
  0.00016518, -0.00527638
 0.000165184, -0.00527638
 0.000165188, -0.00527638
 0.000165192, -0.00527638
 0.000165196, -0.00527638
   0.0001652, -0.00502513
 0.000165204, -0.00502513
 0.000165208, -0.00502513
 0.000165212, -0.00502513
 0.000165216, -0.00477387
  0.00016522, -0.00502513
 0.000165224, -0.00502513
 0.000165228, -0.00477387
 0.000165232, -0.00477387
 0.000165236, -0.00477387
  0.00016524, -0.00477387
 0.000165244, -0.00452261
 0.000165248, -0.00477387
 0.000165252, -0.00452261
 0.000165256, -0.00452261
  0.00016526, -0.00452261
 0.000165264, -0.00477387
 0.000165268, -0.00477387
 0.000165272, -0.00452261
 0.000165276, -0.00452261
  0.00016528, -0.00452261
 0.000165284, -0.00427136
 0.000165288, -0.00452261
 0.000165292, -0.00452261
 0.000165296, -0.00452261
   0.0001653, -0.00427136
 0.000165304, -0.00427136
 0.000165308, -0.00427136
 0.000165312,  -0.0040201
 0.000165316, -0.00427136
  0.00016532,  -0.0040201
 0.000165324,  -0.0040201
 0.000165328,  -0.0040201
 0.000165332,  -0.0040201
 0.000165336,  -0.0040201
  0.00016534,  -0.0040201
 0.000165344,  -0.0040201
 0.000165348,  -0.0040201
 0.000165352,  -0.0040201
 0.000165356, -0.00376884
  0.00016536, -0.00376884
 0.000165364, -0.00376884
 0.000165368, -0.00376884
 0.000165372, -0.00376884
 0.000165376, -0.00376884
  0.00016538, -0.00376884
 0.000165384, -0.00376884
 0.000165388, -0.00351759
 0.000165392, -0.00376884
 0.000165396, -0.00376884
   0.0001654, -0.00376884
 0.000165404, -0.00351759
 0.000165408, -0.00351759
 0.000165412, -0.00351759
 0.000165416, -0.00351759
  0.00016542, -0.00376884
 0.000165424, -0.00376884
 0.000165428, -0.00351759
 0.000165432, -0.00351759
 0.000165436, -0.00376884
  0.00016544, -0.00376884
 0.000165444, -0.00351759
 0.000165448, -0.00351759
 0.000165452, -0.00376884
 0.000165456, -0.00351759
  0.00016546, -0.00351759
 0.000165464, -0.00351759
 0.000165468, -0.00351759
 0.000165472, -0.00326633
 0.000165476, -0.00351759
  0.00016548, -0.00326633
 0.000165484, -0.00326633
 0.000165488, -0.00326633
 0.000165492, -0.00326633
 0.000165496, -0.00326633
   0.0001655, -0.00326633
 0.000165504, -0.00326633
 0.000165508, -0.00326633
 0.000165512, -0.00326633
 0.000165516, -0.00326633
  0.00016552, -0.00326633
 0.000165524, -0.00326633
 0.000165528, -0.00351759
 0.000165532, -0.00326633
 0.000165536, -0.00326633
  0.00016554, -0.00326633
 0.000165544, -0.00326633
 0.000165548, -0.00326633
 0.000165552, -0.00351759
 0.000165556, -0.00326633
  0.00016556, -0.00351759
 0.000165564, -0.00326633
 0.000165568, -0.00351759
 0.000165572, -0.00351759
 0.000165576, -0.00326633
  0.00016558, -0.00326633
 0.000165584, -0.00326633
 0.000165588, -0.00351759
 0.000165592, -0.00351759
 0.000165596, -0.00351759
   0.0001656, -0.00351759
 0.000165604, -0.00351759
 0.000165608, -0.00351759
 0.000165612, -0.00351759
 0.000165616, -0.00351759
  0.00016562, -0.00351759
 0.000165624, -0.00351759
 0.000165628, -0.00351759
 0.000165632, -0.00351759
 0.000165636, -0.00351759
  0.00016564, -0.00351759
 0.000165644, -0.00351759
 0.000165648, -0.00351759
 0.000165652, -0.00351759
 0.000165656, -0.00351759
  0.00016566, -0.00351759
 0.000165664, -0.00351759
 0.000165668, -0.00351759
 0.000165672, -0.00351759
 0.000165676, -0.00351759
  0.00016568, -0.00351759
 0.000165684, -0.00376884
 0.000165688, -0.00376884
 0.000165692, -0.00376884
 0.000165696, -0.00376884
   0.0001657, -0.00376884
 0.000165704, -0.00376884
 0.000165708, -0.00376884
 0.000165712, -0.00376884
 0.000165716, -0.00376884
  0.00016572, -0.00376884
 0.000165724, -0.00376884
 0.000165728,  -0.0040201
 0.000165732,  -0.0040201
 0.000165736,  -0.0040201
  0.00016574, -0.00376884
 0.000165744,  -0.0040201
 0.000165748,  -0.0040201
 0.000165752,  -0.0040201
 0.000165756,  -0.0040201
  0.00016576, -0.00427136
 0.000165764,  -0.0040201
 0.000165768,  -0.0040201
 0.000165772,  -0.0040201
 0.000165776, -0.00427136
  0.00016578,  -0.0040201
 0.000165784,  -0.0040201
 0.000165788, -0.00427136
 0.000165792, -0.00427136
 0.000165796, -0.00427136
   0.0001658, -0.00427136
 0.000165804, -0.00427136
 0.000165808, -0.00427136
 0.000165812,  -0.0040201
 0.000165816, -0.00427136
  0.00016582, -0.00452261
 0.000165824, -0.00427136
 0.000165828, -0.00452261
 0.000165832, -0.00452261
 0.000165836, -0.00452261
  0.00016584, -0.00452261
 0.000165844, -0.00452261
 0.000165848, -0.00452261
 0.000165852, -0.00452261
 0.000165856, -0.00452261
  0.00016586, -0.00477387
 0.000165864, -0.00477387
 0.000165868, -0.00477387
 0.000165872, -0.00452261
 0.000165876, -0.00477387
  0.00016588, -0.00452261
 0.000165884, -0.00452261
 0.000165888, -0.00477387
 0.000165892, -0.00477387
 0.000165896, -0.00477387
   0.0001659, -0.00477387
 0.000165904, -0.00477387
 0.000165908, -0.00477387
 0.000165912, -0.00452261
 0.000165916, -0.00452261
  0.00016592, -0.00452261
 0.000165924, -0.00477387
 0.000165928, -0.00502513
 0.000165932, -0.00502513
 0.000165936, -0.00477387
  0.00016594, -0.00477387
 0.000165944, -0.00527638
 0.000165948, -0.00502513
 0.000165952, -0.00477387
 0.000165956, -0.00502513
  0.00016596, -0.00527638
 0.000165964, -0.00502513
 0.000165968, -0.00502513
 0.000165972, -0.00502513
 0.000165976, -0.00502513
  0.00016598, -0.00502513
 0.000165984, -0.00502513
 0.000165988, -0.00502513
 0.000165992, -0.00527638
 0.000165996, -0.00527638
    0.000166, -0.00527638
 0.000166004, -0.00527638
 0.000166008, -0.00527638
 0.000166012, -0.00527638
 0.000166016, -0.00527638
  0.00016602, -0.00527638
 0.000166024, -0.00552764
 0.000166028, -0.00527638
 0.000166032, -0.00527638
 0.000166036, -0.00527638
  0.00016604, -0.00552764
 0.000166044, -0.00527638
 0.000166048, -0.00527638
 0.000166052, -0.00552764
 0.000166056, -0.00552764
  0.00016606, -0.00552764
 0.000166064, -0.00552764
 0.000166068, -0.00552764
 0.000166072, -0.00552764
 0.000166076, -0.00527638
  0.00016608, -0.00552764
 0.000166084, -0.00552764
 0.000166088, -0.00552764
 0.000166092, -0.00577889
 0.000166096, -0.00552764
   0.0001661, -0.00552764
 0.000166104, -0.00552764
 0.000166108, -0.00552764
 0.000166112, -0.00552764
 0.000166116, -0.00552764
  0.00016612, -0.00552764
 0.000166124, -0.00552764
 0.000166128, -0.00577889
 0.000166132, -0.00603015
 0.000166136, -0.00577889
  0.00016614, -0.00552764
 0.000166144, -0.00552764
 0.000166148, -0.00577889
 0.000166152, -0.00552764
 0.000166156, -0.00552764
  0.00016616, -0.00577889
 0.000166164, -0.00577889
 0.000166168, -0.00577889
 0.000166172, -0.00577889
 0.000166176, -0.00577889
  0.00016618, -0.00552764
 0.000166184, -0.00577889
 0.000166188, -0.00577889
 0.000166192, -0.00577889
 0.000166196, -0.00577889
   0.0001662, -0.00577889
 0.000166204, -0.00577889
 0.000166208, -0.00577889
 0.000166212, -0.00577889
 0.000166216, -0.00577889
  0.00016622, -0.00577889
 0.000166224, -0.00577889
 0.000166228, -0.00603015
 0.000166232, -0.00577889
 0.000166236, -0.00577889
  0.00016624, -0.00603015
 0.000166244, -0.00603015
 0.000166248, -0.00603015
 0.000166252, -0.00577889
 0.000166256, -0.00603015
  0.00016626, -0.00603015
 0.000166264, -0.00603015
 0.000166268, -0.00603015
 0.000166272, -0.00603015
 0.000166276, -0.00577889
  0.00016628, -0.00603015
 0.000166284, -0.00603015
 0.000166288, -0.00603015
 0.000166292, -0.00577889
 0.000166296, -0.00577889
   0.0001663, -0.00603015
 0.000166304, -0.00603015
 0.000166308, -0.00603015
 0.000166312, -0.00603015
 0.000166316, -0.00603015
  0.00016632, -0.00577889
 0.000166324, -0.00603015
 0.000166328, -0.00603015
 0.000166332, -0.00603015
 0.000166336, -0.00603015
  0.00016634, -0.00603015
 0.000166344, -0.00603015
 0.000166348, -0.00603015
 0.000166352, -0.00603015
 0.000166356, -0.00603015
  0.00016636, -0.00603015
 0.000166364, -0.00603015
 0.000166368, -0.00603015
 0.000166372, -0.00603015
 0.000166376, -0.00603015
  0.00016638, -0.00603015
 0.000166384, -0.00603015
 0.000166388, -0.00603015
 0.000166392, -0.00603015
 0.000166396, -0.00603015
   0.0001664, -0.00603015
 0.000166404, -0.00603015
 0.000166408, -0.00603015
 0.000166412, -0.00603015
 0.000166416, -0.00603015
  0.00016642, -0.00603015
 0.000166424, -0.00603015
 0.000166428, -0.00628141
 0.000166432, -0.00628141
 0.000166436, -0.00628141
  0.00016644, -0.00603015
 0.000166444, -0.00603015
 0.000166448, -0.00603015
 0.000166452, -0.00577889
 0.000166456, -0.00603015
  0.00016646, -0.00603015
 0.000166464, -0.00603015
 0.000166468, -0.00628141
 0.000166472, -0.00603015
 0.000166476, -0.00603015
  0.00016648, -0.00603015
 0.000166484, -0.00603015
 0.000166488, -0.00603015
 0.000166492, -0.00603015
 0.000166496, -0.00603015
   0.0001665, -0.00628141
 0.000166504, -0.00603015
 0.000166508, -0.00603015
 0.000166512, -0.00603015
 0.000166516, -0.00603015
  0.00016652, -0.00603015
 0.000166524, -0.00603015
 0.000166528, -0.00628141
 0.000166532, -0.00628141
 0.000166536, -0.00628141
  0.00016654, -0.00628141
 0.000166544, -0.00628141
 0.000166548, -0.00628141
 0.000166552, -0.00603015
 0.000166556, -0.00603015
  0.00016656, -0.00628141
 0.000166564, -0.00628141
 0.000166568, -0.00603015
 0.000166572, -0.00628141
 0.000166576, -0.00628141
  0.00016658, -0.00653266
 0.000166584, -0.00628141
 0.000166588, -0.00628141
 0.000166592, -0.00628141
 0.000166596, -0.00628141
   0.0001666, -0.00628141
 0.000166604, -0.00603015
 0.000166608, -0.00603015
 0.000166612, -0.00603015
 0.000166616, -0.00628141
  0.00016662, -0.00628141
 0.000166624, -0.00628141
 0.000166628, -0.00628141
 0.000166632, -0.00628141
 0.000166636, -0.00628141
  0.00016664, -0.00653266
 0.000166644, -0.00653266
 0.000166648, -0.00653266
 0.000166652, -0.00628141
 0.000166656, -0.00628141
  0.00016666, -0.00653266
 0.000166664, -0.00678392
 0.000166668, -0.00653266
 0.000166672, -0.00653266
 0.000166676, -0.00653266
  0.00016668, -0.00653266
 0.000166684, -0.00653266
 0.000166688, -0.00653266
 0.000166692, -0.00653266
 0.000166696, -0.00653266
   0.0001667, -0.00678392
 0.000166704, -0.00678392
 0.000166708, -0.00678392
 0.000166712, -0.00653266
 0.000166716, -0.00678392
  0.00016672, -0.00678392
 0.000166724, -0.00653266
 0.000166728, -0.00678392
 0.000166732, -0.00678392
 0.000166736, -0.00678392
  0.00016674, -0.00678392
 0.000166744, -0.00678392
 0.000166748, -0.00678392
 0.000166752, -0.00703518
 0.000166756, -0.00678392
  0.00016676, -0.00678392
 0.000166764, -0.00678392
 0.000166768, -0.00703518
 0.000166772, -0.00703518
 0.000166776, -0.00703518
  0.00016678, -0.00703518
 0.000166784, -0.00703518
 0.000166788, -0.00703518
 0.000166792, -0.00703518
 0.000166796, -0.00728643
   0.0001668, -0.00703518
 0.000166804, -0.00703518
 0.000166808, -0.00703518
 0.000166812, -0.00703518
 0.000166816, -0.00728643
  0.00016682, -0.00728643
 0.000166824, -0.00728643
 0.000166828, -0.00728643
 0.000166832, -0.00728643
 0.000166836, -0.00728643
  0.00016684, -0.00728643
 0.000166844, -0.00753769
 0.000166848, -0.00753769
 0.000166852, -0.00753769
 0.000166856, -0.00753769
  0.00016686, -0.00753769
 0.000166864, -0.00778894
 0.000166868, -0.00778894
 0.000166872, -0.00753769
 0.000166876, -0.00753769
  0.00016688, -0.00778894
 0.000166884, -0.00778894
 0.000166888, -0.00778894
 0.000166892,  -0.0080402
 0.000166896,  -0.0080402
   0.0001669,  -0.0080402
 0.000166904,  -0.0080402
 0.000166908,  -0.0080402
 0.000166912,  -0.0080402
 0.000166916,  -0.0080402
  0.00016692,  -0.0080402
 0.000166924, -0.00829146
 0.000166928, -0.00829146
 0.000166932, -0.00829146
 0.000166936, -0.00854271
  0.00016694, -0.00854271
 0.000166944, -0.00829146
 0.000166948, -0.00829146
 0.000166952, -0.00854271
 0.000166956, -0.00879397
  0.00016696, -0.00854271
 0.000166964, -0.00829146
 0.000166968, -0.00879397
 0.000166972, -0.00854271
 0.000166976, -0.00854271
  0.00016698, -0.00854271
 0.000166984, -0.00854271
 0.000166988, -0.00854271
 0.000166992, -0.00879397
 0.000166996, -0.00904523
