       3E-05,    0.219347
  3.0004E-05,    0.218442
  3.0008E-05,    0.218894
  3.0012E-05,    0.218894
  3.0016E-05,    0.218442
   3.002E-05,    0.218442
  3.0024E-05,    0.218442
  3.0028E-05,    0.218442
  3.0032E-05,     0.21799
  3.0036E-05,     0.21799
   3.004E-05,     0.21799
  3.0044E-05,    0.217538
  3.0048E-05,    0.217538
  3.0052E-05,    0.217085
  3.0056E-05,    0.217085
   3.006E-05,    0.217085
  3.0064E-05,    0.216633
  3.0068E-05,    0.216633
  3.0072E-05,    0.216633
  3.0076E-05,    0.216633
   3.008E-05,    0.215729
  3.0084E-05,    0.216181
  3.0088E-05,    0.216181
  3.0092E-05,    0.216181
  3.0096E-05,    0.215729
    3.01E-05,    0.215276
  3.0104E-05,    0.215729
  3.0108E-05,    0.215276
  3.0112E-05,    0.215276
  3.0116E-05,    0.215276
   3.012E-05,    0.214824
  3.0124E-05,    0.214824
  3.0128E-05,    0.214824
  3.0132E-05,    0.214824
  3.0136E-05,    0.214372
   3.014E-05,    0.214372
  3.0144E-05,     0.21392
  3.0148E-05,     0.21392
  3.0152E-05,     0.21392
  3.0156E-05,    0.213467
   3.016E-05,    0.213467
  3.0164E-05,    0.212563
  3.0168E-05,    0.213015
  3.0172E-05,    0.212563
  3.0176E-05,    0.212111
   3.018E-05,    0.212111
  3.0184E-05,    0.212111
  3.0188E-05,    0.212111
  3.0192E-05,    0.211658
  3.0196E-05,    0.211206
    3.02E-05,    0.211658
  3.0204E-05,    0.211206
  3.0208E-05,    0.210754
  3.0212E-05,    0.210754
  3.0216E-05,    0.210754
   3.022E-05,    0.210302
  3.0224E-05,    0.210302
  3.0228E-05,    0.209397
  3.0232E-05,    0.209397
  3.0236E-05,    0.208945
   3.024E-05,    0.208945
  3.0244E-05,    0.208945
  3.0248E-05,     0.20804
  3.0252E-05,     0.20804
  3.0256E-05,     0.20804
   3.026E-05,    0.207588
  3.0264E-05,    0.207588
  3.0268E-05,    0.207136
  3.0272E-05,    0.206683
  3.0276E-05,    0.206683
   3.028E-05,    0.206231
  3.0284E-05,    0.206231
  3.0288E-05,    0.205779
  3.0292E-05,    0.205779
  3.0296E-05,    0.205327
    3.03E-05,    0.205779
  3.0304E-05,    0.204874
  3.0308E-05,    0.204874
  3.0312E-05,    0.204422
  3.0316E-05,    0.204422
   3.032E-05,    0.204422
  3.0324E-05,    0.203518
  3.0328E-05,     0.20397
  3.0332E-05,    0.203518
  3.0336E-05,    0.203065
   3.034E-05,    0.203518
  3.0344E-05,    0.203065
  3.0348E-05,    0.202613
  3.0352E-05,    0.202161
  3.0356E-05,    0.202161
   3.036E-05,    0.202161
  3.0364E-05,    0.201256
  3.0368E-05,    0.201256
  3.0372E-05,    0.201709
  3.0376E-05,    0.200804
   3.038E-05,    0.200352
  3.0384E-05,    0.201256
  3.0388E-05,    0.200804
  3.0392E-05,    0.200352
  3.0396E-05,    0.199899
    3.04E-05,    0.199899
  3.0404E-05,    0.199899
  3.0408E-05,    0.198995
  3.0412E-05,    0.199447
  3.0416E-05,    0.199447
   3.042E-05,    0.198995
  3.0424E-05,    0.198995
  3.0428E-05,    0.198543
  3.0432E-05,    0.198543
  3.0436E-05,     0.19809
   3.044E-05,    0.197638
  3.0444E-05,     0.19809
  3.0448E-05,     0.19809
  3.0452E-05,    0.197186
  3.0456E-05,    0.197186
   3.046E-05,    0.197186
  3.0464E-05,    0.197186
  3.0468E-05,    0.196734
  3.0472E-05,    0.196281
  3.0476E-05,    0.196281
   3.048E-05,    0.195829
  3.0484E-05,    0.195377
  3.0488E-05,    0.195829
  3.0492E-05,    0.195377
  3.0496E-05,    0.194925
    3.05E-05,    0.194925
  3.0504E-05,    0.194925
  3.0508E-05,    0.194925
  3.0512E-05,    0.194472
  3.0516E-05,     0.19402
   3.052E-05,     0.19402
  3.0524E-05,    0.193568
  3.0528E-05,    0.193568
  3.0532E-05,    0.193568
  3.0536E-05,    0.193116
   3.054E-05,    0.193116
  3.0544E-05,    0.193116
  3.0548E-05,    0.192663
  3.0552E-05,    0.193116
  3.0556E-05,    0.192663
   3.056E-05,    0.192211
  3.0564E-05,    0.192211
  3.0568E-05,    0.191759
  3.0572E-05,    0.191759
  3.0576E-05,    0.191307
   3.058E-05,    0.191307
  3.0584E-05,    0.191307
  3.0588E-05,    0.190402
  3.0592E-05,    0.190854
  3.0596E-05,    0.190854
    3.06E-05,    0.190402
  3.0604E-05,    0.190402
  3.0608E-05,     0.18995
  3.0612E-05,     0.18995
  3.0616E-05,     0.18995
   3.062E-05,    0.189045
  3.0624E-05,    0.189497
  3.0628E-05,    0.189497
  3.0632E-05,    0.188593
  3.0636E-05,    0.189045
   3.064E-05,    0.188593
  3.0644E-05,    0.188593
  3.0648E-05,    0.188141
  3.0652E-05,    0.187688
  3.0656E-05,    0.188593
   3.066E-05,    0.187688
  3.0664E-05,    0.187236
  3.0668E-05,    0.187236
  3.0672E-05,    0.187236
  3.0676E-05,    0.187236
   3.068E-05,    0.186784
  3.0684E-05,    0.186784
  3.0688E-05,    0.186332
  3.0692E-05,    0.186332
  3.0696E-05,    0.185879
    3.07E-05,    0.186332
  3.0704E-05,    0.185879
  3.0708E-05,    0.185427
  3.0712E-05,    0.185427
  3.0716E-05,    0.184975
   3.072E-05,    0.184975
  3.0724E-05,    0.184975
  3.0728E-05,    0.184975
  3.0732E-05,    0.184523
  3.0736E-05,     0.18407
   3.074E-05,    0.184523
  3.0744E-05,    0.184523
  3.0748E-05,     0.18407
  3.0752E-05,    0.183618
  3.0756E-05,    0.183618
   3.076E-05,    0.183618
  3.0764E-05,    0.183166
  3.0768E-05,    0.183166
  3.0772E-05,    0.183166
  3.0776E-05,    0.182714
   3.078E-05,    0.182714
  3.0784E-05,    0.182714
  3.0788E-05,    0.182714
  3.0792E-05,    0.182261
  3.0796E-05,    0.181809
    3.08E-05,    0.182261
  3.0804E-05,    0.182261
  3.0808E-05,    0.181357
  3.0812E-05,    0.181357
  3.0816E-05,    0.181809
   3.082E-05,    0.181357
  3.0824E-05,    0.180905
  3.0828E-05,    0.180905
  3.0832E-05,    0.181357
  3.0836E-05,    0.180905
   3.084E-05,    0.180452
  3.0844E-05,    0.180905
  3.0848E-05,    0.180452
  3.0852E-05,        0.18
  3.0856E-05,    0.179548
   3.086E-05,    0.179548
  3.0864E-05,    0.179548
  3.0868E-05,    0.179095
  3.0872E-05,    0.179095
  3.0876E-05,    0.179095
   3.088E-05,    0.179095
  3.0884E-05,    0.178191
  3.0888E-05,    0.178191
  3.0892E-05,    0.178191
  3.0896E-05,    0.178191
    3.09E-05,    0.177739
  3.0904E-05,    0.177286
  3.0908E-05,    0.177739
  3.0912E-05,    0.176834
  3.0916E-05,    0.177286
   3.092E-05,    0.176834
  3.0924E-05,    0.176382
  3.0928E-05,    0.176382
  3.0932E-05,     0.17593
  3.0936E-05,     0.17593
   3.094E-05,    0.175477
  3.0944E-05,    0.175477
  3.0948E-05,    0.175025
  3.0952E-05,    0.175025
  3.0956E-05,    0.175025
   3.096E-05,    0.174573
  3.0964E-05,    0.174121
  3.0968E-05,    0.173668
  3.0972E-05,    0.174121
  3.0976E-05,    0.173668
   3.098E-05,    0.173216
  3.0984E-05,    0.173216
  3.0988E-05,    0.172764
  3.0992E-05,    0.172764
  3.0996E-05,    0.172312
     3.1E-05,    0.172312
  3.1004E-05,    0.171859
  3.1008E-05,    0.171407
  3.1012E-05,    0.171407
  3.1016E-05,    0.171859
   3.102E-05,    0.170955
  3.1024E-05,    0.170503
  3.1028E-05,    0.170955
  3.1032E-05,     0.17005
  3.1036E-05,     0.17005
   3.104E-05,    0.169598
  3.1044E-05,    0.169598
  3.1048E-05,    0.169598
  3.1052E-05,    0.168693
  3.1056E-05,    0.169146
   3.106E-05,    0.168693
  3.1064E-05,    0.167789
  3.1068E-05,    0.168241
  3.1072E-05,    0.167789
  3.1076E-05,    0.167789
   3.108E-05,    0.167337
  3.1084E-05,    0.166884
  3.1088E-05,    0.167337
  3.1092E-05,    0.166432
  3.1096E-05,     0.16598
    3.11E-05,    0.166432
  3.1104E-05,    0.165528
  3.1108E-05,    0.165528
  3.1112E-05,    0.165075
  3.1116E-05,    0.165075
   3.112E-05,    0.165075
  3.1124E-05,    0.164623
  3.1128E-05,    0.164623
  3.1132E-05,    0.164171
  3.1136E-05,    0.163719
   3.114E-05,    0.163719
  3.1144E-05,    0.164171
  3.1148E-05,    0.163266
  3.1152E-05,    0.163266
  3.1156E-05,    0.162362
   3.116E-05,    0.162814
  3.1164E-05,    0.162362
  3.1168E-05,     0.16191
  3.1172E-05,     0.16191
  3.1176E-05,    0.161005
   3.118E-05,    0.161005
  3.1184E-05,    0.161005
  3.1188E-05,    0.161005
  3.1192E-05,    0.160553
  3.1196E-05,    0.160101
    3.12E-05,    0.159648
  3.1204E-05,    0.159648
  3.1208E-05,    0.159648
  3.1212E-05,    0.159196
  3.1216E-05,    0.158744
   3.122E-05,    0.158291
  3.1224E-05,    0.158744
  3.1228E-05,    0.158291
  3.1232E-05,    0.157839
  3.1236E-05,    0.157839
   3.124E-05,    0.157387
  3.1244E-05,    0.157387
  3.1248E-05,    0.157387
  3.1252E-05,    0.156935
  3.1256E-05,     0.15603
   3.126E-05,     0.15603
  3.1264E-05,     0.15603
  3.1268E-05,    0.155578
  3.1272E-05,    0.155126
  3.1276E-05,    0.155126
   3.128E-05,    0.155126
  3.1284E-05,    0.154221
  3.1288E-05,    0.153769
  3.1292E-05,    0.154221
  3.1296E-05,    0.153769
    3.13E-05,    0.153317
  3.1304E-05,    0.153317
  3.1308E-05,    0.152864
  3.1312E-05,    0.152864
  3.1316E-05,     0.15196
   3.132E-05,    0.152412
  3.1324E-05,    0.152412
  3.1328E-05,    0.151508
  3.1332E-05,    0.151508
  3.1336E-05,    0.151055
   3.134E-05,    0.151508
  3.1344E-05,    0.150603
  3.1348E-05,    0.149698
  3.1352E-05,    0.150603
  3.1356E-05,    0.150151
   3.136E-05,    0.149246
  3.1364E-05,    0.149246
  3.1368E-05,    0.149698
  3.1372E-05,    0.149246
  3.1376E-05,    0.148342
   3.138E-05,    0.148342
  3.1384E-05,    0.148794
  3.1388E-05,    0.147889
  3.1392E-05,    0.147437
  3.1396E-05,    0.147889
    3.14E-05,    0.147437
  3.1404E-05,    0.146985
  3.1408E-05,    0.146985
  3.1412E-05,    0.146985
  3.1416E-05,    0.146533
   3.142E-05,     0.14608
  3.1424E-05,     0.14608
  3.1428E-05,     0.14608
  3.1432E-05,    0.145628
  3.1436E-05,    0.145628
   3.144E-05,    0.145176
  3.1444E-05,    0.144724
  3.1448E-05,    0.144724
  3.1452E-05,    0.144724
  3.1456E-05,    0.143819
   3.146E-05,    0.144271
  3.1464E-05,    0.143819
  3.1468E-05,    0.143819
  3.1472E-05,    0.142915
  3.1476E-05,    0.142915
   3.148E-05,    0.142915
  3.1484E-05,    0.142462
  3.1488E-05,    0.142462
  3.1492E-05,     0.14201
  3.1496E-05,     0.14201
    3.15E-05,     0.14201
  3.1504E-05,    0.141558
  3.1508E-05,    0.141106
  3.1512E-05,    0.141106
  3.1516E-05,    0.141106
   3.152E-05,    0.140653
  3.1524E-05,    0.140653
  3.1528E-05,    0.140201
  3.1532E-05,    0.140201
  3.1536E-05,    0.140201
   3.154E-05,    0.139749
  3.1544E-05,    0.139749
  3.1548E-05,    0.138844
  3.1552E-05,    0.138844
  3.1556E-05,    0.138844
   3.156E-05,    0.138392
  3.1564E-05,     0.13794
  3.1568E-05,     0.13794
  3.1572E-05,     0.13794
  3.1576E-05,    0.137487
   3.158E-05,    0.137035
  3.1584E-05,    0.137487
  3.1588E-05,    0.137035
  3.1592E-05,    0.136583
  3.1596E-05,    0.136583
    3.16E-05,    0.136131
  3.1604E-05,    0.136131
  3.1608E-05,    0.136131
  3.1612E-05,    0.135678
  3.1616E-05,    0.135678
   3.162E-05,    0.134774
  3.1624E-05,    0.134774
  3.1628E-05,    0.134774
  3.1632E-05,    0.134774
  3.1636E-05,    0.134322
   3.164E-05,    0.133417
  3.1644E-05,    0.133869
  3.1648E-05,    0.133869
  3.1652E-05,    0.132965
  3.1656E-05,    0.132965
   3.166E-05,    0.132965
  3.1664E-05,    0.132513
  3.1668E-05,    0.132513
  3.1672E-05,     0.13206
  3.1676E-05,     0.13206
   3.168E-05,    0.131156
  3.1684E-05,    0.131156
  3.1688E-05,    0.131156
  3.1692E-05,    0.130704
  3.1696E-05,    0.130251
    3.17E-05,    0.130251
  3.1704E-05,    0.130251
  3.1708E-05,    0.129799
  3.1712E-05,    0.129799
  3.1716E-05,    0.129347
   3.172E-05,    0.129347
  3.1724E-05,    0.128894
  3.1728E-05,    0.128894
  3.1732E-05,    0.128894
  3.1736E-05,    0.128442
   3.174E-05,    0.128442
  3.1744E-05,     0.12799
  3.1748E-05,    0.127538
  3.1752E-05,    0.127538
  3.1756E-05,    0.127085
   3.176E-05,    0.126633
  3.1764E-05,    0.126633
  3.1768E-05,    0.126181
  3.1772E-05,    0.126181
  3.1776E-05,    0.126181
   3.178E-05,    0.125276
  3.1784E-05,    0.125729
  3.1788E-05,    0.124824
  3.1792E-05,    0.124824
  3.1796E-05,    0.124824
    3.18E-05,    0.124372
  3.1804E-05,    0.124372
  3.1808E-05,     0.12392
  3.1812E-05,     0.12392
  3.1816E-05,     0.12392
   3.182E-05,    0.123015
  3.1824E-05,    0.123015
  3.1828E-05,    0.123015
  3.1832E-05,    0.122563
  3.1836E-05,    0.122563
   3.184E-05,    0.122111
  3.1844E-05,    0.121658
  3.1848E-05,    0.121658
  3.1852E-05,    0.121206
  3.1856E-05,    0.121206
   3.186E-05,    0.120754
  3.1864E-05,    0.120302
  3.1868E-05,    0.120302
  3.1872E-05,    0.119397
  3.1876E-05,    0.118945
   3.188E-05,    0.119397
  3.1884E-05,    0.118945
  3.1888E-05,    0.118492
  3.1892E-05,     0.11804
  3.1896E-05,     0.11804
    3.19E-05,     0.11804
  3.1904E-05,    0.117136
  3.1908E-05,    0.117136
  3.1912E-05,    0.117136
  3.1916E-05,    0.116231
   3.192E-05,    0.116231
  3.1924E-05,    0.116231
  3.1928E-05,    0.115779
  3.1932E-05,    0.115327
  3.1936E-05,    0.115327
   3.194E-05,    0.114874
  3.1944E-05,    0.114874
  3.1948E-05,    0.114422
  3.1952E-05,     0.11397
  3.1956E-05,    0.113518
   3.196E-05,    0.113065
  3.1964E-05,    0.113518
  3.1968E-05,    0.112613
  3.1972E-05,    0.112161
  3.1976E-05,    0.112613
   3.198E-05,    0.111709
  3.1984E-05,    0.111256
  3.1988E-05,    0.111256
  3.1992E-05,    0.111256
  3.1996E-05,    0.110352
     3.2E-05,    0.110352
  3.2004E-05,    0.110352
  3.2008E-05,    0.109899
  3.2012E-05,    0.108995
  3.2016E-05,    0.109447
   3.202E-05,    0.109447
  3.2024E-05,    0.108543
  3.2028E-05,    0.108543
  3.2032E-05,     0.10809
  3.2036E-05,    0.107638
   3.204E-05,    0.107638
  3.2044E-05,    0.107186
  3.2048E-05,    0.107186
  3.2052E-05,    0.106281
  3.2056E-05,    0.106281
   3.206E-05,    0.106281
  3.2064E-05,    0.105377
  3.2068E-05,    0.105377
  3.2072E-05,    0.104925
  3.2076E-05,    0.104472
   3.208E-05,    0.104472
  3.2084E-05,     0.10402
  3.2088E-05,    0.103568
  3.2092E-05,    0.103568
  3.2096E-05,    0.103116
    3.21E-05,    0.102663
  3.2104E-05,    0.102663
  3.2108E-05,    0.102211
  3.2112E-05,    0.102211
  3.2116E-05,    0.101759
   3.212E-05,    0.101307
  3.2124E-05,    0.101307
  3.2128E-05,    0.100854
  3.2132E-05,    0.100402
  3.2136E-05,    0.100402
   3.214E-05,   0.0999497
  3.2144E-05,   0.0999497
  3.2148E-05,   0.0990452
  3.2152E-05,   0.0990452
  3.2156E-05,   0.0990452
   3.216E-05,    0.098593
  3.2164E-05,   0.0981407
  3.2168E-05,   0.0976884
  3.2172E-05,   0.0972362
  3.2176E-05,   0.0976884
   3.218E-05,   0.0972362
  3.2184E-05,   0.0963317
  3.2188E-05,   0.0963317
  3.2192E-05,   0.0958794
  3.2196E-05,   0.0958794
    3.22E-05,   0.0954271
  3.2204E-05,   0.0949749
  3.2208E-05,   0.0954271
  3.2212E-05,   0.0940704
  3.2216E-05,   0.0945226
   3.222E-05,   0.0945226
  3.2224E-05,   0.0936181
  3.2228E-05,   0.0936181
  3.2232E-05,   0.0931658
  3.2236E-05,   0.0931658
   3.224E-05,   0.0927136
  3.2244E-05,   0.0922613
  3.2248E-05,   0.0922613
  3.2252E-05,    0.091809
  3.2256E-05,   0.0913568
   3.226E-05,   0.0913568
  3.2264E-05,   0.0904523
  3.2268E-05,   0.0904523
  3.2272E-05,        0.09
  3.2276E-05,   0.0895477
   3.228E-05,   0.0895477
  3.2284E-05,   0.0890955
  3.2288E-05,   0.0886432
  3.2292E-05,   0.0886432
  3.2296E-05,    0.088191
    3.23E-05,    0.088191
  3.2304E-05,   0.0877387
  3.2308E-05,   0.0872864
  3.2312E-05,   0.0872864
  3.2316E-05,   0.0868342
   3.232E-05,   0.0863819
  3.2324E-05,   0.0863819
  3.2328E-05,   0.0859296
  3.2332E-05,   0.0859296
  3.2336E-05,   0.0850251
   3.234E-05,   0.0845729
  3.2344E-05,   0.0850251
  3.2348E-05,   0.0845729
  3.2352E-05,   0.0841206
  3.2356E-05,   0.0832161
   3.236E-05,   0.0832161
  3.2364E-05,   0.0832161
  3.2368E-05,   0.0832161
  3.2372E-05,   0.0823116
  3.2376E-05,   0.0818593
   3.238E-05,   0.0818593
  3.2384E-05,    0.081407
  3.2388E-05,    0.081407
  3.2392E-05,   0.0809548
  3.2396E-05,   0.0805025
    3.24E-05,   0.0805025
  3.2404E-05,   0.0800503
  3.2408E-05,   0.0800503
  3.2412E-05,    0.079598
  3.2416E-05,   0.0791457
   3.242E-05,   0.0791457
  3.2424E-05,   0.0786935
  3.2428E-05,   0.0782412
  3.2432E-05,   0.0777889
  3.2436E-05,   0.0773367
   3.244E-05,   0.0773367
  3.2444E-05,   0.0773367
  3.2448E-05,   0.0768844
  3.2452E-05,   0.0764322
  3.2456E-05,   0.0759799
   3.246E-05,   0.0764322
  3.2464E-05,   0.0755276
  3.2468E-05,   0.0750754
  3.2472E-05,   0.0755276
  3.2476E-05,   0.0746231
   3.248E-05,   0.0741709
  3.2484E-05,   0.0737186
  3.2488E-05,   0.0737186
  3.2492E-05,   0.0741709
  3.2496E-05,   0.0728141
    3.25E-05,   0.0728141
  3.2504E-05,   0.0728141
  3.2508E-05,   0.0723618
  3.2512E-05,   0.0723618
  3.2516E-05,   0.0719095
   3.252E-05,   0.0714573
  3.2524E-05,    0.071005
  3.2528E-05,   0.0705528
  3.2532E-05,    0.071005
  3.2536E-05,   0.0705528
   3.254E-05,    0.069196
  3.2544E-05,    0.069196
  3.2548E-05,    0.069196
  3.2552E-05,    0.069196
  3.2556E-05,   0.0687437
   3.256E-05,   0.0682915
  3.2564E-05,   0.0678392
  3.2568E-05,   0.0673869
  3.2572E-05,   0.0669347
  3.2576E-05,   0.0673869
   3.258E-05,   0.0664824
  3.2584E-05,   0.0660302
  3.2588E-05,   0.0660302
  3.2592E-05,   0.0660302
  3.2596E-05,   0.0655779
    3.26E-05,   0.0651256
  3.2604E-05,   0.0651256
  3.2608E-05,   0.0646734
  3.2612E-05,   0.0637688
  3.2616E-05,   0.0642211
   3.262E-05,   0.0642211
  3.2624E-05,   0.0633166
  3.2628E-05,   0.0628643
  3.2632E-05,   0.0624121
  3.2636E-05,   0.0624121
   3.264E-05,   0.0624121
  3.2644E-05,   0.0615075
  3.2648E-05,   0.0615075
  3.2652E-05,   0.0610553
  3.2656E-05,    0.060603
   3.266E-05,    0.060603
  3.2664E-05,   0.0601508
  3.2668E-05,   0.0596985
  3.2672E-05,   0.0592462
  3.2676E-05,    0.058794
   3.268E-05,    0.058794
  3.2684E-05,    0.058794
  3.2688E-05,   0.0578894
  3.2692E-05,   0.0578894
  3.2696E-05,   0.0574372
    3.27E-05,   0.0574372
  3.2704E-05,   0.0569849
  3.2708E-05,   0.0560804
  3.2712E-05,   0.0565327
  3.2716E-05,   0.0560804
   3.272E-05,   0.0551759
  3.2724E-05,   0.0556281
  3.2728E-05,   0.0547236
  3.2732E-05,   0.0542714
  3.2736E-05,   0.0542714
   3.274E-05,   0.0538191
  3.2744E-05,   0.0538191
  3.2748E-05,   0.0529146
  3.2752E-05,   0.0524623
  3.2756E-05,   0.0524623
   3.276E-05,   0.0515578
  3.2764E-05,   0.0515578
  3.2768E-05,   0.0515578
  3.2772E-05,   0.0506533
  3.2776E-05,   0.0506533
   3.278E-05,    0.050201
  3.2784E-05,   0.0497487
  3.2788E-05,   0.0497487
  3.2792E-05,   0.0492965
  3.2796E-05,   0.0488442
    3.28E-05,    0.048392
  3.2804E-05,   0.0479397
  3.2808E-05,    0.048392
  3.2812E-05,   0.0474874
  3.2816E-05,   0.0470352
   3.282E-05,   0.0470352
  3.2824E-05,   0.0465829
  3.2828E-05,   0.0461307
  3.2832E-05,   0.0461307
  3.2836E-05,   0.0452261
   3.284E-05,   0.0452261
  3.2844E-05,   0.0447739
  3.2848E-05,   0.0443216
  3.2852E-05,   0.0443216
  3.2856E-05,   0.0434171
   3.286E-05,   0.0434171
  3.2864E-05,   0.0429648
  3.2868E-05,   0.0425126
  3.2872E-05,   0.0425126
  3.2876E-05,   0.0420603
   3.288E-05,   0.0411558
  3.2884E-05,   0.0411558
  3.2888E-05,   0.0407035
  3.2892E-05,   0.0407035
  3.2896E-05,   0.0402513
    3.29E-05,    0.039799
  3.2904E-05,    0.039799
  3.2908E-05,   0.0393467
  3.2912E-05,   0.0388945
  3.2916E-05,   0.0384422
   3.292E-05,   0.0379899
  3.2924E-05,   0.0379899
  3.2928E-05,   0.0375377
  3.2932E-05,   0.0366332
  3.2936E-05,   0.0370854
   3.294E-05,   0.0361809
  3.2944E-05,   0.0357286
  3.2948E-05,   0.0357286
  3.2952E-05,   0.0352764
  3.2956E-05,   0.0348241
   3.296E-05,   0.0343719
  3.2964E-05,   0.0339196
  3.2968E-05,   0.0343719
  3.2972E-05,   0.0330151
  3.2976E-05,   0.0330151
   3.298E-05,   0.0330151
  3.2984E-05,   0.0325628
  3.2988E-05,   0.0316583
  3.2992E-05,    0.031206
  3.2996E-05,    0.031206
     3.3E-05,    0.031206
  3.3004E-05,   0.0303015
  3.3008E-05,   0.0298492
  3.3012E-05,   0.0298492
  3.3016E-05,    0.029397
   3.302E-05,   0.0289447
  3.3024E-05,   0.0289447
  3.3028E-05,   0.0280402
  3.3032E-05,   0.0280402
  3.3036E-05,   0.0271357
   3.304E-05,   0.0275879
  3.3044E-05,   0.0271357
  3.3048E-05,   0.0262312
  3.3052E-05,   0.0257789
  3.3056E-05,   0.0257789
   3.306E-05,   0.0253266
  3.3064E-05,   0.0248744
  3.3068E-05,   0.0248744
  3.3072E-05,   0.0239698
  3.3076E-05,   0.0235176
   3.308E-05,   0.0235176
  3.3084E-05,   0.0235176
  3.3088E-05,   0.0226131
  3.3092E-05,   0.0221608
  3.3096E-05,   0.0221608
    3.31E-05,   0.0217085
  3.3104E-05,   0.0212563
  3.3108E-05,   0.0212563
  3.3112E-05,    0.020804
  3.3116E-05,   0.0203518
   3.312E-05,   0.0198995
  3.3124E-05,   0.0198995
  3.3128E-05,   0.0198995
  3.3132E-05,   0.0185427
  3.3136E-05,    0.018995
   3.314E-05,   0.0180905
  3.3144E-05,   0.0180905
  3.3148E-05,   0.0176382
  3.3152E-05,   0.0167337
  3.3156E-05,   0.0167337
   3.316E-05,   0.0162814
  3.3164E-05,   0.0158291
  3.3168E-05,   0.0158291
  3.3172E-05,   0.0149246
  3.3176E-05,   0.0144724
   3.318E-05,   0.0144724
  3.3184E-05,   0.0140201
  3.3188E-05,   0.0140201
  3.3192E-05,   0.0135678
  3.3196E-05,   0.0131156
    3.32E-05,   0.0131156
  3.3204E-05,   0.0122111
  3.3208E-05,   0.0126633
  3.3212E-05,   0.0117588
  3.3216E-05,   0.0113065
   3.322E-05,   0.0113065
  3.3224E-05,    0.010402
  3.3228E-05,    0.010402
  3.3232E-05,  0.00994975
  3.3236E-05,  0.00949749
   3.324E-05,  0.00904523
  3.3244E-05,  0.00904523
  3.3248E-05,  0.00859297
  3.3252E-05,   0.0081407
  3.3256E-05,  0.00768844
   3.326E-05,  0.00723618
  3.3264E-05,  0.00678392
  3.3268E-05,  0.00678392
  3.3272E-05,  0.00678392
  3.3276E-05,   0.0058794
   3.328E-05,  0.00542714
  3.3284E-05,   0.0058794
  3.3288E-05,  0.00452261
  3.3292E-05,  0.00452261
  3.3296E-05,  0.00452261
    3.33E-05,  0.00407035
  3.3304E-05,  0.00361809
  3.3308E-05,  0.00316583
  3.3312E-05,  0.00316583
  3.3316E-05,  0.00316583
   3.332E-05,  0.00180905
  3.3324E-05,  0.00180905
  3.3328E-05,  0.00180905
  3.3332E-05, 0.000904523
  3.3336E-05, 0.000904523
   3.334E-05, 0.000452261
  3.3344E-05, 0.000452261
  3.3348E-05,           0
  3.3352E-05,-0.000904523
  3.3356E-05,-0.000904523
   3.336E-05,-0.000904523
  3.3364E-05, -0.00180905
  3.3368E-05, -0.00180905
  3.3372E-05, -0.00271357
  3.3376E-05, -0.00271357
   3.338E-05, -0.00271357
  3.3384E-05, -0.00361809
  3.3388E-05, -0.00361809
  3.3392E-05, -0.00407035
  3.3396E-05, -0.00452261
    3.34E-05, -0.00452261
  3.3404E-05, -0.00542714
  3.3408E-05, -0.00542714
  3.3412E-05, -0.00542714
  3.3416E-05, -0.00633166
   3.342E-05, -0.00633166
  3.3424E-05, -0.00678392
  3.3428E-05, -0.00723618
  3.3432E-05, -0.00723618
  3.3436E-05,  -0.0081407
   3.344E-05,  -0.0081407
  3.3444E-05,  -0.0081407
  3.3448E-05, -0.00904523
  3.3452E-05, -0.00904523
  3.3456E-05, -0.00949749
   3.346E-05, -0.00994975
  3.3464E-05,   -0.010402
  3.3468E-05,  -0.0108543
  3.3472E-05,  -0.0108543
  3.3476E-05,  -0.0113065
   3.348E-05,  -0.0122111
  3.3484E-05,  -0.0117588
  3.3488E-05,  -0.0122111
  3.3492E-05,  -0.0126633
  3.3496E-05,  -0.0131156
    3.35E-05,  -0.0131156
  3.3504E-05,  -0.0135678
  3.3508E-05,  -0.0140201
  3.3512E-05,  -0.0144724
  3.3516E-05,  -0.0140201
   3.352E-05,  -0.0149246
  3.3524E-05,  -0.0153769
  3.3528E-05,  -0.0149246
  3.3532E-05,  -0.0158291
  3.3536E-05,  -0.0162814
   3.354E-05,  -0.0167337
  3.3544E-05,  -0.0167337
  3.3548E-05,  -0.0171859
  3.3552E-05,  -0.0180905
  3.3556E-05,  -0.0185427
   3.356E-05,   -0.018995
  3.3564E-05,  -0.0198995
  3.3568E-05,  -0.0194472
  3.3572E-05,  -0.0198995
  3.3576E-05,   -0.020804
   3.358E-05,   -0.020804
  3.3584E-05,  -0.0212563
  3.3588E-05,  -0.0212563
  3.3592E-05,  -0.0217085
  3.3596E-05,  -0.0226131
    3.36E-05,  -0.0217085
  3.3604E-05,  -0.0226131
  3.3608E-05,  -0.0230653
  3.3612E-05,  -0.0230653
  3.3616E-05,  -0.0239698
   3.362E-05,  -0.0239698
  3.3624E-05,  -0.0239698
  3.3628E-05,  -0.0244221
  3.3632E-05,  -0.0244221
  3.3636E-05,  -0.0253266
   3.364E-05,  -0.0253266
  3.3644E-05,  -0.0253266
  3.3648E-05,  -0.0266834
  3.3652E-05,  -0.0266834
  3.3656E-05,  -0.0271357
   3.366E-05,  -0.0275879
  3.3664E-05,  -0.0275879
  3.3668E-05,  -0.0284925
  3.3672E-05,  -0.0289447
  3.3676E-05,  -0.0289447
   3.368E-05,   -0.029397
  3.3684E-05,  -0.0298492
  3.3688E-05,  -0.0307538
  3.3692E-05,  -0.0307538
  3.3696E-05,  -0.0307538
    3.37E-05,  -0.0316583
  3.3704E-05,  -0.0321106
  3.3708E-05,  -0.0316583
  3.3712E-05,  -0.0325628
  3.3716E-05,  -0.0321106
   3.372E-05,  -0.0330151
  3.3724E-05,  -0.0334673
  3.3728E-05,  -0.0334673
  3.3732E-05,  -0.0343719
  3.3736E-05,  -0.0343719
   3.374E-05,  -0.0348241
  3.3744E-05,  -0.0352764
  3.3748E-05,  -0.0357286
  3.3752E-05,  -0.0361809
  3.3756E-05,  -0.0366332
   3.376E-05,  -0.0366332
  3.3764E-05,  -0.0375377
  3.3768E-05,  -0.0379899
  3.3772E-05,  -0.0379899
  3.3776E-05,  -0.0384422
   3.378E-05,  -0.0384422
  3.3784E-05,  -0.0393467
  3.3788E-05,   -0.039799
  3.3792E-05,  -0.0393467
  3.3796E-05,  -0.0402513
    3.38E-05,  -0.0407035
  3.3804E-05,  -0.0407035
  3.3808E-05,  -0.0411558
  3.3812E-05,   -0.041608
  3.3816E-05,  -0.0420603
   3.382E-05,  -0.0420603
  3.3824E-05,  -0.0420603
  3.3828E-05,  -0.0434171
  3.3832E-05,  -0.0434171
  3.3836E-05,  -0.0434171
   3.384E-05,  -0.0443216
  3.3844E-05,  -0.0443216
  3.3848E-05,  -0.0447739
  3.3852E-05,  -0.0452261
  3.3856E-05,  -0.0456784
   3.386E-05,  -0.0461307
  3.3864E-05,  -0.0456784
  3.3868E-05,  -0.0465829
  3.3872E-05,  -0.0474874
  3.3876E-05,  -0.0474874
   3.388E-05,  -0.0474874
  3.3884E-05,  -0.0479397
  3.3888E-05,  -0.0488442
  3.3892E-05,  -0.0488442
  3.3896E-05,  -0.0488442
    3.39E-05,  -0.0497487
  3.3904E-05,  -0.0497487
  3.3908E-05,  -0.0497487
  3.3912E-05,  -0.0511055
  3.3916E-05,  -0.0506533
   3.392E-05,  -0.0511055
  3.3924E-05,  -0.0515578
  3.3928E-05,    -0.05201
  3.3932E-05,  -0.0524623
  3.3936E-05,  -0.0524623
   3.394E-05,  -0.0529146
  3.3944E-05,  -0.0538191
  3.3948E-05,  -0.0533668
  3.3952E-05,  -0.0538191
  3.3956E-05,  -0.0547236
   3.396E-05,  -0.0547236
  3.3964E-05,  -0.0551759
  3.3968E-05,  -0.0551759
  3.3972E-05,  -0.0556281
  3.3976E-05,  -0.0565327
   3.398E-05,  -0.0565327
  3.3984E-05,  -0.0569849
  3.3988E-05,  -0.0574372
  3.3992E-05,  -0.0569849
  3.3996E-05,  -0.0578894
     3.4E-05,  -0.0583417
  3.4004E-05,  -0.0583417
  3.4008E-05,   -0.058794
  3.4012E-05,  -0.0583417
  3.4016E-05,  -0.0592462
   3.402E-05,  -0.0601508
  3.4024E-05,  -0.0601508
  3.4028E-05,   -0.060603
  3.4032E-05,   -0.060603
  3.4036E-05,  -0.0615075
   3.404E-05,  -0.0619598
  3.4044E-05,  -0.0615075
  3.4048E-05,  -0.0624121
  3.4052E-05,  -0.0628643
  3.4056E-05,  -0.0628643
   3.406E-05,  -0.0628643
  3.4064E-05,  -0.0637688
  3.4068E-05,  -0.0637688
  3.4072E-05,  -0.0637688
  3.4076E-05,  -0.0637688
   3.408E-05,  -0.0646734
  3.4084E-05,  -0.0646734
  3.4088E-05,  -0.0651256
  3.4092E-05,  -0.0655779
  3.4096E-05,  -0.0660302
    3.41E-05,  -0.0660302
  3.4104E-05,  -0.0664824
  3.4108E-05,  -0.0664824
  3.4112E-05,  -0.0673869
  3.4116E-05,  -0.0673869
   3.412E-05,  -0.0673869
  3.4124E-05,  -0.0682915
  3.4128E-05,  -0.0682915
  3.4132E-05,  -0.0687437
  3.4136E-05,  -0.0687437
   3.414E-05,   -0.069196
  3.4144E-05,  -0.0701005
  3.4148E-05,  -0.0696482
  3.4152E-05,  -0.0701005
  3.4156E-05,   -0.071005
   3.416E-05,  -0.0705528
  3.4164E-05,  -0.0714573
  3.4168E-05,  -0.0719095
  3.4172E-05,  -0.0719095
  3.4176E-05,  -0.0723618
   3.418E-05,  -0.0723618
  3.4184E-05,  -0.0732663
  3.4188E-05,  -0.0732663
  3.4192E-05,  -0.0728141
  3.4196E-05,  -0.0737186
    3.42E-05,  -0.0737186
  3.4204E-05,  -0.0741709
  3.4208E-05,  -0.0746231
  3.4212E-05,  -0.0741709
  3.4216E-05,  -0.0750754
   3.422E-05,  -0.0755276
  3.4224E-05,  -0.0755276
  3.4228E-05,  -0.0759799
  3.4232E-05,  -0.0764322
  3.4236E-05,  -0.0764322
   3.424E-05,  -0.0773367
  3.4244E-05,  -0.0768844
  3.4248E-05,  -0.0777889
  3.4252E-05,  -0.0782412
  3.4256E-05,  -0.0782412
   3.426E-05,  -0.0786935
  3.4264E-05,  -0.0782412
  3.4268E-05,  -0.0791457
  3.4272E-05,  -0.0800503
  3.4276E-05,  -0.0791457
   3.428E-05,  -0.0800503
  3.4284E-05,  -0.0805025
  3.4288E-05,  -0.0805025
  3.4292E-05,  -0.0809548
  3.4296E-05,  -0.0809548
    3.43E-05,   -0.081407
  3.4304E-05,  -0.0818593
  3.4308E-05,   -0.081407
  3.4312E-05,  -0.0823116
  3.4316E-05,  -0.0823116
   3.432E-05,  -0.0827638
  3.4324E-05,  -0.0832161
  3.4328E-05,  -0.0832161
  3.4332E-05,  -0.0841206
  3.4336E-05,  -0.0845729
   3.434E-05,  -0.0841206
  3.4344E-05,  -0.0850251
  3.4348E-05,  -0.0850251
  3.4352E-05,  -0.0850251
  3.4356E-05,  -0.0859296
   3.436E-05,  -0.0859296
  3.4364E-05,  -0.0863819
  3.4368E-05,  -0.0863819
  3.4372E-05,  -0.0863819
  3.4376E-05,  -0.0872864
   3.438E-05,  -0.0872864
  3.4384E-05,  -0.0872864
  3.4388E-05,   -0.088191
  3.4392E-05,  -0.0877387
  3.4396E-05,  -0.0886432
    3.44E-05,  -0.0890955
  3.4404E-05,  -0.0886432
  3.4408E-05,  -0.0895477
  3.4412E-05,  -0.0895477
  3.4416E-05,       -0.09
   3.442E-05,       -0.09
  3.4424E-05,  -0.0904523
  3.4428E-05,  -0.0909045
  3.4432E-05,  -0.0909045
  3.4436E-05,  -0.0909045
   3.444E-05,   -0.091809
  3.4444E-05,   -0.091809
  3.4448E-05,  -0.0922613
  3.4452E-05,  -0.0927136
  3.4456E-05,  -0.0927136
   3.446E-05,  -0.0931658
  3.4464E-05,  -0.0936181
  3.4468E-05,  -0.0936181
  3.4472E-05,  -0.0940704
  3.4476E-05,  -0.0940704
   3.448E-05,  -0.0945226
  3.4484E-05,  -0.0949749
  3.4488E-05,  -0.0945226
  3.4492E-05,  -0.0954271
  3.4496E-05,  -0.0958794
    3.45E-05,  -0.0954271
  3.4504E-05,  -0.0963317
  3.4508E-05,  -0.0963317
  3.4512E-05,  -0.0967839
  3.4516E-05,  -0.0967839
   3.452E-05,  -0.0963317
  3.4524E-05,  -0.0981407
  3.4528E-05,  -0.0976884
  3.4532E-05,  -0.0976884
  3.4536E-05,   -0.098593
   3.454E-05,  -0.0981407
  3.4544E-05,  -0.0990452
  3.4548E-05,  -0.0990452
  3.4552E-05,  -0.0990452
  3.4556E-05,   -0.100402
   3.456E-05,  -0.0999497
  3.4564E-05,   -0.100402
  3.4568E-05,   -0.101307
  3.4572E-05,   -0.100854
  3.4576E-05,   -0.101307
   3.458E-05,   -0.101307
  3.4584E-05,   -0.101759
  3.4588E-05,   -0.102663
  3.4592E-05,   -0.101759
  3.4596E-05,   -0.102663
    3.46E-05,   -0.103116
  3.4604E-05,   -0.102663
  3.4608E-05,   -0.103116
  3.4612E-05,   -0.103568
  3.4616E-05,   -0.103568
   3.462E-05,    -0.10402
  3.4624E-05,    -0.10402
  3.4628E-05,   -0.104472
  3.4632E-05,   -0.104925
  3.4636E-05,   -0.104472
   3.464E-05,   -0.105377
  3.4644E-05,   -0.105377
  3.4648E-05,   -0.105377
  3.4652E-05,   -0.106281
  3.4656E-05,   -0.106281
   3.466E-05,   -0.106281
  3.4664E-05,   -0.106734
  3.4668E-05,   -0.106734
  3.4672E-05,   -0.107638
  3.4676E-05,   -0.107186
   3.468E-05,   -0.107638
  3.4684E-05,    -0.10809
  3.4688E-05,    -0.10809
  3.4692E-05,   -0.108543
  3.4696E-05,   -0.108995
    3.47E-05,   -0.108995
  3.4704E-05,   -0.109447
  3.4708E-05,   -0.108995
  3.4712E-05,   -0.109899
  3.4716E-05,   -0.110352
   3.472E-05,   -0.109899
  3.4724E-05,   -0.110352
  3.4728E-05,   -0.110804
  3.4732E-05,   -0.110804
  3.4736E-05,   -0.111256
   3.474E-05,   -0.111709
  3.4744E-05,   -0.111709
  3.4748E-05,   -0.112161
  3.4752E-05,   -0.112161
  3.4756E-05,   -0.113065
   3.476E-05,   -0.113065
  3.4764E-05,   -0.113065
  3.4768E-05,   -0.113518
  3.4772E-05,   -0.113065
  3.4776E-05,    -0.11397
   3.478E-05,   -0.114422
  3.4784E-05,   -0.113518
  3.4788E-05,   -0.114422
  3.4792E-05,   -0.114422
  3.4796E-05,   -0.114874
    3.48E-05,   -0.114874
  3.4804E-05,   -0.114874
  3.4808E-05,   -0.115779
  3.4812E-05,   -0.115779
  3.4816E-05,   -0.115327
   3.482E-05,   -0.116683
  3.4824E-05,   -0.116231
  3.4828E-05,   -0.116231
  3.4832E-05,   -0.117136
  3.4836E-05,   -0.117136
   3.484E-05,   -0.117588
  3.4844E-05,   -0.117136
  3.4848E-05,   -0.117588
  3.4852E-05,   -0.118492
  3.4856E-05,    -0.11804
   3.486E-05,    -0.11804
  3.4864E-05,   -0.118945
  3.4868E-05,   -0.118945
  3.4872E-05,   -0.118945
  3.4876E-05,   -0.118945
   3.488E-05,   -0.119397
  3.4884E-05,   -0.119849
  3.4888E-05,   -0.119849
  3.4892E-05,   -0.120302
  3.4896E-05,   -0.120302
    3.49E-05,   -0.120302
  3.4904E-05,   -0.121206
  3.4908E-05,   -0.120754
  3.4912E-05,   -0.120754
  3.4916E-05,   -0.121658
   3.492E-05,   -0.121206
  3.4924E-05,   -0.122111
  3.4928E-05,   -0.122111
  3.4932E-05,   -0.122111
  3.4936E-05,   -0.122563
   3.494E-05,   -0.122111
  3.4944E-05,   -0.123015
  3.4948E-05,   -0.123467
  3.4952E-05,   -0.122563
  3.4956E-05,   -0.123467
   3.496E-05,   -0.123467
  3.4964E-05,   -0.123467
  3.4968E-05,   -0.124372
  3.4972E-05,   -0.124372
  3.4976E-05,   -0.124372
   3.498E-05,   -0.124372
  3.4984E-05,   -0.124372
  3.4988E-05,   -0.125729
  3.4992E-05,   -0.124824
  3.4996E-05,   -0.124824
     3.5E-05,   -0.125729
  3.5004E-05,   -0.125276
  3.5008E-05,   -0.125729
  3.5012E-05,   -0.125729
  3.5016E-05,   -0.125729
   3.502E-05,   -0.126633
  3.5024E-05,   -0.126181
  3.5028E-05,   -0.127085
  3.5032E-05,   -0.127085
  3.5036E-05,   -0.126633
   3.504E-05,   -0.127538
  3.5044E-05,   -0.127538
  3.5048E-05,   -0.127538
  3.5052E-05,    -0.12799
  3.5056E-05,    -0.12799
   3.506E-05,    -0.12799
  3.5064E-05,   -0.128442
  3.5068E-05,   -0.128442
  3.5072E-05,   -0.128894
  3.5076E-05,   -0.128894
   3.508E-05,   -0.128442
  3.5084E-05,   -0.129799
  3.5088E-05,   -0.129347
  3.5092E-05,   -0.129347
  3.5096E-05,   -0.129799
    3.51E-05,   -0.129347
  3.5104E-05,   -0.130251
  3.5108E-05,   -0.129799
  3.5112E-05,   -0.129799
  3.5116E-05,   -0.130251
   3.512E-05,   -0.130251
  3.5124E-05,   -0.130704
  3.5128E-05,   -0.130704
  3.5132E-05,   -0.130704
  3.5136E-05,   -0.131608
   3.514E-05,   -0.131608
  3.5144E-05,   -0.131156
  3.5148E-05,    -0.13206
  3.5152E-05,   -0.131608
  3.5156E-05,    -0.13206
   3.516E-05,   -0.132513
  3.5164E-05,    -0.13206
  3.5168E-05,   -0.132513
  3.5172E-05,   -0.132513
  3.5176E-05,   -0.132513
   3.518E-05,   -0.133417
  3.5184E-05,   -0.132513
  3.5188E-05,   -0.133417
  3.5192E-05,   -0.133417
  3.5196E-05,   -0.132965
    3.52E-05,   -0.133869
  3.5204E-05,   -0.133869
  3.5208E-05,   -0.133869
  3.5212E-05,   -0.133869
  3.5216E-05,   -0.133417
   3.522E-05,   -0.134774
  3.5224E-05,   -0.134774
  3.5228E-05,   -0.134322
  3.5232E-05,   -0.135226
  3.5236E-05,   -0.134774
   3.524E-05,   -0.135226
  3.5244E-05,   -0.135678
  3.5248E-05,   -0.135226
  3.5252E-05,   -0.135678
  3.5256E-05,   -0.135226
   3.526E-05,   -0.135678
  3.5264E-05,   -0.137035
  3.5268E-05,   -0.135678
  3.5272E-05,   -0.136131
  3.5276E-05,   -0.136583
   3.528E-05,   -0.136583
  3.5284E-05,   -0.137035
  3.5288E-05,   -0.136583
  3.5292E-05,   -0.136583
  3.5296E-05,   -0.137035
    3.53E-05,   -0.137035
  3.5304E-05,   -0.137487
  3.5308E-05,   -0.137487
  3.5312E-05,   -0.137035
  3.5316E-05,    -0.13794
   3.532E-05,    -0.13794
  3.5324E-05,    -0.13794
  3.5328E-05,   -0.138392
  3.5332E-05,    -0.13794
  3.5336E-05,   -0.138392
   3.534E-05,   -0.138392
  3.5344E-05,   -0.138392
  3.5348E-05,   -0.139296
  3.5352E-05,   -0.138392
  3.5356E-05,   -0.138844
   3.536E-05,   -0.139296
  3.5364E-05,   -0.138844
  3.5368E-05,   -0.139296
  3.5372E-05,   -0.139749
  3.5376E-05,   -0.139749
   3.538E-05,   -0.139749
  3.5384E-05,   -0.139296
  3.5388E-05,   -0.140201
  3.5392E-05,   -0.140653
  3.5396E-05,   -0.139749
    3.54E-05,   -0.140653
  3.5404E-05,   -0.140653
  3.5408E-05,   -0.140201
  3.5412E-05,   -0.141106
  3.5416E-05,   -0.140653
   3.542E-05,   -0.141106
  3.5424E-05,   -0.141106
  3.5428E-05,   -0.141106
  3.5432E-05,    -0.14201
  3.5436E-05,   -0.141558
   3.544E-05,   -0.141558
  3.5444E-05,    -0.14201
  3.5448E-05,    -0.14201
  3.5452E-05,   -0.142462
  3.5456E-05,   -0.142915
   3.546E-05,   -0.142462
  3.5464E-05,   -0.142462
  3.5468E-05,   -0.142462
  3.5472E-05,   -0.142915
  3.5476E-05,   -0.142915
   3.548E-05,   -0.142462
  3.5484E-05,   -0.142915
  3.5488E-05,   -0.143367
  3.5492E-05,   -0.142915
  3.5496E-05,   -0.143367
    3.55E-05,   -0.143367
  3.5504E-05,   -0.143367
  3.5508E-05,   -0.143819
  3.5512E-05,   -0.143367
  3.5516E-05,   -0.144271
   3.552E-05,   -0.144271
  3.5524E-05,   -0.143819
  3.5528E-05,   -0.144724
  3.5532E-05,   -0.144271
  3.5536E-05,   -0.144724
   3.554E-05,   -0.144724
  3.5544E-05,   -0.144724
  3.5548E-05,   -0.145176
  3.5552E-05,   -0.144724
  3.5556E-05,   -0.144724
   3.556E-05,   -0.145628
  3.5564E-05,   -0.145176
  3.5568E-05,   -0.145176
  3.5572E-05,   -0.145628
  3.5576E-05,   -0.145628
   3.558E-05,    -0.14608
  3.5584E-05,   -0.145628
  3.5588E-05,   -0.145628
  3.5592E-05,    -0.14608
  3.5596E-05,   -0.145628
    3.56E-05,   -0.146533
  3.5604E-05,    -0.14608
  3.5608E-05,   -0.145628
  3.5612E-05,   -0.146533
  3.5616E-05,   -0.146533
   3.562E-05,   -0.146533
  3.5624E-05,   -0.146533
  3.5628E-05,   -0.146533
  3.5632E-05,   -0.146985
  3.5636E-05,   -0.146985
   3.564E-05,   -0.146985
  3.5644E-05,   -0.147437
  3.5648E-05,   -0.146985
  3.5652E-05,   -0.147437
  3.5656E-05,   -0.147889
   3.566E-05,   -0.146985
  3.5664E-05,   -0.147889
  3.5668E-05,   -0.147437
  3.5672E-05,   -0.147437
  3.5676E-05,   -0.147889
   3.568E-05,   -0.147437
  3.5684E-05,   -0.148342
  3.5688E-05,   -0.147889
  3.5692E-05,   -0.147889
  3.5696E-05,   -0.148342
    3.57E-05,   -0.147889
  3.5704E-05,   -0.147889
  3.5708E-05,   -0.148794
  3.5712E-05,   -0.148342
  3.5716E-05,   -0.148342
   3.572E-05,   -0.148342
  3.5724E-05,   -0.148342
  3.5728E-05,   -0.149246
  3.5732E-05,   -0.148342
  3.5736E-05,   -0.148794
   3.574E-05,   -0.149246
  3.5744E-05,   -0.148794
  3.5748E-05,   -0.149246
  3.5752E-05,   -0.149246
  3.5756E-05,   -0.149246
   3.576E-05,   -0.149698
  3.5764E-05,   -0.149246
  3.5768E-05,   -0.149698
  3.5772E-05,   -0.150151
  3.5776E-05,   -0.149246
   3.578E-05,   -0.149698
  3.5784E-05,   -0.149698
  3.5788E-05,   -0.149698
  3.5792E-05,   -0.149698
  3.5796E-05,   -0.149698
    3.58E-05,   -0.149698
  3.5804E-05,   -0.150151
  3.5808E-05,   -0.149246
  3.5812E-05,   -0.150151
  3.5816E-05,   -0.150151
   3.582E-05,   -0.150151
  3.5824E-05,   -0.150151
  3.5828E-05,   -0.149698
  3.5832E-05,   -0.150603
  3.5836E-05,   -0.150603
   3.584E-05,   -0.150151
  3.5844E-05,   -0.150603
  3.5848E-05,   -0.150603
  3.5852E-05,   -0.150603
  3.5856E-05,   -0.151055
   3.586E-05,   -0.150603
  3.5864E-05,   -0.150603
  3.5868E-05,   -0.150603
  3.5872E-05,   -0.150603
  3.5876E-05,   -0.151508
   3.588E-05,   -0.151055
  3.5884E-05,   -0.150603
  3.5888E-05,   -0.151508
  3.5892E-05,   -0.150603
  3.5896E-05,   -0.151508
    3.59E-05,   -0.151055
  3.5904E-05,   -0.150603
  3.5908E-05,   -0.151508
  3.5912E-05,   -0.150603
  3.5916E-05,   -0.151508
   3.592E-05,   -0.151508
  3.5924E-05,   -0.150603
  3.5928E-05,   -0.151508
  3.5932E-05,   -0.151055
  3.5936E-05,   -0.151508
   3.594E-05,    -0.15196
  3.5944E-05,   -0.151055
  3.5948E-05,   -0.151508
  3.5952E-05,   -0.151508
  3.5956E-05,   -0.151055
   3.596E-05,    -0.15196
  3.5964E-05,   -0.151508
  3.5968E-05,   -0.151055
  3.5972E-05,    -0.15196
  3.5976E-05,   -0.151508
   3.598E-05,    -0.15196
  3.5984E-05,   -0.151508
  3.5988E-05,   -0.151508
  3.5992E-05,    -0.15196
  3.5996E-05,   -0.151508
     3.6E-05,    -0.15196
  3.6004E-05,    -0.15196
  3.6008E-05,   -0.151055
  3.6012E-05,    -0.15196
  3.6016E-05,    -0.15196
   3.602E-05,    -0.15196
  3.6024E-05,   -0.152412
  3.6028E-05,   -0.151508
  3.6032E-05,    -0.15196
  3.6036E-05,   -0.152412
   3.604E-05,    -0.15196
  3.6044E-05,   -0.152412
  3.6048E-05,   -0.152412
  3.6052E-05,    -0.15196
  3.6056E-05,   -0.152412
   3.606E-05,    -0.15196
  3.6064E-05,   -0.152412
  3.6068E-05,   -0.152412
  3.6072E-05,    -0.15196
  3.6076E-05,   -0.152864
   3.608E-05,    -0.15196
  3.6084E-05,    -0.15196
  3.6088E-05,   -0.153317
  3.6092E-05,    -0.15196
  3.6096E-05,   -0.152412
    3.61E-05,    -0.15196
  3.6104E-05,   -0.152412
  3.6108E-05,   -0.152864
  3.6112E-05,    -0.15196
  3.6116E-05,   -0.152412
   3.612E-05,   -0.152864
  3.6124E-05,   -0.152412
  3.6128E-05,   -0.152412
  3.6132E-05,   -0.152864
  3.6136E-05,    -0.15196
   3.614E-05,   -0.152864
  3.6144E-05,   -0.152412
  3.6148E-05,   -0.152864
  3.6152E-05,   -0.152864
  3.6156E-05,   -0.152412
   3.616E-05,   -0.152864
  3.6164E-05,   -0.152412
  3.6168E-05,   -0.152412
  3.6172E-05,   -0.153317
  3.6176E-05,   -0.152412
   3.618E-05,   -0.152412
  3.6184E-05,   -0.152864
  3.6188E-05,   -0.152864
  3.6192E-05,   -0.152864
  3.6196E-05,   -0.152864
    3.62E-05,   -0.152864
  3.6204E-05,   -0.153317
  3.6208E-05,   -0.152412
  3.6212E-05,   -0.152864
  3.6216E-05,   -0.153317
   3.622E-05,   -0.152412
  3.6224E-05,   -0.152864
  3.6228E-05,   -0.152864
  3.6232E-05,   -0.152864
  3.6236E-05,   -0.153317
   3.624E-05,   -0.152864
  3.6244E-05,   -0.153317
  3.6248E-05,   -0.152864
  3.6252E-05,   -0.152864
  3.6256E-05,   -0.153317
   3.626E-05,   -0.152864
  3.6264E-05,   -0.152864
  3.6268E-05,   -0.153317
  3.6272E-05,   -0.152864
  3.6276E-05,   -0.152864
   3.628E-05,   -0.152864
  3.6284E-05,   -0.152864
  3.6288E-05,   -0.153317
  3.6292E-05,   -0.152864
  3.6296E-05,   -0.153317
    3.63E-05,   -0.153317
  3.6304E-05,   -0.152864
  3.6308E-05,   -0.153317
  3.6312E-05,   -0.153317
  3.6316E-05,   -0.152412
   3.632E-05,   -0.153317
  3.6324E-05,   -0.153317
  3.6328E-05,   -0.153317
  3.6332E-05,   -0.153317
  3.6336E-05,   -0.152864
   3.634E-05,   -0.153769
  3.6344E-05,   -0.153317
  3.6348E-05,   -0.152864
  3.6352E-05,   -0.153769
  3.6356E-05,   -0.152864
   3.636E-05,   -0.153317
  3.6364E-05,   -0.153317
  3.6368E-05,   -0.152864
  3.6372E-05,   -0.153317
  3.6376E-05,   -0.153317
   3.638E-05,   -0.153317
  3.6384E-05,   -0.153317
  3.6388E-05,   -0.152864
  3.6392E-05,   -0.153317
  3.6396E-05,   -0.153317
    3.64E-05,   -0.152864
  3.6404E-05,   -0.153769
  3.6408E-05,   -0.152864
  3.6412E-05,   -0.152864
  3.6416E-05,   -0.153317
   3.642E-05,   -0.153317
  3.6424E-05,   -0.153317
  3.6428E-05,   -0.153317
  3.6432E-05,   -0.153317
  3.6436E-05,   -0.153317
   3.644E-05,   -0.152864
  3.6444E-05,   -0.153769
  3.6448E-05,   -0.153769
  3.6452E-05,   -0.152864
  3.6456E-05,   -0.153769
   3.646E-05,   -0.153317
  3.6464E-05,   -0.152864
  3.6468E-05,   -0.153769
  3.6472E-05,   -0.153317
  3.6476E-05,   -0.153317
   3.648E-05,   -0.153317
  3.6484E-05,   -0.152864
  3.6488E-05,   -0.153769
  3.6492E-05,   -0.152864
  3.6496E-05,   -0.152864
    3.65E-05,   -0.153317
  3.6504E-05,   -0.152864
  3.6508E-05,   -0.153317
  3.6512E-05,   -0.153317
  3.6516E-05,   -0.152864
   3.652E-05,   -0.153317
  3.6524E-05,   -0.152864
  3.6528E-05,   -0.153317
  3.6532E-05,   -0.153317
  3.6536E-05,   -0.152864
   3.654E-05,   -0.153317
  3.6544E-05,   -0.153317
  3.6548E-05,   -0.152864
  3.6552E-05,   -0.153317
  3.6556E-05,   -0.153317
   3.656E-05,   -0.152864
  3.6564E-05,   -0.153317
  3.6568E-05,   -0.152412
  3.6572E-05,   -0.153317
  3.6576E-05,   -0.153317
   3.658E-05,   -0.152864
  3.6584E-05,   -0.153317
  3.6588E-05,   -0.152412
  3.6592E-05,   -0.152864
  3.6596E-05,   -0.153317
    3.66E-05,   -0.152412
  3.6604E-05,   -0.152864
  3.6608E-05,   -0.152864
  3.6612E-05,   -0.152864
  3.6616E-05,   -0.153317
   3.662E-05,   -0.152412
  3.6624E-05,   -0.152864
  3.6628E-05,   -0.153317
  3.6632E-05,   -0.152864
  3.6636E-05,   -0.153317
   3.664E-05,   -0.152412
  3.6644E-05,   -0.152864
  3.6648E-05,   -0.153317
  3.6652E-05,   -0.152412
  3.6656E-05,   -0.153769
   3.666E-05,   -0.152864
  3.6664E-05,   -0.152412
  3.6668E-05,   -0.152864
  3.6672E-05,   -0.152864
  3.6676E-05,   -0.153317
   3.668E-05,   -0.152412
  3.6684E-05,    -0.15196
  3.6688E-05,   -0.153317
  3.6692E-05,   -0.152412
  3.6696E-05,    -0.15196
    3.67E-05,   -0.152864
  3.6704E-05,   -0.152412
  3.6708E-05,   -0.152412
  3.6712E-05,   -0.152412
  3.6716E-05,   -0.152412
   3.672E-05,   -0.153317
  3.6724E-05,   -0.152412
  3.6728E-05,    -0.15196
  3.6732E-05,   -0.152864
  3.6736E-05,   -0.152412
   3.674E-05,   -0.152864
  3.6744E-05,   -0.152412
  3.6748E-05,    -0.15196
  3.6752E-05,   -0.152412
  3.6756E-05,   -0.152412
   3.676E-05,   -0.152412
  3.6764E-05,   -0.152864
  3.6768E-05,   -0.151508
  3.6772E-05,   -0.152412
  3.6776E-05,   -0.152864
   3.678E-05,    -0.15196
  3.6784E-05,   -0.152864
  3.6788E-05,    -0.15196
  3.6792E-05,    -0.15196
  3.6796E-05,   -0.152412
    3.68E-05,    -0.15196
  3.6804E-05,   -0.152864
  3.6808E-05,   -0.151508
  3.6812E-05,   -0.151508
  3.6816E-05,   -0.152412
   3.682E-05,   -0.151508
  3.6824E-05,    -0.15196
  3.6828E-05,   -0.152412
  3.6832E-05,    -0.15196
  3.6836E-05,    -0.15196
   3.684E-05,    -0.15196
  3.6844E-05,    -0.15196
  3.6848E-05,   -0.152412
  3.6852E-05,   -0.151508
  3.6856E-05,   -0.151508
   3.686E-05,   -0.152412
  3.6864E-05,    -0.15196
  3.6868E-05,    -0.15196
  3.6872E-05,    -0.15196
  3.6876E-05,   -0.151508
   3.688E-05,    -0.15196
  3.6884E-05,   -0.151508
  3.6888E-05,    -0.15196
  3.6892E-05,    -0.15196
  3.6896E-05,   -0.151508
    3.69E-05,    -0.15196
  3.6904E-05,   -0.151508
  3.6908E-05,   -0.151508
  3.6912E-05,    -0.15196
  3.6916E-05,   -0.151055
   3.692E-05,   -0.151508
  3.6924E-05,    -0.15196
  3.6928E-05,   -0.151508
  3.6932E-05,   -0.151508
  3.6936E-05,   -0.151508
   3.694E-05,   -0.151508
  3.6944E-05,   -0.151508
  3.6948E-05,   -0.151508
  3.6952E-05,    -0.15196
  3.6956E-05,   -0.151508
   3.696E-05,   -0.151055
  3.6964E-05,    -0.15196
  3.6968E-05,   -0.151508
  3.6972E-05,   -0.151508
  3.6976E-05,   -0.151508
   3.698E-05,   -0.151055
  3.6984E-05,   -0.151508
  3.6988E-05,   -0.151508
  3.6992E-05,   -0.151055
  3.6996E-05,   -0.151508
     3.7E-05,   -0.151055
  3.7004E-05,   -0.151508
  3.7008E-05,   -0.151508
  3.7012E-05,   -0.150603
  3.7016E-05,   -0.151508
   3.702E-05,   -0.151055
  3.7024E-05,   -0.151055
  3.7028E-05,    -0.15196
  3.7032E-05,   -0.151055
  3.7036E-05,   -0.151508
   3.704E-05,   -0.151508
  3.7044E-05,   -0.151055
  3.7048E-05,    -0.15196
  3.7052E-05,   -0.151055
  3.7056E-05,   -0.151055
   3.706E-05,   -0.151508
  3.7064E-05,   -0.151055
  3.7068E-05,   -0.151508
  3.7072E-05,   -0.151055
  3.7076E-05,   -0.151055
   3.708E-05,   -0.151508
  3.7084E-05,   -0.150603
  3.7088E-05,   -0.151508
  3.7092E-05,   -0.151055
  3.7096E-05,   -0.151055
    3.71E-05,   -0.151508
  3.7104E-05,   -0.151055
  3.7108E-05,   -0.151055
  3.7112E-05,   -0.151508
  3.7116E-05,   -0.151055
   3.712E-05,   -0.151508
  3.7124E-05,   -0.151508
  3.7128E-05,   -0.151055
  3.7132E-05,   -0.151508
  3.7136E-05,   -0.151055
   3.714E-05,   -0.151055
  3.7144E-05,   -0.151508
  3.7148E-05,   -0.151055
  3.7152E-05,   -0.151508
  3.7156E-05,   -0.151055
   3.716E-05,   -0.150603
  3.7164E-05,    -0.15196
  3.7168E-05,   -0.151055
  3.7172E-05,   -0.151055
  3.7176E-05,   -0.151508
   3.718E-05,   -0.151055
  3.7184E-05,   -0.151055
  3.7188E-05,   -0.151055
  3.7192E-05,   -0.151055
  3.7196E-05,   -0.151508
    3.72E-05,   -0.150603
  3.7204E-05,   -0.151508
  3.7208E-05,   -0.151508
  3.7212E-05,   -0.150603
  3.7216E-05,   -0.151508
   3.722E-05,   -0.151055
  3.7224E-05,   -0.151055
  3.7228E-05,   -0.151508
  3.7232E-05,   -0.151055
  3.7236E-05,   -0.151055
   3.724E-05,   -0.151508
  3.7244E-05,   -0.151055
  3.7248E-05,   -0.151508
  3.7252E-05,   -0.151055
  3.7256E-05,   -0.151055
   3.726E-05,   -0.151508
  3.7264E-05,   -0.151055
  3.7268E-05,   -0.151508
  3.7272E-05,   -0.151508
  3.7276E-05,   -0.151055
   3.728E-05,   -0.151508
  3.7284E-05,   -0.151508
  3.7288E-05,   -0.151508
  3.7292E-05,   -0.151508
  3.7296E-05,   -0.151055
    3.73E-05,   -0.151508
  3.7304E-05,   -0.151508
  3.7308E-05,   -0.151055
  3.7312E-05,    -0.15196
  3.7316E-05,   -0.151055
   3.732E-05,   -0.151508
  3.7324E-05,    -0.15196
  3.7328E-05,   -0.151055
  3.7332E-05,    -0.15196
  3.7336E-05,   -0.151508
   3.734E-05,   -0.151055
  3.7344E-05,    -0.15196
  3.7348E-05,   -0.151508
  3.7352E-05,    -0.15196
  3.7356E-05,    -0.15196
   3.736E-05,   -0.151055
  3.7364E-05,    -0.15196
  3.7368E-05,    -0.15196
  3.7372E-05,   -0.151508
  3.7376E-05,    -0.15196
   3.738E-05,   -0.151055
  3.7384E-05,    -0.15196
  3.7388E-05,    -0.15196
  3.7392E-05,   -0.151508
  3.7396E-05,    -0.15196
    3.74E-05,   -0.151508
  3.7404E-05,   -0.151508
  3.7408E-05,   -0.152412
  3.7412E-05,   -0.151508
  3.7416E-05,    -0.15196
   3.742E-05,    -0.15196
  3.7424E-05,    -0.15196
  3.7428E-05,    -0.15196
  3.7432E-05,    -0.15196
  3.7436E-05,   -0.152412
   3.744E-05,   -0.152412
  3.7444E-05,   -0.151508
  3.7448E-05,   -0.152412
  3.7452E-05,   -0.152864
  3.7456E-05,    -0.15196
   3.746E-05,   -0.152412
  3.7464E-05,    -0.15196
  3.7468E-05,    -0.15196
  3.7472E-05,   -0.152412
  3.7476E-05,    -0.15196
   3.748E-05,   -0.152864
  3.7484E-05,   -0.151508
  3.7488E-05,    -0.15196
  3.7492E-05,   -0.152864
  3.7496E-05,    -0.15196
    3.75E-05,   -0.152412
  3.7504E-05,   -0.152412
  3.7508E-05,   -0.151508
  3.7512E-05,    -0.15196
  3.7516E-05,    -0.15196
   3.752E-05,    -0.15196
  3.7524E-05,    -0.15196
  3.7528E-05,   -0.151055
  3.7532E-05,   -0.152412
  3.7536E-05,   -0.152412
   3.754E-05,   -0.150603
  3.7544E-05,   -0.146533
  3.7548E-05,   -0.144271
  3.7552E-05,   -0.149698
  3.7556E-05,   -0.147437
   3.756E-05,   -0.141106
  3.7564E-05,   -0.143367
  3.7568E-05,   -0.144271
  3.7572E-05,   -0.133417
  3.7576E-05,   -0.133417
   3.758E-05,   -0.153769
  3.7584E-05,   -0.141106
  3.7588E-05,   -0.127085
  3.7592E-05,   -0.156482
  3.7596E-05,   -0.161005
    3.76E-05,   -0.125276
  3.7604E-05,   -0.159648
  3.7608E-05,   -0.185879
  3.7612E-05,   -0.148794
  3.7616E-05,   -0.153317
   3.762E-05,   -0.185427
  3.7624E-05,   -0.163719
  3.7628E-05,   -0.137035
  3.7632E-05,    -0.16191
  3.7636E-05,   -0.160101
   3.764E-05,   -0.120754
  3.7644E-05,   -0.139749
  3.7648E-05,   -0.165075
  3.7652E-05,   -0.142462
  3.7656E-05,   -0.143367
   3.766E-05,   -0.176834
  3.7664E-05,   -0.173668
  3.7668E-05,   -0.150603
  3.7672E-05,   -0.163266
  3.7676E-05,   -0.177286
   3.768E-05,   -0.157387
  3.7684E-05,   -0.145176
  3.7688E-05,    -0.15603
  3.7692E-05,   -0.153769
  3.7696E-05,   -0.136583
    3.77E-05,   -0.138392
  3.7704E-05,   -0.152864
  3.7708E-05,   -0.147889
  3.7712E-05,   -0.142915
  3.7716E-05,   -0.156482
   3.772E-05,   -0.163719
  3.7724E-05,   -0.158744
  3.7728E-05,   -0.165075
  3.7732E-05,   -0.177739
  3.7736E-05,   -0.172312
   3.774E-05,   -0.163719
  3.7744E-05,   -0.168241
  3.7748E-05,   -0.162814
  3.7752E-05,   -0.146533
  3.7756E-05,   -0.145628
   3.776E-05,   -0.147889
  3.7764E-05,   -0.139749
  3.7768E-05,   -0.135678
  3.7772E-05,   -0.144271
  3.7776E-05,    -0.15196
   3.778E-05,    -0.15196
  3.7784E-05,   -0.158291
  3.7788E-05,    -0.17005
  3.7792E-05,   -0.173216
  3.7796E-05,   -0.171407
    3.78E-05,   -0.172764
  3.7804E-05,   -0.173668
  3.7808E-05,   -0.169146
  3.7812E-05,   -0.162362
  3.7816E-05,   -0.159196
   3.782E-05,   -0.156935
  3.7824E-05,   -0.151508
  3.7828E-05,   -0.150151
  3.7832E-05,   -0.151508
  3.7836E-05,   -0.155126
   3.784E-05,   -0.159648
  3.7844E-05,   -0.162362
  3.7848E-05,   -0.168693
  3.7852E-05,   -0.175025
  3.7856E-05,   -0.176834
   3.786E-05,   -0.179548
  3.7864E-05,   -0.181809
  3.7868E-05,   -0.179548
  3.7872E-05,   -0.176382
  3.7876E-05,   -0.171407
   3.788E-05,    -0.16598
  3.7884E-05,   -0.160101
  3.7888E-05,   -0.154221
  3.7892E-05,   -0.151508
  3.7896E-05,   -0.149246
    3.79E-05,   -0.149698
  3.7904E-05,   -0.152412
  3.7908E-05,   -0.155126
  3.7912E-05,   -0.158744
  3.7916E-05,   -0.161005
   3.792E-05,   -0.163266
  3.7924E-05,   -0.164623
  3.7928E-05,    -0.16191
  3.7932E-05,   -0.157839
  3.7936E-05,   -0.155126
   3.794E-05,   -0.149698
  3.7944E-05,   -0.144724
  3.7948E-05,    -0.14201
  3.7952E-05,   -0.141106
  3.7956E-05,   -0.141106
   3.796E-05,   -0.141558
  3.7964E-05,   -0.145628
  3.7968E-05,   -0.149698
  3.7972E-05,   -0.152864
  3.7976E-05,   -0.157839
   3.798E-05,   -0.161457
  3.7984E-05,   -0.163266
  3.7988E-05,   -0.164171
  3.7992E-05,   -0.163266
  3.7996E-05,   -0.161005
     3.8E-05,   -0.158291
  3.8004E-05,   -0.155578
  3.8008E-05,   -0.152864
  3.8012E-05,   -0.150151
  3.8016E-05,   -0.149246
   3.802E-05,   -0.150603
  3.8024E-05,   -0.150603
  3.8028E-05,   -0.153317
  3.8032E-05,   -0.156935
  3.8036E-05,   -0.159648
   3.804E-05,   -0.162362
  3.8044E-05,   -0.163719
  3.8048E-05,   -0.165528
  3.8052E-05,   -0.165075
  3.8056E-05,   -0.162814
   3.806E-05,   -0.161457
  3.8064E-05,   -0.159648
  3.8068E-05,    -0.15603
  3.8072E-05,   -0.154673
  3.8076E-05,   -0.152864
   3.808E-05,   -0.152412
  3.8084E-05,   -0.152864
  3.8088E-05,   -0.153769
  3.8092E-05,   -0.155126
  3.8096E-05,   -0.156935
    3.81E-05,   -0.157387
  3.8104E-05,   -0.158744
  3.8108E-05,   -0.158744
  3.8112E-05,   -0.158291
  3.8116E-05,   -0.157387
   3.812E-05,   -0.155126
  3.8124E-05,   -0.154673
  3.8128E-05,   -0.152864
  3.8132E-05,   -0.151055
  3.8136E-05,   -0.151055
   3.814E-05,   -0.150603
  3.8144E-05,    -0.15196
  3.8148E-05,   -0.153769
  3.8152E-05,   -0.154673
  3.8156E-05,   -0.157387
   3.816E-05,   -0.158744
  3.8164E-05,   -0.160101
  3.8168E-05,   -0.161005
  3.8172E-05,   -0.161005
  3.8176E-05,   -0.160553
   3.818E-05,   -0.159196
  3.8184E-05,   -0.156935
  3.8188E-05,    -0.15603
  3.8192E-05,   -0.154221
  3.8196E-05,   -0.153769
    3.82E-05,   -0.154221
  3.8204E-05,   -0.154673
  3.8208E-05,   -0.156482
  3.8212E-05,   -0.158744
  3.8216E-05,   -0.161005
   3.822E-05,   -0.164171
  3.8224E-05,   -0.165075
  3.8228E-05,   -0.166432
  3.8232E-05,   -0.167337
  3.8236E-05,    -0.16598
   3.824E-05,   -0.165075
  3.8244E-05,   -0.163266
  3.8248E-05,   -0.161005
  3.8252E-05,   -0.160101
  3.8256E-05,   -0.158744
   3.826E-05,   -0.158291
  3.8264E-05,   -0.158744
  3.8268E-05,   -0.159196
  3.8272E-05,   -0.161457
  3.8276E-05,   -0.162814
   3.828E-05,   -0.164623
  3.8284E-05,   -0.166884
  3.8288E-05,   -0.167337
  3.8292E-05,   -0.168241
  3.8296E-05,   -0.168241
    3.83E-05,   -0.166432
  3.8304E-05,   -0.165528
  3.8308E-05,   -0.163266
  3.8312E-05,   -0.161457
  3.8316E-05,   -0.160553
   3.832E-05,   -0.158291
  3.8324E-05,   -0.158291
  3.8328E-05,   -0.158291
  3.8332E-05,   -0.158744
  3.8336E-05,   -0.160553
   3.834E-05,    -0.16191
  3.8344E-05,   -0.163719
  3.8348E-05,    -0.16598
  3.8352E-05,   -0.166432
  3.8356E-05,   -0.167337
   3.836E-05,   -0.167789
  3.8364E-05,   -0.166432
  3.8368E-05,    -0.16598
  3.8372E-05,   -0.164171
  3.8376E-05,   -0.162814
   3.838E-05,    -0.16191
  3.8384E-05,   -0.160101
  3.8388E-05,   -0.161005
  3.8392E-05,   -0.161457
  3.8396E-05,    -0.16191
    3.84E-05,   -0.163719
  3.8404E-05,   -0.165528
  3.8408E-05,   -0.167337
  3.8412E-05,   -0.169146
  3.8416E-05,    -0.17005
   3.842E-05,   -0.171859
  3.8424E-05,   -0.171859
  3.8428E-05,   -0.171859
  3.8432E-05,   -0.171859
  3.8436E-05,   -0.169598
   3.844E-05,   -0.169146
  3.8444E-05,   -0.168693
  3.8448E-05,   -0.166884
  3.8452E-05,   -0.167337
  3.8456E-05,   -0.166884
   3.846E-05,   -0.167337
  3.8464E-05,   -0.168693
  3.8468E-05,   -0.168693
  3.8472E-05,   -0.170955
  3.8476E-05,   -0.171407
   3.848E-05,   -0.171859
  3.8484E-05,   -0.174121
  3.8488E-05,   -0.173668
  3.8492E-05,   -0.173216
  3.8496E-05,   -0.173668
    3.85E-05,   -0.172764
  3.8504E-05,   -0.171859
  3.8508E-05,   -0.170503
  3.8512E-05,    -0.17005
  3.8516E-05,   -0.169598
   3.852E-05,   -0.168241
  3.8524E-05,   -0.168693
  3.8528E-05,   -0.169598
  3.8532E-05,   -0.169146
  3.8536E-05,   -0.170503
   3.854E-05,   -0.171407
  3.8544E-05,   -0.170955
  3.8548E-05,   -0.172312
  3.8552E-05,   -0.172312
  3.8556E-05,   -0.172764
   3.856E-05,   -0.172312
  3.8564E-05,   -0.170955
  3.8568E-05,   -0.170955
  3.8572E-05,    -0.17005
  3.8576E-05,   -0.169146
   3.858E-05,   -0.169598
  3.8584E-05,   -0.168241
  3.8588E-05,   -0.168693
  3.8592E-05,   -0.169146
  3.8596E-05,   -0.169146
    3.86E-05,    -0.17005
  3.8604E-05,    -0.17005
  3.8608E-05,   -0.170955
  3.8612E-05,   -0.171859
  3.8616E-05,   -0.171407
   3.862E-05,   -0.172312
  3.8624E-05,   -0.171859
  3.8628E-05,   -0.171407
  3.8632E-05,   -0.171859
  3.8636E-05,   -0.171407
   3.864E-05,   -0.170955
  3.8644E-05,   -0.170955
  3.8648E-05,    -0.17005
  3.8652E-05,   -0.170503
  3.8656E-05,   -0.170503
   3.866E-05,   -0.170503
  3.8664E-05,   -0.171407
  3.8668E-05,   -0.170955
  3.8672E-05,   -0.171407
  3.8676E-05,   -0.172312
   3.868E-05,   -0.171859
  3.8684E-05,   -0.172312
  3.8688E-05,   -0.172312
  3.8692E-05,   -0.171859
  3.8696E-05,   -0.172312
    3.87E-05,   -0.171859
  3.8704E-05,   -0.171859
  3.8708E-05,   -0.171407
  3.8712E-05,   -0.170955
  3.8716E-05,   -0.171859
   3.872E-05,   -0.171407
  3.8724E-05,   -0.171407
  3.8728E-05,   -0.172312
  3.8732E-05,   -0.171859
  3.8736E-05,   -0.172312
   3.874E-05,   -0.173216
  3.8744E-05,   -0.172764
  3.8748E-05,   -0.173216
  3.8752E-05,   -0.173216
  3.8756E-05,   -0.173668
   3.876E-05,   -0.174121
  3.8764E-05,   -0.173216
  3.8768E-05,   -0.173668
  3.8772E-05,   -0.173216
  3.8776E-05,   -0.173216
   3.878E-05,   -0.173668
  3.8784E-05,   -0.173216
  3.8788E-05,   -0.173668
  3.8792E-05,   -0.173668
  3.8796E-05,   -0.173668
    3.88E-05,   -0.174573
  3.8804E-05,   -0.175025
  3.8808E-05,   -0.174573
  3.8812E-05,   -0.175477
  3.8816E-05,   -0.175025
   3.882E-05,   -0.175477
  3.8824E-05,    -0.17593
  3.8828E-05,   -0.175025
  3.8832E-05,    -0.17593
  3.8836E-05,   -0.175477
   3.884E-05,   -0.175477
  3.8844E-05,    -0.17593
  3.8848E-05,   -0.175477
  3.8852E-05,    -0.17593
  3.8856E-05,    -0.17593
   3.886E-05,   -0.175477
  3.8864E-05,   -0.176834
  3.8868E-05,   -0.176382
  3.8872E-05,   -0.176382
  3.8876E-05,   -0.176834
   3.888E-05,   -0.176382
  3.8884E-05,   -0.176834
  3.8888E-05,   -0.176382
  3.8892E-05,   -0.176382
  3.8896E-05,   -0.176382
    3.89E-05,   -0.175477
  3.8904E-05,   -0.176382
  3.8908E-05,    -0.17593
  3.8912E-05,   -0.175477
  3.8916E-05,   -0.176382
   3.892E-05,    -0.17593
  3.8924E-05,   -0.175477
  3.8928E-05,   -0.176382
  3.8932E-05,   -0.176382
  3.8936E-05,   -0.176382
   3.894E-05,    -0.17593
  3.8944E-05,    -0.17593
  3.8948E-05,   -0.176382
  3.8952E-05,    -0.17593
  3.8956E-05,    -0.17593
   3.896E-05,   -0.176382
  3.8964E-05,   -0.175025
  3.8968E-05,   -0.175477
  3.8972E-05,   -0.175477
  3.8976E-05,   -0.175025
   3.898E-05,   -0.175025
  3.8984E-05,   -0.174573
  3.8988E-05,   -0.175025
  3.8992E-05,   -0.175477
  3.8996E-05,   -0.175025
     3.9E-05,   -0.175477
  3.9004E-05,    -0.17593
  3.9008E-05,   -0.175477
  3.9012E-05,   -0.176382
  3.9016E-05,    -0.17593
   3.902E-05,   -0.175477
  3.9024E-05,   -0.175477
  3.9028E-05,   -0.175025
  3.9032E-05,   -0.175477
  3.9036E-05,   -0.175025
   3.904E-05,   -0.174573
  3.9044E-05,   -0.175477
  3.9048E-05,   -0.174573
  3.9052E-05,   -0.175025
  3.9056E-05,   -0.175477
   3.906E-05,   -0.175025
  3.9064E-05,   -0.175477
  3.9068E-05,    -0.17593
  3.9072E-05,    -0.17593
  3.9076E-05,    -0.17593
   3.908E-05,    -0.17593
  3.9084E-05,    -0.17593
  3.9088E-05,    -0.17593
  3.9092E-05,   -0.175025
  3.9096E-05,   -0.175477
    3.91E-05,   -0.175477
  3.9104E-05,   -0.175025
  3.9108E-05,   -0.175477
  3.9112E-05,   -0.174573
  3.9116E-05,   -0.175477
   3.912E-05,   -0.175477
  3.9124E-05,   -0.175477
  3.9128E-05,   -0.176382
  3.9132E-05,    -0.17593
  3.9136E-05,   -0.176382
   3.914E-05,   -0.177286
  3.9144E-05,   -0.176382
  3.9148E-05,   -0.176834
  3.9152E-05,   -0.176834
  3.9156E-05,   -0.176382
   3.916E-05,   -0.176382
  3.9164E-05,    -0.17593
  3.9168E-05,    -0.17593
  3.9172E-05,    -0.17593
  3.9176E-05,   -0.175477
   3.918E-05,    -0.17593
  3.9184E-05,   -0.176382
  3.9188E-05,    -0.17593
  3.9192E-05,   -0.176834
  3.9196E-05,   -0.176834
    3.92E-05,   -0.177286
  3.9204E-05,   -0.177739
  3.9208E-05,   -0.177286
  3.9212E-05,   -0.178191
  3.9216E-05,   -0.177739
   3.922E-05,   -0.177286
  3.9224E-05,   -0.177739
  3.9228E-05,   -0.176834
  3.9232E-05,   -0.177286
  3.9236E-05,   -0.176834
   3.924E-05,   -0.176382
  3.9244E-05,   -0.177286
  3.9248E-05,   -0.176834
  3.9252E-05,   -0.177286
  3.9256E-05,   -0.178191
   3.926E-05,   -0.177286
  3.9264E-05,   -0.178643
  3.9268E-05,   -0.178643
  3.9272E-05,   -0.178191
  3.9276E-05,   -0.179095
   3.928E-05,   -0.178191
  3.9284E-05,   -0.178643
  3.9288E-05,   -0.178643
  3.9292E-05,   -0.177739
  3.9296E-05,   -0.178643
    3.93E-05,   -0.177739
  3.9304E-05,   -0.177739
  3.9308E-05,   -0.178643
  3.9312E-05,   -0.178191
  3.9316E-05,   -0.178191
   3.932E-05,   -0.179095
  3.9324E-05,   -0.179095
  3.9328E-05,   -0.179548
  3.9332E-05,   -0.179548
  3.9336E-05,   -0.179548
   3.934E-05,       -0.18
  3.9344E-05,   -0.179095
  3.9348E-05,   -0.179548
  3.9352E-05,   -0.179548
  3.9356E-05,   -0.178643
   3.936E-05,   -0.179095
  3.9364E-05,   -0.179095
  3.9368E-05,   -0.179095
  3.9372E-05,   -0.179548
  3.9376E-05,   -0.179095
   3.938E-05,   -0.179548
  3.9384E-05,       -0.18
  3.9388E-05,   -0.179548
  3.9392E-05,   -0.180905
  3.9396E-05,   -0.180452
    3.94E-05,   -0.180452
  3.9404E-05,   -0.180905
  3.9408E-05,   -0.180452
  3.9412E-05,   -0.180452
  3.9416E-05,   -0.180452
   3.942E-05,       -0.18
  3.9424E-05,   -0.180905
  3.9428E-05,       -0.18
  3.9432E-05,   -0.180452
  3.9436E-05,   -0.180905
   3.944E-05,   -0.180452
  3.9444E-05,   -0.180905
  3.9448E-05,   -0.180905
  3.9452E-05,   -0.180905
  3.9456E-05,   -0.181809
   3.946E-05,   -0.181357
  3.9464E-05,   -0.181357
  3.9468E-05,   -0.181809
  3.9472E-05,   -0.181357
  3.9476E-05,   -0.181809
   3.948E-05,   -0.181357
  3.9484E-05,   -0.180905
  3.9488E-05,   -0.181357
  3.9492E-05,   -0.180905
  3.9496E-05,   -0.181357
    3.95E-05,   -0.181809
  3.9504E-05,   -0.180905
  3.9508E-05,   -0.181357
  3.9512E-05,   -0.181809
  3.9516E-05,   -0.181357
   3.952E-05,   -0.182261
  3.9524E-05,   -0.181357
  3.9528E-05,   -0.181809
  3.9532E-05,   -0.181809
  3.9536E-05,   -0.181357
   3.954E-05,   -0.181809
  3.9544E-05,   -0.180905
  3.9548E-05,   -0.180452
  3.9552E-05,   -0.181357
  3.9556E-05,   -0.180452
   3.956E-05,   -0.180905
  3.9564E-05,   -0.180905
  3.9568E-05,   -0.180452
  3.9572E-05,   -0.180452
  3.9576E-05,       -0.18
   3.958E-05,   -0.180905
  3.9584E-05,   -0.180905
  3.9588E-05,       -0.18
  3.9592E-05,   -0.180452
  3.9596E-05,   -0.180452
    3.96E-05,       -0.18
  3.9604E-05,   -0.180452
  3.9608E-05,   -0.179548
  3.9612E-05,   -0.179548
  3.9616E-05,   -0.179548
   3.962E-05,   -0.179095
  3.9624E-05,       -0.18
  3.9628E-05,   -0.179548
  3.9632E-05,   -0.179095
  3.9636E-05,   -0.179548
   3.964E-05,   -0.179095
  3.9644E-05,   -0.179548
  3.9648E-05,   -0.179548
  3.9652E-05,   -0.179095
  3.9656E-05,   -0.179548
   3.966E-05,   -0.179095
  3.9664E-05,   -0.178643
  3.9668E-05,   -0.179095
  3.9672E-05,   -0.178191
  3.9676E-05,   -0.178643
   3.968E-05,   -0.178191
  3.9684E-05,   -0.177739
  3.9688E-05,   -0.178191
  3.9692E-05,   -0.177739
  3.9696E-05,   -0.177739
    3.97E-05,   -0.177739
  3.9704E-05,   -0.177286
  3.9708E-05,   -0.178191
  3.9712E-05,   -0.177286
  3.9716E-05,   -0.177286
   3.972E-05,   -0.177739
  3.9724E-05,   -0.176834
  3.9728E-05,   -0.177286
  3.9732E-05,   -0.176834
  3.9736E-05,   -0.176382
   3.974E-05,   -0.176382
  3.9744E-05,    -0.17593
  3.9748E-05,    -0.17593
  3.9752E-05,    -0.17593
  3.9756E-05,   -0.175477
   3.976E-05,   -0.175477
  3.9764E-05,   -0.175477
  3.9768E-05,   -0.175025
  3.9772E-05,   -0.175477
  3.9776E-05,   -0.174573
   3.978E-05,   -0.174573
  3.9784E-05,   -0.175025
  3.9788E-05,   -0.174121
  3.9792E-05,   -0.173668
  3.9796E-05,   -0.174121
    3.98E-05,   -0.173668
  3.9804E-05,   -0.173668
  3.9808E-05,   -0.172764
  3.9812E-05,   -0.172764
  3.9816E-05,   -0.173216
   3.982E-05,   -0.172312
  3.9824E-05,   -0.172764
  3.9828E-05,   -0.172312
  3.9832E-05,   -0.171859
  3.9836E-05,   -0.172764
   3.984E-05,   -0.171407
  3.9844E-05,   -0.171859
  3.9848E-05,   -0.171859
  3.9852E-05,   -0.170955
  3.9856E-05,   -0.171859
   3.986E-05,   -0.171859
  3.9864E-05,   -0.171407
  3.9868E-05,   -0.170955
  3.9872E-05,   -0.170955
  3.9876E-05,   -0.171407
   3.988E-05,   -0.170955
  3.9884E-05,    -0.17005
  3.9888E-05,   -0.170955
  3.9892E-05,    -0.17005
  3.9896E-05,   -0.170503
    3.99E-05,   -0.170503
  3.9904E-05,   -0.169598
  3.9908E-05,    -0.17005
  3.9912E-05,   -0.170503
  3.9916E-05,   -0.169598
   3.992E-05,   -0.170503
  3.9924E-05,   -0.169598
  3.9928E-05,   -0.169598
  3.9932E-05,    -0.17005
  3.9936E-05,   -0.168693
   3.994E-05,   -0.169598
  3.9944E-05,   -0.169146
  3.9948E-05,   -0.168693
  3.9952E-05,   -0.169146
  3.9956E-05,   -0.168241
   3.996E-05,   -0.168241
  3.9964E-05,   -0.168693
  3.9968E-05,   -0.167789
  3.9972E-05,   -0.168241
  3.9976E-05,   -0.168241
   3.998E-05,   -0.167789
  3.9984E-05,   -0.167789
  3.9988E-05,   -0.167789
  3.9992E-05,   -0.167789
  3.9996E-05,   -0.167337
