     5.7E-05,    -0.11804
  5.7004E-05,   -0.117588
  5.7008E-05,   -0.117136
  5.7012E-05,   -0.117588
  5.7016E-05,   -0.117136
   5.702E-05,   -0.116683
  5.7024E-05,   -0.117136
  5.7028E-05,   -0.116683
  5.7032E-05,   -0.116231
  5.7036E-05,   -0.116231
   5.704E-05,   -0.116683
  5.7044E-05,   -0.116231
  5.7048E-05,   -0.115779
  5.7052E-05,   -0.115779
  5.7056E-05,   -0.115779
   5.706E-05,   -0.115327
  5.7064E-05,   -0.115779
  5.7068E-05,   -0.115327
  5.7072E-05,   -0.114874
  5.7076E-05,   -0.114874
   5.708E-05,   -0.114874
  5.7084E-05,   -0.114874
  5.7088E-05,   -0.114422
  5.7092E-05,   -0.114422
  5.7096E-05,   -0.114422
    5.71E-05,    -0.11397
  5.7104E-05,    -0.11397
  5.7108E-05,    -0.11397
  5.7112E-05,   -0.113518
  5.7116E-05,   -0.113518
   5.712E-05,   -0.113518
  5.7124E-05,   -0.113518
  5.7128E-05,   -0.113065
  5.7132E-05,   -0.113065
  5.7136E-05,   -0.113065
   5.714E-05,   -0.112613
  5.7144E-05,   -0.112161
  5.7148E-05,   -0.112161
  5.7152E-05,   -0.111709
  5.7156E-05,   -0.111709
   5.716E-05,   -0.111709
  5.7164E-05,   -0.111709
  5.7168E-05,   -0.111256
  5.7172E-05,   -0.111256
  5.7176E-05,   -0.111256
   5.718E-05,   -0.110804
  5.7184E-05,   -0.110804
  5.7188E-05,   -0.110804
  5.7192E-05,   -0.110352
  5.7196E-05,   -0.109899
    5.72E-05,   -0.109899
  5.7204E-05,   -0.109899
  5.7208E-05,   -0.109447
  5.7212E-05,   -0.109447
  5.7216E-05,   -0.109447
   5.722E-05,   -0.108995
  5.7224E-05,   -0.108995
  5.7228E-05,   -0.108543
  5.7232E-05,   -0.108543
  5.7236E-05,   -0.108543
   5.724E-05,   -0.108543
  5.7244E-05,    -0.10809
  5.7248E-05,   -0.107638
  5.7252E-05,    -0.10809
  5.7256E-05,   -0.107638
   5.726E-05,   -0.107186
  5.7264E-05,   -0.107186
  5.7268E-05,   -0.107186
  5.7272E-05,   -0.106734
  5.7276E-05,   -0.106734
   5.728E-05,   -0.106734
  5.7284E-05,   -0.106281
  5.7288E-05,   -0.105829
  5.7292E-05,   -0.105829
  5.7296E-05,   -0.106281
    5.73E-05,   -0.105377
  5.7304E-05,   -0.105377
  5.7308E-05,   -0.105377
  5.7312E-05,   -0.104925
  5.7316E-05,   -0.104472
   5.732E-05,   -0.104472
  5.7324E-05,   -0.104472
  5.7328E-05,    -0.10402
  5.7332E-05,    -0.10402
  5.7336E-05,    -0.10402
   5.734E-05,   -0.103568
  5.7344E-05,   -0.103116
  5.7348E-05,   -0.103116
  5.7352E-05,   -0.103116
  5.7356E-05,   -0.102663
   5.736E-05,   -0.102663
  5.7364E-05,   -0.102663
  5.7368E-05,   -0.102663
  5.7372E-05,   -0.101759
  5.7376E-05,   -0.102211
   5.738E-05,   -0.102211
  5.7384E-05,   -0.101307
  5.7388E-05,   -0.101307
  5.7392E-05,   -0.101307
  5.7396E-05,   -0.101307
    5.74E-05,   -0.100854
  5.7404E-05,   -0.100854
  5.7408E-05,   -0.100854
  5.7412E-05,   -0.100402
  5.7416E-05,  -0.0999497
   5.742E-05,  -0.0999497
  5.7424E-05,  -0.0999497
  5.7428E-05,  -0.0994975
  5.7432E-05,  -0.0990452
  5.7436E-05,  -0.0990452
   5.744E-05,  -0.0990452
  5.7444E-05,  -0.0990452
  5.7448E-05,   -0.098593
  5.7452E-05,   -0.098593
  5.7456E-05,  -0.0981407
   5.746E-05,  -0.0981407
  5.7464E-05,  -0.0976884
  5.7468E-05,  -0.0976884
  5.7472E-05,  -0.0972362
  5.7476E-05,  -0.0972362
   5.748E-05,  -0.0967839
  5.7484E-05,  -0.0967839
  5.7488E-05,  -0.0967839
  5.7492E-05,  -0.0963317
  5.7496E-05,  -0.0963317
    5.75E-05,  -0.0958794
  5.7504E-05,  -0.0958794
  5.7508E-05,  -0.0958794
  5.7512E-05,  -0.0954271
  5.7516E-05,  -0.0949749
   5.752E-05,  -0.0949749
  5.7524E-05,  -0.0949749
  5.7528E-05,  -0.0945226
  5.7532E-05,  -0.0945226
  5.7536E-05,  -0.0945226
   5.754E-05,  -0.0940704
  5.7544E-05,  -0.0940704
  5.7548E-05,  -0.0940704
  5.7552E-05,  -0.0936181
  5.7556E-05,  -0.0936181
   5.756E-05,  -0.0931658
  5.7564E-05,  -0.0931658
  5.7568E-05,  -0.0931658
  5.7572E-05,  -0.0927136
  5.7576E-05,  -0.0927136
   5.758E-05,  -0.0922613
  5.7584E-05,  -0.0922613
  5.7588E-05,  -0.0922613
  5.7592E-05,   -0.091809
  5.7596E-05,  -0.0913568
    5.76E-05,  -0.0913568
  5.7604E-05,  -0.0913568
  5.7608E-05,  -0.0909045
  5.7612E-05,  -0.0904523
  5.7616E-05,  -0.0904523
   5.762E-05,  -0.0904523
  5.7624E-05,       -0.09
  5.7628E-05,  -0.0895477
  5.7632E-05,  -0.0895477
  5.7636E-05,  -0.0895477
   5.764E-05,  -0.0890955
  5.7644E-05,  -0.0890955
  5.7648E-05,  -0.0890955
  5.7652E-05,  -0.0890955
  5.7656E-05,  -0.0886432
   5.766E-05,  -0.0886432
  5.7664E-05,  -0.0886432
  5.7668E-05,   -0.088191
  5.7672E-05,   -0.088191
  5.7676E-05,  -0.0877387
   5.768E-05,  -0.0872864
  5.7684E-05,  -0.0868342
  5.7688E-05,  -0.0868342
  5.7692E-05,  -0.0863819
  5.7696E-05,  -0.0863819
    5.77E-05,  -0.0868342
  5.7704E-05,   -0.088191
  5.7708E-05,  -0.0850251
  5.7712E-05,  -0.0823116
  5.7716E-05,  -0.0859296
   5.772E-05,  -0.0877387
  5.7724E-05,   -0.081407
  5.7728E-05,  -0.0782412
  5.7732E-05,  -0.0777889
  5.7736E-05,  -0.0777889
   5.774E-05,  -0.0800503
  5.7744E-05,  -0.0746231
  5.7748E-05,  -0.0673869
  5.7752E-05,  -0.0759799
  5.7756E-05,  -0.0845729
   5.776E-05,  -0.0782412
  5.7764E-05,  -0.0737186
  5.7768E-05,  -0.0931658
  5.7772E-05,   -0.103116
  5.7776E-05,   -0.088191
   5.778E-05,  -0.0927136
  5.7784E-05,   -0.110352
  5.7788E-05,  -0.0945226
  5.7792E-05,  -0.0818593
  5.7796E-05,  -0.0854774
    5.78E-05,   -0.069196
  5.7804E-05,  -0.0479397
  5.7808E-05,  -0.0583417
  5.7812E-05,  -0.0655779
  5.7816E-05,  -0.0551759
   5.782E-05,   -0.071005
  5.7824E-05,  -0.0994975
  5.7828E-05,  -0.0972362
  5.7832E-05,  -0.0994975
  5.7836E-05,   -0.125729
   5.784E-05,   -0.127085
  5.7844E-05,   -0.105377
  5.7848E-05,   -0.101759
  5.7852E-05,  -0.0999497
  5.7856E-05,  -0.0759799
   5.786E-05,  -0.0574372
  5.7864E-05,  -0.0578894
  5.7868E-05,  -0.0542714
  5.7872E-05,  -0.0438693
  5.7876E-05,  -0.0443216
   5.788E-05,  -0.0569849
  5.7884E-05,  -0.0678392
  5.7888E-05,  -0.0764322
  5.7892E-05,  -0.0927136
  5.7896E-05,   -0.110804
    5.79E-05,   -0.115779
  5.7904E-05,   -0.116683
  5.7908E-05,   -0.118945
  5.7912E-05,   -0.109447
  5.7916E-05,       -0.09
   5.792E-05,  -0.0741709
  5.7924E-05,  -0.0592462
  5.7928E-05,  -0.0402513
  5.7932E-05,   -0.031206
  5.7936E-05,  -0.0339196
   5.794E-05,  -0.0384422
  5.7944E-05,  -0.0474874
  5.7948E-05,  -0.0646734
  5.7952E-05,  -0.0818593
  5.7956E-05,  -0.0954271
   5.796E-05,   -0.108543
  5.7964E-05,   -0.119397
  5.7968E-05,   -0.123467
  5.7972E-05,   -0.118945
  5.7976E-05,   -0.109447
   5.798E-05,  -0.0990452
  5.7984E-05,  -0.0845729
  5.7988E-05,  -0.0660302
  5.7992E-05,    -0.05201
  5.7996E-05,  -0.0438693
     5.8E-05,  -0.0366332
  5.8004E-05,  -0.0352764
  5.8008E-05,  -0.0438693
  5.8012E-05,  -0.0565327
  5.8016E-05,   -0.069196
   5.802E-05,  -0.0845729
  5.8024E-05,   -0.098593
  5.8028E-05,   -0.105377
  5.8032E-05,   -0.107186
  5.8036E-05,   -0.105829
   5.804E-05,  -0.0994975
  5.8044E-05,  -0.0895477
  5.8048E-05,  -0.0782412
  5.8052E-05,  -0.0678392
  5.8056E-05,  -0.0596985
   5.806E-05,  -0.0542714
  5.8064E-05,  -0.0515578
  5.8068E-05,  -0.0529146
  5.8072E-05,  -0.0574372
  5.8076E-05,  -0.0637688
   5.808E-05,  -0.0705528
  5.8084E-05,  -0.0786935
  5.8088E-05,  -0.0859296
  5.8092E-05,       -0.09
  5.8096E-05,  -0.0913568
    5.81E-05,       -0.09
  5.8104E-05,  -0.0845729
  5.8108E-05,  -0.0773367
  5.8112E-05,   -0.069196
  5.8116E-05,   -0.060603
   5.812E-05,  -0.0538191
  5.8124E-05,  -0.0488442
  5.8128E-05,  -0.0465829
  5.8132E-05,  -0.0470352
  5.8136E-05,   -0.050201
   5.814E-05,  -0.0547236
  5.8144E-05,  -0.0592462
  5.8148E-05,  -0.0637688
  5.8152E-05,  -0.0678392
  5.8156E-05,  -0.0701005
   5.816E-05,  -0.0714573
  5.8164E-05,  -0.0714573
  5.8168E-05,  -0.0705528
  5.8172E-05,  -0.0682915
  5.8176E-05,  -0.0655779
   5.818E-05,  -0.0633166
  5.8184E-05,  -0.0615075
  5.8188E-05,  -0.0596985
  5.8192E-05,   -0.058794
  5.8196E-05,  -0.0596985
    5.82E-05,  -0.0619598
  5.8204E-05,  -0.0637688
  5.8208E-05,  -0.0660302
  5.8212E-05,  -0.0687437
  5.8216E-05,  -0.0705528
   5.822E-05,  -0.0714573
  5.8224E-05,  -0.0719095
  5.8228E-05,  -0.0714573
  5.8232E-05,   -0.071005
  5.8236E-05,  -0.0705528
   5.824E-05,  -0.0696482
  5.8244E-05,  -0.0687437
  5.8248E-05,  -0.0687437
  5.8252E-05,  -0.0687437
  5.8256E-05,  -0.0682915
   5.826E-05,  -0.0682915
  5.8264E-05,  -0.0678392
  5.8268E-05,  -0.0669347
  5.8272E-05,  -0.0655779
  5.8276E-05,  -0.0642211
   5.828E-05,  -0.0628643
  5.8284E-05,  -0.0615075
  5.8288E-05,  -0.0601508
  5.8292E-05,   -0.058794
  5.8296E-05,  -0.0578894
    5.83E-05,  -0.0574372
  5.8304E-05,  -0.0569849
  5.8308E-05,  -0.0574372
  5.8312E-05,  -0.0583417
  5.8316E-05,  -0.0601508
   5.832E-05,  -0.0624121
  5.8324E-05,  -0.0642211
  5.8328E-05,  -0.0664824
  5.8332E-05,  -0.0687437
  5.8336E-05,  -0.0696482
   5.834E-05,  -0.0701005
  5.8344E-05,  -0.0696482
  5.8348E-05,  -0.0687437
  5.8352E-05,  -0.0669347
  5.8356E-05,  -0.0651256
   5.836E-05,  -0.0637688
  5.8364E-05,  -0.0619598
  5.8368E-05,  -0.0610553
  5.8372E-05,  -0.0601508
  5.8376E-05,  -0.0601508
   5.838E-05,  -0.0601508
  5.8384E-05,  -0.0610553
  5.8388E-05,  -0.0624121
  5.8392E-05,  -0.0637688
  5.8396E-05,  -0.0651256
    5.84E-05,  -0.0664824
  5.8404E-05,  -0.0673869
  5.8408E-05,  -0.0673869
  5.8412E-05,  -0.0669347
  5.8416E-05,  -0.0660302
   5.842E-05,  -0.0646734
  5.8424E-05,  -0.0628643
  5.8428E-05,   -0.060603
  5.8432E-05,  -0.0592462
  5.8436E-05,  -0.0578894
   5.844E-05,  -0.0569849
  5.8444E-05,  -0.0574372
  5.8448E-05,  -0.0583417
  5.8452E-05,  -0.0592462
  5.8456E-05,  -0.0610553
   5.846E-05,  -0.0633166
  5.8464E-05,  -0.0646734
  5.8468E-05,  -0.0660302
  5.8472E-05,  -0.0669347
  5.8476E-05,  -0.0678392
   5.848E-05,  -0.0664824
  5.8484E-05,  -0.0651256
  5.8488E-05,  -0.0637688
  5.8492E-05,  -0.0615075
  5.8496E-05,   -0.058794
    5.85E-05,  -0.0569849
  5.8504E-05,  -0.0556281
  5.8508E-05,  -0.0542714
  5.8512E-05,  -0.0538191
  5.8516E-05,  -0.0547236
   5.852E-05,  -0.0560804
  5.8524E-05,  -0.0574372
  5.8528E-05,  -0.0596985
  5.8532E-05,  -0.0615075
  5.8536E-05,  -0.0628643
   5.854E-05,  -0.0637688
  5.8544E-05,  -0.0646734
  5.8548E-05,  -0.0642211
  5.8552E-05,  -0.0633166
  5.8556E-05,  -0.0619598
   5.856E-05,  -0.0601508
  5.8564E-05,  -0.0578894
  5.8568E-05,  -0.0560804
  5.8572E-05,  -0.0551759
  5.8576E-05,  -0.0547236
   5.858E-05,  -0.0542714
  5.8584E-05,  -0.0551759
  5.8588E-05,  -0.0565327
  5.8592E-05,  -0.0578894
  5.8596E-05,  -0.0596985
    5.86E-05,  -0.0615075
  5.8604E-05,  -0.0628643
  5.8608E-05,  -0.0633166
  5.8612E-05,  -0.0637688
  5.8616E-05,  -0.0637688
   5.862E-05,  -0.0624121
  5.8624E-05,  -0.0610553
  5.8628E-05,  -0.0596985
  5.8632E-05,  -0.0578894
  5.8636E-05,  -0.0565327
   5.864E-05,  -0.0551759
  5.8644E-05,  -0.0547236
  5.8648E-05,  -0.0542714
  5.8652E-05,  -0.0547236
  5.8656E-05,  -0.0556281
   5.866E-05,  -0.0569849
  5.8664E-05,  -0.0583417
  5.8668E-05,  -0.0592462
  5.8672E-05,  -0.0601508
  5.8676E-05,  -0.0610553
   5.868E-05,  -0.0610553
  5.8684E-05,   -0.060603
  5.8688E-05,  -0.0601508
  5.8692E-05,  -0.0592462
  5.8696E-05,  -0.0583417
    5.87E-05,  -0.0569849
  5.8704E-05,  -0.0560804
  5.8708E-05,  -0.0547236
  5.8712E-05,  -0.0542714
  5.8716E-05,  -0.0538191
   5.872E-05,  -0.0542714
  5.8724E-05,  -0.0542714
  5.8728E-05,  -0.0551759
  5.8732E-05,  -0.0560804
  5.8736E-05,  -0.0569849
   5.874E-05,  -0.0574372
  5.8744E-05,  -0.0583417
  5.8748E-05,  -0.0583417
  5.8752E-05,  -0.0583417
  5.8756E-05,  -0.0578894
   5.876E-05,  -0.0574372
  5.8764E-05,  -0.0565327
  5.8768E-05,  -0.0556281
  5.8772E-05,  -0.0547236
  5.8776E-05,  -0.0542714
   5.878E-05,  -0.0533668
  5.8784E-05,  -0.0533668
  5.8788E-05,  -0.0529146
  5.8792E-05,  -0.0529146
  5.8796E-05,  -0.0533668
    5.88E-05,  -0.0538191
  5.8804E-05,  -0.0542714
  5.8808E-05,  -0.0551759
  5.8812E-05,  -0.0551759
  5.8816E-05,  -0.0556281
   5.882E-05,  -0.0560804
  5.8824E-05,  -0.0560804
  5.8828E-05,  -0.0556281
  5.8832E-05,  -0.0547236
  5.8836E-05,  -0.0547236
   5.884E-05,  -0.0538191
  5.8844E-05,  -0.0529146
  5.8848E-05,  -0.0524623
  5.8852E-05,    -0.05201
  5.8856E-05,    -0.05201
   5.886E-05,    -0.05201
  5.8864E-05,    -0.05201
  5.8868E-05,    -0.05201
  5.8872E-05,  -0.0524623
  5.8876E-05,  -0.0529146
   5.888E-05,  -0.0533668
  5.8884E-05,  -0.0538191
  5.8888E-05,  -0.0538191
  5.8892E-05,  -0.0533668
  5.8896E-05,  -0.0533668
    5.89E-05,  -0.0533668
  5.8904E-05,  -0.0529146
  5.8908E-05,  -0.0524623
  5.8912E-05,  -0.0524623
  5.8916E-05,    -0.05201
   5.892E-05,  -0.0515578
  5.8924E-05,  -0.0515578
  5.8928E-05,  -0.0515578
  5.8932E-05,  -0.0515578
  5.8936E-05,    -0.05201
   5.894E-05,    -0.05201
  5.8944E-05,    -0.05201
  5.8948E-05,  -0.0524623
  5.8952E-05,  -0.0529146
  5.8956E-05,  -0.0529146
   5.896E-05,  -0.0533668
  5.8964E-05,  -0.0538191
  5.8968E-05,  -0.0533668
  5.8972E-05,  -0.0533668
  5.8976E-05,  -0.0533668
   5.898E-05,  -0.0529146
  5.8984E-05,  -0.0524623
  5.8988E-05,  -0.0524623
  5.8992E-05,  -0.0524623
  5.8996E-05,    -0.05201
     5.9E-05,    -0.05201
  5.9004E-05,    -0.05201
  5.9008E-05,    -0.05201
  5.9012E-05,    -0.05201
  5.9016E-05,    -0.05201
   5.902E-05,  -0.0524623
  5.9024E-05,  -0.0524623
  5.9028E-05,  -0.0524623
  5.9032E-05,  -0.0529146
  5.9036E-05,  -0.0529146
   5.904E-05,  -0.0524623
  5.9044E-05,  -0.0524623
  5.9048E-05,  -0.0524623
  5.9052E-05,  -0.0524623
  5.9056E-05,    -0.05201
   5.906E-05,    -0.05201
  5.9064E-05,  -0.0515578
  5.9068E-05,  -0.0511055
  5.9072E-05,  -0.0511055
  5.9076E-05,  -0.0511055
   5.908E-05,  -0.0506533
  5.9084E-05,   -0.050201
  5.9088E-05,  -0.0506533
  5.9092E-05,  -0.0506533
  5.9096E-05,  -0.0506533
    5.91E-05,  -0.0506533
  5.9104E-05,  -0.0506533
  5.9108E-05,  -0.0511055
  5.9112E-05,  -0.0511055
  5.9116E-05,  -0.0511055
   5.912E-05,  -0.0511055
  5.9124E-05,  -0.0506533
  5.9128E-05,  -0.0506533
  5.9132E-05,   -0.050201
  5.9136E-05,  -0.0497487
   5.914E-05,  -0.0497487
  5.9144E-05,  -0.0492965
  5.9148E-05,  -0.0488442
  5.9152E-05,  -0.0488442
  5.9156E-05,  -0.0488442
   5.916E-05,  -0.0488442
  5.9164E-05,  -0.0488442
  5.9168E-05,  -0.0488442
  5.9172E-05,  -0.0492965
  5.9176E-05,  -0.0492965
   5.918E-05,  -0.0497487
  5.9184E-05,  -0.0497487
  5.9188E-05,  -0.0497487
  5.9192E-05,  -0.0497487
  5.9196E-05,  -0.0492965
    5.92E-05,  -0.0488442
  5.9204E-05,  -0.0488442
  5.9208E-05,   -0.048392
  5.9212E-05,  -0.0479397
  5.9216E-05,  -0.0474874
   5.922E-05,  -0.0470352
  5.9224E-05,  -0.0474874
  5.9228E-05,  -0.0474874
  5.9232E-05,  -0.0470352
  5.9236E-05,  -0.0474874
   5.924E-05,  -0.0479397
  5.9244E-05,   -0.048392
  5.9248E-05,   -0.048392
  5.9252E-05,  -0.0488442
  5.9256E-05,   -0.048392
   5.926E-05,   -0.048392
  5.9264E-05,   -0.048392
  5.9268E-05,   -0.048392
  5.9272E-05,  -0.0479397
  5.9276E-05,  -0.0474874
   5.928E-05,  -0.0474874
  5.9284E-05,  -0.0470352
  5.9288E-05,  -0.0470352
  5.9292E-05,  -0.0470352
  5.9296E-05,  -0.0465829
    5.93E-05,  -0.0470352
  5.9304E-05,  -0.0474874
  5.9308E-05,  -0.0474874
  5.9312E-05,  -0.0474874
  5.9316E-05,  -0.0479397
   5.932E-05,   -0.048392
  5.9324E-05,   -0.048392
  5.9328E-05,  -0.0479397
  5.9332E-05,   -0.048392
  5.9336E-05,  -0.0479397
   5.934E-05,  -0.0474874
  5.9344E-05,  -0.0474874
  5.9348E-05,  -0.0474874
  5.9352E-05,  -0.0470352
  5.9356E-05,  -0.0465829
   5.936E-05,  -0.0470352
  5.9364E-05,  -0.0470352
  5.9368E-05,  -0.0470352
  5.9372E-05,  -0.0474874
  5.9376E-05,  -0.0474874
   5.938E-05,  -0.0479397
  5.9384E-05,  -0.0479397
  5.9388E-05,   -0.048392
  5.9392E-05,   -0.048392
  5.9396E-05,  -0.0479397
    5.94E-05,   -0.048392
  5.9404E-05,   -0.048392
  5.9408E-05,  -0.0479397
  5.9412E-05,  -0.0479397
  5.9416E-05,  -0.0474874
   5.942E-05,  -0.0479397
  5.9424E-05,  -0.0474874
  5.9428E-05,  -0.0470352
  5.9432E-05,  -0.0474874
  5.9436E-05,  -0.0474874
   5.944E-05,  -0.0474874
  5.9444E-05,  -0.0474874
  5.9448E-05,  -0.0474874
  5.9452E-05,  -0.0474874
  5.9456E-05,  -0.0474874
   5.946E-05,  -0.0479397
  5.9464E-05,  -0.0474874
  5.9468E-05,  -0.0474874
  5.9472E-05,  -0.0479397
  5.9476E-05,  -0.0474874
   5.948E-05,  -0.0474874
  5.9484E-05,  -0.0470352
  5.9488E-05,  -0.0474874
  5.9492E-05,  -0.0470352
  5.9496E-05,  -0.0470352
    5.95E-05,  -0.0470352
  5.9504E-05,  -0.0470352
  5.9508E-05,  -0.0470352
  5.9512E-05,  -0.0470352
  5.9516E-05,  -0.0474874
   5.952E-05,  -0.0474874
  5.9524E-05,  -0.0470352
  5.9528E-05,  -0.0474874
  5.9532E-05,  -0.0474874
  5.9536E-05,  -0.0474874
   5.954E-05,  -0.0474874
  5.9544E-05,  -0.0474874
  5.9548E-05,  -0.0470352
  5.9552E-05,  -0.0470352
  5.9556E-05,  -0.0470352
   5.956E-05,  -0.0470352
  5.9564E-05,  -0.0465829
  5.9568E-05,  -0.0470352
  5.9572E-05,  -0.0470352
  5.9576E-05,  -0.0465829
   5.958E-05,  -0.0465829
  5.9584E-05,  -0.0465829
  5.9588E-05,  -0.0465829
  5.9592E-05,  -0.0465829
  5.9596E-05,  -0.0470352
    5.96E-05,  -0.0465829
  5.9604E-05,  -0.0465829
  5.9608E-05,  -0.0470352
  5.9612E-05,  -0.0470352
  5.9616E-05,  -0.0465829
   5.962E-05,  -0.0470352
  5.9624E-05,  -0.0470352
  5.9628E-05,  -0.0465829
  5.9632E-05,  -0.0465829
  5.9636E-05,  -0.0470352
   5.964E-05,  -0.0465829
  5.9644E-05,  -0.0465829
  5.9648E-05,  -0.0465829
  5.9652E-05,  -0.0465829
  5.9656E-05,  -0.0461307
   5.966E-05,  -0.0465829
  5.9664E-05,  -0.0465829
  5.9668E-05,  -0.0461307
  5.9672E-05,  -0.0461307
  5.9676E-05,  -0.0465829
   5.968E-05,  -0.0465829
  5.9684E-05,  -0.0461307
  5.9688E-05,  -0.0461307
  5.9692E-05,  -0.0465829
  5.9696E-05,  -0.0456784
    5.97E-05,  -0.0456784
  5.9704E-05,  -0.0461307
  5.9708E-05,  -0.0456784
  5.9712E-05,  -0.0452261
  5.9716E-05,  -0.0456784
   5.972E-05,  -0.0456784
  5.9724E-05,  -0.0447739
  5.9728E-05,  -0.0452261
  5.9732E-05,  -0.0452261
  5.9736E-05,  -0.0452261
   5.974E-05,  -0.0447739
  5.9744E-05,  -0.0452261
  5.9748E-05,  -0.0452261
  5.9752E-05,  -0.0447739
  5.9756E-05,  -0.0447739
   5.976E-05,  -0.0452261
  5.9764E-05,  -0.0447739
  5.9768E-05,  -0.0447739
  5.9772E-05,  -0.0447739
  5.9776E-05,  -0.0447739
   5.978E-05,  -0.0443216
  5.9784E-05,  -0.0443216
  5.9788E-05,  -0.0443216
  5.9792E-05,  -0.0438693
  5.9796E-05,  -0.0438693
    5.98E-05,  -0.0438693
  5.9804E-05,  -0.0438693
  5.9808E-05,  -0.0443216
  5.9812E-05,  -0.0438693
  5.9816E-05,  -0.0438693
   5.982E-05,  -0.0438693
  5.9824E-05,  -0.0438693
  5.9828E-05,  -0.0438693
  5.9832E-05,  -0.0438693
  5.9836E-05,  -0.0438693
   5.984E-05,  -0.0434171
  5.9844E-05,  -0.0434171
  5.9848E-05,  -0.0434171
  5.9852E-05,  -0.0429648
  5.9856E-05,  -0.0429648
   5.986E-05,  -0.0429648
  5.9864E-05,  -0.0425126
  5.9868E-05,  -0.0425126
  5.9872E-05,  -0.0425126
  5.9876E-05,  -0.0425126
   5.988E-05,  -0.0425126
  5.9884E-05,  -0.0425126
  5.9888E-05,  -0.0425126
  5.9892E-05,  -0.0425126
  5.9896E-05,  -0.0425126
    5.99E-05,  -0.0425126
  5.9904E-05,  -0.0420603
  5.9908E-05,  -0.0420603
  5.9912E-05,  -0.0420603
  5.9916E-05,  -0.0420603
   5.992E-05,   -0.041608
  5.9924E-05,   -0.041608
  5.9928E-05,  -0.0411558
  5.9932E-05,  -0.0411558
  5.9936E-05,  -0.0411558
   5.994E-05,  -0.0411558
  5.9944E-05,  -0.0407035
  5.9948E-05,  -0.0402513
  5.9952E-05,  -0.0407035
  5.9956E-05,  -0.0402513
   5.996E-05,  -0.0407035
  5.9964E-05,  -0.0407035
  5.9968E-05,  -0.0402513
  5.9972E-05,  -0.0402513
  5.9976E-05,  -0.0402513
   5.998E-05,  -0.0402513
  5.9984E-05,   -0.039799
  5.9988E-05,   -0.039799
  5.9992E-05,   -0.039799
  5.9996E-05,   -0.039799
       6E-05,  -0.0393467
  6.0004E-05,  -0.0393467
  6.0008E-05,  -0.0393467
  6.0012E-05,  -0.0393467
  6.0016E-05,  -0.0388945
   6.002E-05,  -0.0393467
  6.0024E-05,  -0.0393467
  6.0028E-05,  -0.0388945
  6.0032E-05,  -0.0388945
  6.0036E-05,  -0.0393467
   6.004E-05,  -0.0388945
  6.0044E-05,  -0.0388945
  6.0048E-05,  -0.0384422
  6.0052E-05,  -0.0388945
  6.0056E-05,  -0.0384422
   6.006E-05,  -0.0379899
  6.0064E-05,  -0.0379899
  6.0068E-05,  -0.0379899
  6.0072E-05,  -0.0379899
  6.0076E-05,  -0.0375377
   6.008E-05,  -0.0375377
  6.0084E-05,  -0.0375377
  6.0088E-05,  -0.0370854
  6.0092E-05,  -0.0370854
  6.0096E-05,  -0.0375377
    6.01E-05,  -0.0370854
  6.0104E-05,  -0.0370854
  6.0108E-05,  -0.0370854
  6.0112E-05,  -0.0366332
  6.0116E-05,  -0.0366332
   6.012E-05,  -0.0366332
  6.0124E-05,  -0.0361809
  6.0128E-05,  -0.0361809
  6.0132E-05,  -0.0357286
  6.0136E-05,  -0.0361809
   6.014E-05,  -0.0357286
  6.0144E-05,  -0.0357286
  6.0148E-05,  -0.0357286
  6.0152E-05,  -0.0357286
  6.0156E-05,  -0.0352764
   6.016E-05,  -0.0352764
  6.0164E-05,  -0.0352764
  6.0168E-05,  -0.0352764
  6.0172E-05,  -0.0348241
  6.0176E-05,  -0.0348241
   6.018E-05,  -0.0348241
  6.0184E-05,  -0.0343719
  6.0188E-05,  -0.0343719
  6.0192E-05,  -0.0339196
  6.0196E-05,  -0.0339196
    6.02E-05,  -0.0339196
  6.0204E-05,  -0.0334673
  6.0208E-05,  -0.0334673
  6.0212E-05,  -0.0334673
  6.0216E-05,  -0.0330151
   6.022E-05,  -0.0330151
  6.0224E-05,  -0.0330151
  6.0228E-05,  -0.0330151
  6.0232E-05,  -0.0330151
  6.0236E-05,  -0.0325628
   6.024E-05,  -0.0321106
  6.0244E-05,  -0.0321106
  6.0248E-05,  -0.0321106
  6.0252E-05,  -0.0316583
  6.0256E-05,   -0.031206
   6.026E-05,  -0.0316583
  6.0264E-05,   -0.031206
  6.0268E-05,  -0.0307538
  6.0272E-05,   -0.031206
  6.0276E-05,  -0.0307538
   6.028E-05,  -0.0303015
  6.0284E-05,  -0.0303015
  6.0288E-05,  -0.0303015
  6.0292E-05,  -0.0303015
  6.0296E-05,   -0.029397
    6.03E-05,   -0.029397
  6.0304E-05,   -0.029397
  6.0308E-05,  -0.0289447
  6.0312E-05,  -0.0284925
  6.0316E-05,  -0.0284925
   6.032E-05,  -0.0284925
  6.0324E-05,  -0.0280402
  6.0328E-05,  -0.0275879
  6.0332E-05,  -0.0275879
  6.0336E-05,  -0.0275879
   6.034E-05,  -0.0271357
  6.0344E-05,  -0.0266834
  6.0348E-05,  -0.0266834
  6.0352E-05,  -0.0262312
  6.0356E-05,  -0.0262312
   6.036E-05,  -0.0257789
  6.0364E-05,  -0.0257789
  6.0368E-05,  -0.0253266
  6.0372E-05,  -0.0253266
  6.0376E-05,  -0.0248744
   6.038E-05,  -0.0244221
  6.0384E-05,  -0.0244221
  6.0388E-05,  -0.0239698
  6.0392E-05,  -0.0235176
  6.0396E-05,  -0.0230653
    6.04E-05,  -0.0235176
  6.0404E-05,  -0.0230653
  6.0408E-05,  -0.0226131
  6.0412E-05,  -0.0221608
  6.0416E-05,  -0.0221608
   6.042E-05,  -0.0221608
  6.0424E-05,  -0.0217085
  6.0428E-05,  -0.0217085
  6.0432E-05,  -0.0212563
  6.0436E-05,   -0.020804
   6.044E-05,  -0.0203518
  6.0444E-05,  -0.0203518
  6.0448E-05,  -0.0198995
  6.0452E-05,  -0.0194472
  6.0456E-05,  -0.0194472
   6.046E-05,   -0.018995
  6.0464E-05,  -0.0185427
  6.0468E-05,  -0.0185427
  6.0472E-05,  -0.0185427
  6.0476E-05,  -0.0180905
   6.048E-05,  -0.0180905
  6.0484E-05,  -0.0176382
  6.0488E-05,  -0.0171859
  6.0492E-05,  -0.0171859
  6.0496E-05,  -0.0167337
    6.05E-05,  -0.0167337
  6.0504E-05,  -0.0162814
  6.0508E-05,  -0.0158291
  6.0512E-05,  -0.0153769
  6.0516E-05,  -0.0153769
   6.052E-05,  -0.0153769
  6.0524E-05,  -0.0149246
  6.0528E-05,  -0.0144724
  6.0532E-05,  -0.0144724
  6.0536E-05,  -0.0140201
   6.054E-05,  -0.0135678
  6.0544E-05,  -0.0135678
  6.0548E-05,  -0.0131156
  6.0552E-05,  -0.0126633
  6.0556E-05,  -0.0126633
   6.056E-05,  -0.0126633
  6.0564E-05,  -0.0122111
  6.0568E-05,  -0.0117588
  6.0572E-05,  -0.0117588
  6.0576E-05,  -0.0117588
   6.058E-05,  -0.0113065
  6.0584E-05,  -0.0108543
  6.0588E-05,  -0.0113065
  6.0592E-05,  -0.0108543
  6.0596E-05, -0.00994975
    6.06E-05, -0.00994975
  6.0604E-05,   -0.010402
  6.0608E-05, -0.00949749
  6.0612E-05, -0.00904523
  6.0616E-05, -0.00949749
   6.062E-05, -0.00904523
  6.0624E-05, -0.00859297
  6.0628E-05, -0.00859297
  6.0632E-05, -0.00859297
  6.0636E-05,  -0.0081407
   6.064E-05,  -0.0081407
  6.0644E-05,  -0.0081407
  6.0648E-05, -0.00768844
  6.0652E-05, -0.00768844
  6.0656E-05, -0.00723618
   6.066E-05, -0.00723618
  6.0664E-05, -0.00723618
  6.0668E-05, -0.00678392
  6.0672E-05, -0.00678392
  6.0676E-05, -0.00678392
   6.068E-05, -0.00678392
  6.0684E-05, -0.00633166
  6.0688E-05, -0.00633166
  6.0692E-05, -0.00633166
  6.0696E-05, -0.00633166
    6.07E-05,  -0.0058794
  6.0704E-05, -0.00633166
  6.0708E-05,  -0.0058794
  6.0712E-05, -0.00542714
  6.0716E-05,  -0.0058794
   6.072E-05,  -0.0058794
  6.0724E-05,  -0.0058794
  6.0728E-05, -0.00542714
  6.0732E-05, -0.00542714
  6.0736E-05, -0.00542714
   6.074E-05, -0.00542714
  6.0744E-05, -0.00542714
  6.0748E-05, -0.00542714
  6.0752E-05, -0.00542714
  6.0756E-05, -0.00542714
   6.076E-05,  -0.0058794
  6.0764E-05, -0.00542714
  6.0768E-05, -0.00542714
  6.0772E-05, -0.00542714
  6.0776E-05,  -0.0058794
   6.078E-05,  -0.0058794
  6.0784E-05,  -0.0058794
  6.0788E-05, -0.00633166
  6.0792E-05, -0.00633166
  6.0796E-05, -0.00633166
    6.08E-05, -0.00633166
  6.0804E-05, -0.00633166
  6.0808E-05, -0.00633166
  6.0812E-05, -0.00678392
  6.0816E-05, -0.00678392
   6.082E-05, -0.00678392
  6.0824E-05, -0.00723618
  6.0828E-05, -0.00768844
  6.0832E-05, -0.00768844
  6.0836E-05, -0.00768844
   6.084E-05,  -0.0081407
  6.0844E-05, -0.00859297
  6.0848E-05, -0.00859297
  6.0852E-05, -0.00904523
  6.0856E-05, -0.00949749
   6.086E-05, -0.00994975
  6.0864E-05,   -0.010402
  6.0868E-05,   -0.010402
  6.0872E-05,  -0.0113065
  6.0876E-05,  -0.0113065
   6.088E-05,  -0.0117588
  6.0884E-05,  -0.0122111
  6.0888E-05,  -0.0126633
  6.0892E-05,  -0.0131156
  6.0896E-05,  -0.0135678
    6.09E-05,  -0.0140201
  6.0904E-05,  -0.0149246
  6.0908E-05,  -0.0149246
  6.0912E-05,  -0.0158291
  6.0916E-05,  -0.0162814
   6.092E-05,  -0.0167337
  6.0924E-05,  -0.0171859
  6.0928E-05,  -0.0180905
  6.0932E-05,  -0.0185427
  6.0936E-05,   -0.018995
   6.094E-05,  -0.0198995
  6.0944E-05,  -0.0203518
  6.0948E-05,   -0.020804
  6.0952E-05,  -0.0217085
  6.0956E-05,  -0.0226131
   6.096E-05,  -0.0230653
  6.0964E-05,  -0.0239698
  6.0968E-05,  -0.0248744
  6.0972E-05,  -0.0257789
  6.0976E-05,  -0.0262312
   6.098E-05,  -0.0271357
  6.0984E-05,  -0.0280402
  6.0988E-05,  -0.0289447
  6.0992E-05,  -0.0298492
  6.0996E-05,  -0.0307538
     6.1E-05,  -0.0316583
  6.1004E-05,  -0.0325628
  6.1008E-05,  -0.0334673
  6.1012E-05,  -0.0343719
  6.1016E-05,  -0.0352764
   6.102E-05,  -0.0361809
  6.1024E-05,  -0.0375377
  6.1028E-05,  -0.0379899
  6.1032E-05,  -0.0393467
  6.1036E-05,  -0.0402513
   6.104E-05,  -0.0411558
  6.1044E-05,  -0.0425126
  6.1048E-05,  -0.0434171
  6.1052E-05,  -0.0447739
  6.1056E-05,  -0.0456784
   6.106E-05,  -0.0470352
  6.1064E-05,   -0.048392
  6.1068E-05,  -0.0492965
  6.1072E-05,   -0.050201
  6.1076E-05,    -0.05201
   6.108E-05,  -0.0529146
  6.1084E-05,  -0.0542714
  6.1088E-05,  -0.0551759
  6.1092E-05,  -0.0565327
  6.1096E-05,  -0.0578894
    6.11E-05,  -0.0592462
  6.1104E-05,   -0.060603
  6.1108E-05,  -0.0619598
  6.1112E-05,  -0.0633166
  6.1116E-05,  -0.0646734
   6.112E-05,  -0.0655779
  6.1124E-05,  -0.0669347
  6.1128E-05,  -0.0687437
  6.1132E-05,  -0.0701005
  6.1136E-05,  -0.0714573
   6.114E-05,  -0.0728141
  6.1144E-05,  -0.0741709
  6.1148E-05,  -0.0755276
  6.1152E-05,  -0.0768844
  6.1156E-05,  -0.0786935
   6.116E-05,  -0.0800503
  6.1164E-05,   -0.081407
  6.1168E-05,  -0.0827638
  6.1172E-05,  -0.0841206
  6.1176E-05,  -0.0859296
   6.118E-05,  -0.0872864
  6.1184E-05,  -0.0886432
  6.1188E-05,  -0.0904523
  6.1192E-05,   -0.091809
  6.1196E-05,  -0.0936181
    6.12E-05,  -0.0949749
  6.1204E-05,  -0.0967839
  6.1208E-05,  -0.0981407
  6.1212E-05,  -0.0999497
  6.1216E-05,   -0.101307
   6.122E-05,   -0.103116
  6.1224E-05,   -0.104472
  6.1228E-05,   -0.106281
  6.1232E-05,   -0.107638
  6.1236E-05,   -0.109447
   6.124E-05,   -0.110804
  6.1244E-05,   -0.112613
  6.1248E-05,   -0.114422
  6.1252E-05,   -0.115779
  6.1256E-05,   -0.117588
   6.126E-05,   -0.119397
  6.1264E-05,   -0.120754
  6.1268E-05,   -0.122563
  6.1272E-05,    -0.12392
  6.1276E-05,   -0.125729
   6.128E-05,   -0.127085
  6.1284E-05,   -0.128894
  6.1288E-05,   -0.130704
  6.1292E-05,    -0.13206
  6.1296E-05,   -0.133417
    6.13E-05,   -0.134774
  6.1304E-05,   -0.136583
  6.1308E-05,    -0.13794
  6.1312E-05,   -0.139749
  6.1316E-05,   -0.141106
   6.132E-05,   -0.142462
  6.1324E-05,   -0.144271
  6.1328E-05,   -0.145628
  6.1332E-05,   -0.146985
  6.1336E-05,   -0.148794
   6.134E-05,   -0.150151
  6.1344E-05,   -0.151508
  6.1348E-05,   -0.152864
  6.1352E-05,   -0.154221
  6.1356E-05,    -0.15603
   6.136E-05,   -0.157387
  6.1364E-05,   -0.158744
  6.1368E-05,   -0.160101
  6.1372E-05,   -0.161457
  6.1376E-05,   -0.162814
   6.138E-05,   -0.164171
  6.1384E-05,   -0.165528
  6.1388E-05,   -0.166884
  6.1392E-05,   -0.168241
  6.1396E-05,   -0.169146
    6.14E-05,   -0.170503
  6.1404E-05,   -0.171859
  6.1408E-05,   -0.173216
  6.1412E-05,   -0.174121
  6.1416E-05,   -0.175477
   6.142E-05,   -0.176834
  6.1424E-05,   -0.177739
  6.1428E-05,   -0.178643
  6.1432E-05,       -0.18
  6.1436E-05,   -0.180905
   6.144E-05,   -0.181809
  6.1444E-05,   -0.182714
  6.1448E-05,   -0.183618
  6.1452E-05,   -0.184523
  6.1456E-05,   -0.185427
   6.146E-05,   -0.186332
  6.1464E-05,   -0.187236
  6.1468E-05,   -0.188141
  6.1472E-05,   -0.188593
  6.1476E-05,   -0.189497
   6.148E-05,   -0.190402
  6.1484E-05,   -0.190854
  6.1488E-05,   -0.191759
  6.1492E-05,   -0.192211
  6.1496E-05,   -0.192663
    6.15E-05,   -0.193568
  6.1504E-05,    -0.19402
  6.1508E-05,   -0.194472
  6.1512E-05,   -0.194925
  6.1516E-05,   -0.195377
   6.152E-05,   -0.195829
  6.1524E-05,   -0.196281
  6.1528E-05,   -0.196281
  6.1532E-05,   -0.196281
  6.1536E-05,   -0.196734
   6.154E-05,   -0.197186
  6.1544E-05,   -0.197186
  6.1548E-05,   -0.197186
  6.1552E-05,   -0.197638
  6.1556E-05,   -0.197186
   6.156E-05,   -0.197638
  6.1564E-05,   -0.197638
  6.1568E-05,   -0.197186
  6.1572E-05,   -0.197186
  6.1576E-05,   -0.197186
   6.158E-05,   -0.197186
  6.1584E-05,   -0.196734
  6.1588E-05,   -0.196281
  6.1592E-05,   -0.196281
  6.1596E-05,   -0.195829
    6.16E-05,   -0.195377
  6.1604E-05,   -0.194925
  6.1608E-05,   -0.194472
  6.1612E-05,   -0.193568
  6.1616E-05,   -0.193116
   6.162E-05,   -0.192663
  6.1624E-05,   -0.192211
  6.1628E-05,   -0.191307
  6.1632E-05,   -0.190854
  6.1636E-05,    -0.18995
   6.164E-05,   -0.189045
  6.1644E-05,   -0.188141
  6.1648E-05,   -0.187236
  6.1652E-05,   -0.186332
  6.1656E-05,   -0.184975
   6.166E-05,   -0.184523
  6.1664E-05,   -0.183166
  6.1668E-05,   -0.182261
  6.1672E-05,   -0.180905
  6.1676E-05,   -0.179548
   6.168E-05,   -0.178643
  6.1684E-05,   -0.177286
  6.1688E-05,    -0.17593
  6.1692E-05,   -0.174573
  6.1696E-05,   -0.173216
    6.17E-05,   -0.171859
  6.1704E-05,    -0.17005
  6.1708E-05,   -0.168693
  6.1712E-05,   -0.167337
  6.1716E-05,   -0.165528
   6.172E-05,   -0.164171
  6.1724E-05,   -0.162362
  6.1728E-05,   -0.160553
  6.1732E-05,   -0.158744
  6.1736E-05,   -0.157387
   6.174E-05,   -0.155126
  6.1744E-05,   -0.152864
  6.1748E-05,   -0.151508
  6.1752E-05,   -0.149698
  6.1756E-05,   -0.147437
   6.176E-05,   -0.145628
  6.1764E-05,   -0.143367
  6.1768E-05,   -0.141106
  6.1772E-05,   -0.139296
  6.1776E-05,   -0.137035
   6.178E-05,   -0.134774
  6.1784E-05,    -0.13206
  6.1788E-05,   -0.129799
  6.1792E-05,    -0.12799
  6.1796E-05,   -0.125276
    6.18E-05,   -0.123015
  6.1804E-05,   -0.120302
  6.1808E-05,    -0.11804
  6.1812E-05,   -0.115327
  6.1816E-05,   -0.113065
   6.182E-05,   -0.110352
  6.1824E-05,   -0.107638
  6.1828E-05,   -0.104925
  6.1832E-05,   -0.102663
  6.1836E-05,  -0.0999497
   6.184E-05,  -0.0967839
  6.1844E-05,  -0.0945226
  6.1848E-05,  -0.0913568
  6.1852E-05,  -0.0886432
  6.1856E-05,  -0.0859296
   6.186E-05,  -0.0832161
  6.1864E-05,  -0.0805025
  6.1868E-05,  -0.0777889
  6.1872E-05,  -0.0750754
  6.1876E-05,  -0.0719095
   6.188E-05,  -0.0687437
  6.1884E-05,  -0.0660302
  6.1888E-05,  -0.0633166
  6.1892E-05,  -0.0601508
  6.1896E-05,  -0.0569849
    6.19E-05,  -0.0542714
  6.1904E-05,  -0.0515578
  6.1908E-05,   -0.048392
  6.1912E-05,  -0.0447739
  6.1916E-05,  -0.0420603
   6.192E-05,  -0.0388945
  6.1924E-05,  -0.0357286
  6.1928E-05,  -0.0330151
  6.1932E-05,  -0.0298492
  6.1936E-05,  -0.0266834
   6.194E-05,  -0.0239698
  6.1944E-05,  -0.0203518
  6.1948E-05,  -0.0171859
  6.1952E-05,  -0.0140201
  6.1956E-05,  -0.0108543
   6.196E-05,  -0.0081407
  6.1964E-05, -0.00497487
  6.1968E-05, -0.00226131
  6.1972E-05,  0.00135678
  6.1976E-05,  0.00407035
   6.198E-05,  0.00723618
  6.1984E-05,    0.010402
  6.1988E-05,   0.0135678
  6.1992E-05,   0.0167337
  6.1996E-05,   0.0194472
     6.2E-05,   0.0230653
  6.2004E-05,   0.0262312
  6.2008E-05,   0.0289447
  6.2012E-05,   0.0321106
  6.2016E-05,   0.0357286
   6.202E-05,   0.0384422
  6.2024E-05,    0.041608
  6.2028E-05,   0.0447739
  6.2032E-05,   0.0479397
  6.2036E-05,   0.0511055
   6.204E-05,   0.0542714
  6.2044E-05,   0.0574372
  6.2048E-05,    0.060603
  6.2052E-05,   0.0633166
  6.2056E-05,   0.0669347
   6.206E-05,   0.0696482
  6.2064E-05,   0.0728141
  6.2068E-05,   0.0759799
  6.2072E-05,   0.0786935
  6.2076E-05,   0.0818593
   6.208E-05,   0.0845729
  6.2084E-05,   0.0877387
  6.2088E-05,   0.0904523
  6.2092E-05,   0.0931658
  6.2096E-05,   0.0963317
    6.21E-05,   0.0990452
  6.2104E-05,    0.101759
  6.2108E-05,    0.104472
  6.2112E-05,    0.107638
  6.2116E-05,    0.110352
   6.212E-05,    0.112613
  6.2124E-05,    0.115779
  6.2128E-05,     0.11804
  6.2132E-05,    0.120754
  6.2136E-05,    0.123467
   6.214E-05,    0.125729
  6.2144E-05,    0.128442
  6.2148E-05,    0.130704
  6.2152E-05,    0.133417
  6.2156E-05,    0.135678
   6.216E-05,    0.138392
  6.2164E-05,    0.140653
  6.2168E-05,    0.142915
  6.2172E-05,    0.144724
  6.2176E-05,    0.146985
   6.218E-05,    0.149698
  6.2184E-05,     0.15196
  6.2188E-05,    0.154221
  6.2192E-05,     0.15603
  6.2196E-05,    0.158291
    6.22E-05,    0.160553
  6.2204E-05,    0.162362
  6.2208E-05,    0.164623
  6.2212E-05,    0.166432
  6.2216E-05,    0.168241
   6.222E-05,     0.17005
  6.2224E-05,    0.172312
  6.2228E-05,    0.173668
  6.2232E-05,    0.175477
  6.2236E-05,    0.177286
   6.224E-05,    0.179095
  6.2244E-05,    0.180452
  6.2248E-05,    0.181809
  6.2252E-05,    0.183618
  6.2256E-05,    0.184975
   6.226E-05,    0.186332
  6.2264E-05,    0.187688
  6.2268E-05,    0.189497
  6.2272E-05,    0.190402
  6.2276E-05,    0.191759
   6.228E-05,    0.192663
  6.2284E-05,     0.19402
  6.2288E-05,    0.195377
  6.2292E-05,    0.196281
  6.2296E-05,    0.197186
    6.23E-05,     0.19809
  6.2304E-05,    0.199447
  6.2308E-05,    0.199899
  6.2312E-05,    0.200804
  6.2316E-05,    0.201709
   6.232E-05,    0.202161
  6.2324E-05,    0.203065
  6.2328E-05,    0.203518
  6.2332E-05,    0.204422
  6.2336E-05,    0.204874
   6.234E-05,    0.205327
  6.2344E-05,    0.205779
  6.2348E-05,    0.206231
  6.2352E-05,    0.206683
  6.2356E-05,    0.206683
   6.236E-05,    0.206683
  6.2364E-05,    0.207136
  6.2368E-05,    0.207588
  6.2372E-05,    0.207588
  6.2376E-05,    0.207136
   6.238E-05,    0.207588
  6.2384E-05,    0.207588
  6.2388E-05,    0.207136
  6.2392E-05,    0.207136
  6.2396E-05,    0.207136
    6.24E-05,    0.206683
  6.2404E-05,    0.206231
  6.2408E-05,    0.206231
  6.2412E-05,    0.205779
  6.2416E-05,    0.205327
   6.242E-05,    0.204874
  6.2424E-05,    0.204874
  6.2428E-05,     0.20397
  6.2432E-05,    0.203065
  6.2436E-05,    0.202613
   6.244E-05,    0.202161
  6.2444E-05,    0.201256
  6.2448E-05,    0.200352
  6.2452E-05,    0.199899
  6.2456E-05,    0.198995
   6.246E-05,    0.197638
  6.2464E-05,    0.197186
  6.2468E-05,    0.195829
  6.2472E-05,    0.194925
  6.2476E-05,    0.193568
   6.248E-05,    0.192663
  6.2484E-05,    0.191307
  6.2488E-05,     0.18995
  6.2492E-05,    0.188593
  6.2496E-05,    0.187688
    6.25E-05,    0.186332
  6.2504E-05,    0.184975
  6.2508E-05,    0.183618
  6.2512E-05,    0.182261
  6.2516E-05,    0.180452
   6.252E-05,    0.178643
  6.2524E-05,    0.177286
  6.2528E-05,     0.17593
  6.2532E-05,    0.174121
  6.2536E-05,    0.172312
   6.254E-05,    0.170955
  6.2544E-05,    0.169146
  6.2548E-05,    0.166884
  6.2552E-05,    0.165528
  6.2556E-05,    0.163719
   6.256E-05,    0.161457
  6.2564E-05,    0.159648
  6.2568E-05,    0.157839
  6.2572E-05,    0.155578
  6.2576E-05,    0.153317
   6.258E-05,    0.151508
  6.2584E-05,    0.149698
  6.2588E-05,    0.147437
  6.2592E-05,    0.145176
  6.2596E-05,    0.143367
    6.26E-05,    0.140653
  6.2604E-05,    0.138844
  6.2608E-05,    0.136583
  6.2612E-05,    0.134322
  6.2616E-05,     0.13206
   6.262E-05,    0.129799
  6.2624E-05,    0.127538
  6.2628E-05,    0.124824
  6.2632E-05,    0.122563
  6.2636E-05,    0.120302
   6.264E-05,     0.11804
  6.2644E-05,    0.115779
  6.2648E-05,    0.113065
  6.2652E-05,    0.110804
  6.2656E-05,    0.108543
   6.266E-05,    0.105829
  6.2664E-05,    0.103116
  6.2668E-05,    0.100402
  6.2672E-05,   0.0981407
  6.2676E-05,   0.0954271
   6.268E-05,   0.0931658
  6.2684E-05,   0.0904523
  6.2688E-05,   0.0877387
  6.2692E-05,   0.0850251
  6.2696E-05,   0.0827638
    6.27E-05,    0.079598
  6.2704E-05,   0.0768844
  6.2708E-05,   0.0746231
  6.2712E-05,   0.0719095
  6.2716E-05,    0.069196
   6.272E-05,   0.0664824
  6.2724E-05,   0.0637688
  6.2728E-05,   0.0610553
  6.2732E-05,   0.0583417
  6.2736E-05,   0.0560804
   6.274E-05,   0.0529146
  6.2744E-05,    0.050201
  6.2748E-05,   0.0479397
  6.2752E-05,   0.0452261
  6.2756E-05,   0.0420603
   6.276E-05,   0.0393467
  6.2764E-05,   0.0366332
  6.2768E-05,   0.0343719
  6.2772E-05,   0.0316583
  6.2776E-05,   0.0289447
   6.278E-05,   0.0266834
  6.2784E-05,   0.0235176
  6.2788E-05,    0.020804
  6.2792E-05,   0.0185427
  6.2796E-05,   0.0162814
    6.28E-05,   0.0131156
  6.2804E-05,    0.010402
  6.2808E-05,   0.0081407
  6.2812E-05,   0.0058794
  6.2816E-05,  0.00271357
   6.282E-05, 0.000452261
  6.2824E-05, -0.00180905
  6.2828E-05, -0.00452261
  6.2832E-05, -0.00768844
  6.2836E-05, -0.00994975
   6.284E-05,  -0.0122111
  6.2844E-05,  -0.0149246
  6.2848E-05,  -0.0171859
  6.2852E-05,  -0.0198995
  6.2856E-05,  -0.0226131
   6.286E-05,  -0.0248744
  6.2864E-05,  -0.0271357
  6.2868E-05,  -0.0298492
  6.2872E-05,  -0.0321106
  6.2876E-05,  -0.0343719
   6.288E-05,  -0.0366332
  6.2884E-05,  -0.0388945
  6.2888E-05,   -0.041608
  6.2892E-05,  -0.0438693
  6.2896E-05,  -0.0461307
    6.29E-05,   -0.048392
  6.2904E-05,  -0.0506533
  6.2908E-05,  -0.0529146
  6.2912E-05,  -0.0551759
  6.2916E-05,  -0.0574372
   6.292E-05,  -0.0596985
  6.2924E-05,  -0.0619598
  6.2928E-05,  -0.0637688
  6.2932E-05,  -0.0660302
  6.2936E-05,  -0.0682915
   6.294E-05,  -0.0701005
  6.2944E-05,  -0.0719095
  6.2948E-05,  -0.0741709
  6.2952E-05,  -0.0759799
  6.2956E-05,  -0.0777889
   6.296E-05,   -0.079598
  6.2964E-05,  -0.0818593
  6.2968E-05,  -0.0836683
  6.2972E-05,  -0.0854774
  6.2976E-05,  -0.0868342
   6.298E-05,  -0.0886432
  6.2984E-05,  -0.0904523
  6.2988E-05,  -0.0922613
  6.2992E-05,  -0.0936181
  6.2996E-05,  -0.0949749
     6.3E-05,  -0.0972362
  6.3004E-05,   -0.098593
  6.3008E-05,  -0.0999497
  6.3012E-05,   -0.101759
  6.3016E-05,   -0.103116
   6.302E-05,   -0.104472
  6.3024E-05,   -0.105829
  6.3028E-05,   -0.107638
  6.3032E-05,   -0.108995
  6.3036E-05,   -0.109899
   6.304E-05,   -0.111256
  6.3044E-05,   -0.112613
  6.3048E-05,   -0.113518
  6.3052E-05,   -0.114874
  6.3056E-05,   -0.115779
   6.306E-05,   -0.117136
  6.3064E-05,    -0.11804
  6.3068E-05,   -0.119397
  6.3072E-05,   -0.120302
  6.3076E-05,   -0.120754
   6.308E-05,   -0.121658
  6.3084E-05,   -0.123015
  6.3088E-05,   -0.123467
  6.3092E-05,    -0.12392
  6.3096E-05,   -0.124824
    6.31E-05,   -0.125729
  6.3104E-05,   -0.126181
  6.3108E-05,   -0.126633
  6.3112E-05,   -0.127538
  6.3116E-05,    -0.12799
   6.312E-05,    -0.12799
  6.3124E-05,   -0.128442
  6.3128E-05,   -0.129347
  6.3132E-05,   -0.129347
  6.3136E-05,   -0.129799
   6.314E-05,   -0.129799
  6.3144E-05,   -0.130251
  6.3148E-05,   -0.130251
  6.3152E-05,   -0.130704
  6.3156E-05,   -0.131156
   6.316E-05,   -0.131156
  6.3164E-05,   -0.130704
  6.3168E-05,   -0.131156
  6.3172E-05,   -0.131156
  6.3176E-05,   -0.131156
   6.318E-05,   -0.130704
  6.3184E-05,   -0.130704
  6.3188E-05,   -0.130251
  6.3192E-05,   -0.130251
  6.3196E-05,   -0.129799
    6.32E-05,   -0.129347
  6.3204E-05,   -0.129347
  6.3208E-05,   -0.128894
  6.3212E-05,   -0.128442
  6.3216E-05,    -0.12799
   6.322E-05,   -0.127538
  6.3224E-05,   -0.126633
  6.3228E-05,   -0.126181
  6.3232E-05,   -0.125729
  6.3236E-05,   -0.125276
   6.324E-05,   -0.124372
  6.3244E-05,   -0.123467
  6.3248E-05,   -0.123015
  6.3252E-05,   -0.122111
  6.3256E-05,   -0.121206
   6.326E-05,   -0.120302
  6.3264E-05,   -0.119397
  6.3268E-05,   -0.118492
  6.3272E-05,   -0.117588
  6.3276E-05,   -0.116683
   6.328E-05,   -0.115779
  6.3284E-05,   -0.114422
  6.3288E-05,   -0.113518
  6.3292E-05,   -0.112613
  6.3296E-05,   -0.111256
    6.33E-05,   -0.109899
  6.3304E-05,   -0.109447
  6.3308E-05,   -0.107638
  6.3312E-05,   -0.106281
  6.3316E-05,   -0.104925
   6.332E-05,    -0.10402
  6.3324E-05,   -0.102663
  6.3328E-05,   -0.100854
  6.3332E-05,  -0.0999497
  6.3336E-05,   -0.098593
   6.334E-05,  -0.0967839
  6.3344E-05,  -0.0954271
  6.3348E-05,  -0.0940704
  6.3352E-05,  -0.0922613
  6.3356E-05,  -0.0909045
   6.336E-05,  -0.0895477
  6.3364E-05,  -0.0877387
  6.3368E-05,  -0.0859296
  6.3372E-05,  -0.0845729
  6.3376E-05,  -0.0832161
   6.338E-05,   -0.081407
  6.3384E-05,  -0.0800503
  6.3388E-05,  -0.0782412
  6.3392E-05,  -0.0764322
  6.3396E-05,  -0.0750754
    6.34E-05,  -0.0732663
  6.3404E-05,  -0.0714573
  6.3408E-05,  -0.0696482
  6.3412E-05,  -0.0678392
  6.3416E-05,  -0.0660302
   6.342E-05,  -0.0642211
  6.3424E-05,  -0.0628643
  6.3428E-05,  -0.0610553
  6.3432E-05,   -0.058794
  6.3436E-05,  -0.0569849
   6.344E-05,  -0.0551759
  6.3444E-05,  -0.0533668
  6.3448E-05,  -0.0515578
  6.3452E-05,  -0.0497487
  6.3456E-05,  -0.0474874
   6.346E-05,  -0.0456784
  6.3464E-05,  -0.0438693
  6.3468E-05,  -0.0420603
  6.3472E-05,   -0.039799
  6.3476E-05,  -0.0379899
   6.348E-05,  -0.0361809
  6.3484E-05,  -0.0339196
  6.3488E-05,  -0.0325628
  6.3492E-05,  -0.0303015
  6.3496E-05,  -0.0284925
    6.35E-05,  -0.0266834
  6.3504E-05,  -0.0248744
  6.3508E-05,  -0.0226131
  6.3512E-05,   -0.020804
  6.3516E-05,  -0.0185427
   6.352E-05,  -0.0167337
  6.3524E-05,  -0.0149246
  6.3528E-05,  -0.0131156
  6.3532E-05,  -0.0108543
  6.3536E-05, -0.00904523
   6.354E-05, -0.00723618
  6.3544E-05, -0.00542714
  6.3548E-05, -0.00361809
  6.3552E-05, -0.00180905
  6.3556E-05,           0
   6.356E-05,  0.00180905
  6.3564E-05,  0.00361809
  6.3568E-05,  0.00542714
  6.3572E-05,  0.00723618
  6.3576E-05,  0.00904523
   6.358E-05,   0.0108543
  6.3584E-05,   0.0126633
  6.3588E-05,   0.0144724
  6.3592E-05,   0.0162814
  6.3596E-05,   0.0180905
    6.36E-05,   0.0194472
  6.3604E-05,   0.0212563
  6.3608E-05,   0.0230653
  6.3612E-05,   0.0244221
  6.3616E-05,   0.0262312
   6.362E-05,   0.0275879
  6.3624E-05,   0.0298492
  6.3628E-05,    0.031206
  6.3632E-05,   0.0325628
  6.3636E-05,   0.0343719
   6.364E-05,   0.0366332
  6.3644E-05,   0.0379899
  6.3648E-05,    0.039799
  6.3652E-05,    0.041608
  6.3656E-05,   0.0429648
   6.366E-05,   0.0447739
  6.3664E-05,   0.0461307
  6.3668E-05,   0.0479397
  6.3672E-05,   0.0492965
  6.3676E-05,   0.0506533
   6.368E-05,     0.05201
  6.3684E-05,   0.0533668
  6.3688E-05,   0.0551759
  6.3692E-05,   0.0565327
  6.3696E-05,   0.0574372
    6.37E-05,   0.0592462
  6.3704E-05,    0.060603
  6.3708E-05,   0.0615075
  6.3712E-05,   0.0633166
  6.3716E-05,   0.0646734
   6.372E-05,   0.0655779
  6.3724E-05,   0.0664824
  6.3728E-05,   0.0682915
  6.3732E-05,    0.069196
  6.3736E-05,   0.0701005
   6.374E-05,   0.0714573
  6.3744E-05,   0.0723618
  6.3748E-05,   0.0732663
  6.3752E-05,   0.0746231
  6.3756E-05,   0.0755276
   6.376E-05,   0.0764322
  6.3764E-05,   0.0773367
  6.3768E-05,   0.0782412
  6.3772E-05,    0.079598
  6.3776E-05,   0.0805025
   6.378E-05,    0.081407
  6.3784E-05,   0.0823116
  6.3788E-05,   0.0832161
  6.3792E-05,   0.0836683
  6.3796E-05,   0.0845729
    6.38E-05,   0.0850251
  6.3804E-05,   0.0859296
  6.3808E-05,   0.0868342
  6.3812E-05,   0.0872864
  6.3816E-05,    0.088191
   6.382E-05,   0.0886432
  6.3824E-05,   0.0895477
  6.3828E-05,        0.09
  6.3832E-05,   0.0909045
  6.3836E-05,   0.0913568
   6.384E-05,    0.091809
  6.3844E-05,   0.0922613
  6.3848E-05,   0.0931658
  6.3852E-05,   0.0936181
  6.3856E-05,   0.0940704
   6.386E-05,   0.0945226
  6.3864E-05,   0.0945226
  6.3868E-05,   0.0949749
  6.3872E-05,   0.0954271
  6.3876E-05,   0.0958794
   6.388E-05,   0.0958794
  6.3884E-05,   0.0963317
  6.3888E-05,   0.0967839
  6.3892E-05,   0.0967839
  6.3896E-05,   0.0972362
    6.39E-05,   0.0976884
  6.3904E-05,   0.0976884
  6.3908E-05,   0.0981407
  6.3912E-05,   0.0981407
  6.3916E-05,    0.098593
   6.392E-05,    0.098593
  6.3924E-05,    0.098593
  6.3928E-05,    0.098593
  6.3932E-05,    0.098593
  6.3936E-05,    0.098593
   6.394E-05,   0.0990452
  6.3944E-05,   0.0990452
  6.3948E-05,   0.0990452
  6.3952E-05,   0.0990452
  6.3956E-05,   0.0990452
   6.396E-05,   0.0990452
  6.3964E-05,   0.0990452
  6.3968E-05,   0.0990452
  6.3972E-05,    0.098593
  6.3976E-05,    0.098593
   6.398E-05,    0.098593
  6.3984E-05,    0.098593
  6.3988E-05,   0.0981407
  6.3992E-05,   0.0981407
  6.3996E-05,   0.0981407
     6.4E-05,   0.0981407
  6.4004E-05,   0.0981407
  6.4008E-05,   0.0976884
  6.4012E-05,   0.0976884
  6.4016E-05,   0.0972362
   6.402E-05,   0.0972362
  6.4024E-05,   0.0972362
  6.4028E-05,   0.0967839
  6.4032E-05,   0.0963317
  6.4036E-05,   0.0967839
   6.404E-05,   0.0963317
  6.4044E-05,   0.0958794
  6.4048E-05,   0.0954271
  6.4052E-05,   0.0958794
  6.4056E-05,   0.0954271
   6.406E-05,   0.0949749
  6.4064E-05,   0.0945226
  6.4068E-05,   0.0945226
  6.4072E-05,   0.0940704
  6.4076E-05,   0.0936181
   6.408E-05,   0.0940704
  6.4084E-05,   0.0936181
  6.4088E-05,   0.0931658
  6.4092E-05,   0.0927136
  6.4096E-05,   0.0927136
    6.41E-05,   0.0922613
  6.4104E-05,    0.091809
  6.4108E-05,    0.091809
  6.4112E-05,   0.0913568
  6.4116E-05,   0.0913568
   6.412E-05,   0.0909045
  6.4124E-05,   0.0909045
  6.4128E-05,   0.0904523
  6.4132E-05,   0.0904523
  6.4136E-05,        0.09
   6.414E-05,   0.0895477
  6.4144E-05,   0.0895477
  6.4148E-05,   0.0895477
  6.4152E-05,   0.0890955
  6.4156E-05,   0.0886432
   6.416E-05,   0.0886432
  6.4164E-05,    0.088191
  6.4168E-05,   0.0877387
  6.4172E-05,   0.0877387
  6.4176E-05,   0.0877387
   6.418E-05,   0.0872864
  6.4184E-05,   0.0868342
  6.4188E-05,   0.0868342
  6.4192E-05,   0.0868342
  6.4196E-05,   0.0863819
    6.42E-05,   0.0863819
  6.4204E-05,   0.0859296
  6.4208E-05,   0.0859296
  6.4212E-05,   0.0859296
  6.4216E-05,   0.0854774
   6.422E-05,   0.0854774
  6.4224E-05,   0.0854774
  6.4228E-05,   0.0854774
  6.4232E-05,   0.0850251
  6.4236E-05,   0.0850251
   6.424E-05,   0.0850251
  6.4244E-05,   0.0850251
  6.4248E-05,   0.0850251
  6.4252E-05,   0.0845729
  6.4256E-05,   0.0845729
   6.426E-05,   0.0845729
  6.4264E-05,   0.0845729
  6.4268E-05,   0.0845729
  6.4272E-05,   0.0845729
  6.4276E-05,   0.0845729
   6.428E-05,   0.0845729
  6.4284E-05,   0.0845729
  6.4288E-05,   0.0845729
  6.4292E-05,   0.0845729
  6.4296E-05,   0.0845729
    6.43E-05,   0.0845729
  6.4304E-05,   0.0845729
  6.4308E-05,   0.0845729
  6.4312E-05,   0.0850251
  6.4316E-05,   0.0850251
   6.432E-05,   0.0850251
  6.4324E-05,   0.0850251
  6.4328E-05,   0.0850251
  6.4332E-05,   0.0854774
  6.4336E-05,   0.0854774
   6.434E-05,   0.0859296
  6.4344E-05,   0.0859296
  6.4348E-05,   0.0863819
  6.4352E-05,   0.0868342
  6.4356E-05,   0.0868342
   6.436E-05,   0.0868342
  6.4364E-05,   0.0868342
  6.4368E-05,   0.0872864
  6.4372E-05,   0.0877387
  6.4376E-05,   0.0877387
   6.438E-05,    0.088191
  6.4384E-05,   0.0886432
  6.4388E-05,    0.088191
  6.4392E-05,   0.0886432
  6.4396E-05,   0.0895477
    6.44E-05,   0.0895477
  6.4404E-05,   0.0895477
  6.4408E-05,        0.09
  6.4412E-05,   0.0904523
  6.4416E-05,   0.0904523
   6.442E-05,   0.0909045
  6.4424E-05,   0.0913568
  6.4428E-05,    0.091809
  6.4432E-05,    0.091809
  6.4436E-05,   0.0927136
   6.444E-05,   0.0931658
  6.4444E-05,   0.0931658
  6.4448E-05,   0.0940704
  6.4452E-05,   0.0945226
  6.4456E-05,   0.0949749
   6.446E-05,   0.0949749
  6.4464E-05,   0.0954271
  6.4468E-05,   0.0963317
  6.4472E-05,   0.0967839
  6.4476E-05,   0.0967839
   6.448E-05,   0.0976884
  6.4484E-05,   0.0981407
  6.4488E-05,    0.098593
  6.4492E-05,   0.0990452
  6.4496E-05,   0.0999497
    6.45E-05,    0.100402
  6.4504E-05,    0.100402
  6.4508E-05,    0.101307
  6.4512E-05,    0.102211
  6.4516E-05,    0.102211
   6.452E-05,    0.103116
  6.4524E-05,    0.103568
  6.4528E-05,     0.10402
  6.4532E-05,    0.104472
  6.4536E-05,    0.105377
   6.454E-05,    0.105829
  6.4544E-05,    0.106734
  6.4548E-05,    0.107186
  6.4552E-05,     0.10809
  6.4556E-05,     0.10809
   6.456E-05,    0.108995
  6.4564E-05,    0.109899
  6.4568E-05,    0.110352
  6.4572E-05,    0.110804
  6.4576E-05,    0.111709
   6.458E-05,    0.112161
  6.4584E-05,    0.112613
  6.4588E-05,    0.113065
  6.4592E-05,     0.11397
  6.4596E-05,    0.114422
    6.46E-05,    0.114874
  6.4604E-05,    0.115779
  6.4608E-05,    0.116683
  6.4612E-05,    0.117136
  6.4616E-05,    0.117588
   6.462E-05,    0.118492
  6.4624E-05,    0.118945
  6.4628E-05,    0.119397
  6.4632E-05,    0.120302
  6.4636E-05,    0.120754
   6.464E-05,    0.121206
  6.4644E-05,    0.122111
  6.4648E-05,    0.122563
  6.4652E-05,    0.123015
  6.4656E-05,     0.12392
   6.466E-05,    0.124372
  6.4664E-05,    0.125276
  6.4668E-05,    0.125729
  6.4672E-05,    0.126181
  6.4676E-05,    0.127085
   6.468E-05,    0.127538
  6.4684E-05,    0.128442
  6.4688E-05,    0.128894
  6.4692E-05,    0.129799
  6.4696E-05,    0.129799
    6.47E-05,    0.130251
  6.4704E-05,    0.131156
  6.4708E-05,     0.13206
  6.4712E-05,     0.13206
  6.4716E-05,    0.132965
   6.472E-05,    0.133417
  6.4724E-05,    0.134322
  6.4728E-05,    0.134322
  6.4732E-05,    0.135678
  6.4736E-05,    0.136131
   6.474E-05,    0.136131
  6.4744E-05,    0.136583
  6.4748E-05,    0.137487
  6.4752E-05,     0.13794
  6.4756E-05,    0.138392
   6.476E-05,    0.138844
  6.4764E-05,    0.139749
  6.4768E-05,    0.140201
  6.4772E-05,    0.140201
  6.4776E-05,    0.141106
   6.478E-05,    0.141558
  6.4784E-05,     0.14201
  6.4788E-05,    0.142462
  6.4792E-05,    0.143367
  6.4796E-05,    0.143819
    6.48E-05,    0.143819
  6.4804E-05,    0.144724
  6.4808E-05,    0.145176
  6.4812E-05,    0.145628
  6.4816E-05,     0.14608
   6.482E-05,    0.146533
  6.4824E-05,    0.146985
  6.4828E-05,    0.147437
  6.4832E-05,    0.147889
  6.4836E-05,    0.148342
   6.484E-05,    0.148794
  6.4844E-05,    0.149246
  6.4848E-05,    0.149246
  6.4852E-05,    0.149698
  6.4856E-05,    0.150151
   6.486E-05,    0.150603
  6.4864E-05,    0.150603
  6.4868E-05,    0.151055
  6.4872E-05,    0.151508
  6.4876E-05,     0.15196
   6.488E-05,     0.15196
  6.4884E-05,    0.152412
  6.4888E-05,    0.152864
  6.4892E-05,    0.153317
  6.4896E-05,    0.153317
    6.49E-05,    0.153769
  6.4904E-05,    0.154221
  6.4908E-05,    0.154221
  6.4912E-05,    0.154673
  6.4916E-05,    0.155126
   6.492E-05,    0.155126
  6.4924E-05,    0.155578
  6.4928E-05,     0.15603
  6.4932E-05,    0.156482
  6.4936E-05,    0.156482
   6.494E-05,    0.156935
  6.4944E-05,    0.156935
  6.4948E-05,    0.156935
  6.4952E-05,    0.157387
  6.4956E-05,    0.157839
   6.496E-05,    0.157839
  6.4964E-05,    0.157839
  6.4968E-05,    0.157839
  6.4972E-05,    0.158291
  6.4976E-05,    0.158291
   6.498E-05,    0.158291
  6.4984E-05,    0.159196
  6.4988E-05,    0.159196
  6.4992E-05,    0.158744
  6.4996E-05,    0.159196
     6.5E-05,    0.159648
  6.5004E-05,    0.159648
  6.5008E-05,    0.159648
  6.5012E-05,    0.160101
  6.5016E-05,    0.160101
   6.502E-05,    0.159648
  6.5024E-05,    0.160101
  6.5028E-05,    0.160553
  6.5032E-05,    0.160553
  6.5036E-05,    0.160553
   6.504E-05,    0.161005
  6.5044E-05,    0.161005
  6.5048E-05,    0.161005
  6.5052E-05,    0.161005
  6.5056E-05,    0.161457
   6.506E-05,    0.161005
  6.5064E-05,    0.161005
  6.5068E-05,    0.161457
  6.5072E-05,    0.161457
  6.5076E-05,    0.161457
   6.508E-05,    0.161457
  6.5084E-05,    0.161457
  6.5088E-05,    0.161457
  6.5092E-05,    0.161457
  6.5096E-05,    0.161457
    6.51E-05,    0.161457
  6.5104E-05,    0.161457
  6.5108E-05,    0.161457
  6.5112E-05,    0.161457
  6.5116E-05,    0.161457
   6.512E-05,    0.161457
  6.5124E-05,    0.161457
  6.5128E-05,     0.16191
  6.5132E-05,    0.161457
  6.5136E-05,    0.161457
   6.514E-05,    0.161457
  6.5144E-05,     0.16191
  6.5148E-05,    0.161457
  6.5152E-05,    0.161457
  6.5156E-05,     0.16191
   6.516E-05,    0.161457
  6.5164E-05,    0.161457
  6.5168E-05,    0.161457
  6.5172E-05,    0.161457
  6.5176E-05,    0.161457
   6.518E-05,    0.161457
  6.5184E-05,    0.161457
  6.5188E-05,    0.161457
  6.5192E-05,    0.161457
  6.5196E-05,    0.161457
    6.52E-05,    0.161005
  6.5204E-05,    0.161005
  6.5208E-05,    0.161005
  6.5212E-05,    0.161005
  6.5216E-05,    0.160553
   6.522E-05,    0.160553
  6.5224E-05,    0.160553
  6.5228E-05,    0.160553
  6.5232E-05,    0.160553
  6.5236E-05,    0.160101
   6.524E-05,    0.160553
  6.5244E-05,    0.160101
  6.5248E-05,    0.160101
  6.5252E-05,    0.160553
  6.5256E-05,    0.160553
   6.526E-05,    0.160101
  6.5264E-05,    0.160101
  6.5268E-05,    0.160101
  6.5272E-05,    0.160101
  6.5276E-05,    0.160101
   6.528E-05,    0.159648
  6.5284E-05,    0.159648
  6.5288E-05,    0.159648
  6.5292E-05,    0.159648
  6.5296E-05,    0.159648
    6.53E-05,    0.159648
  6.5304E-05,    0.159648
  6.5308E-05,    0.159196
  6.5312E-05,    0.159196
  6.5316E-05,    0.159196
   6.532E-05,    0.159196
  6.5324E-05,    0.158744
  6.5328E-05,    0.159196
  6.5332E-05,    0.159196
  6.5336E-05,    0.158744
   6.534E-05,    0.158744
  6.5344E-05,    0.158744
  6.5348E-05,    0.158291
  6.5352E-05,    0.158291
  6.5356E-05,    0.158291
   6.536E-05,    0.157839
  6.5364E-05,    0.157839
  6.5368E-05,    0.157839
  6.5372E-05,    0.157839
  6.5376E-05,    0.157839
   6.538E-05,    0.157839
  6.5384E-05,    0.157839
  6.5388E-05,    0.157387
  6.5392E-05,    0.157839
  6.5396E-05,    0.157839
    6.54E-05,    0.157387
  6.5404E-05,    0.156935
  6.5408E-05,    0.157387
  6.5412E-05,    0.157387
  6.5416E-05,    0.156935
   6.542E-05,    0.156935
  6.5424E-05,    0.156935
  6.5428E-05,    0.156935
  6.5432E-05,    0.156935
  6.5436E-05,    0.156482
   6.544E-05,    0.156482
  6.5444E-05,    0.156482
  6.5448E-05,     0.15603
  6.5452E-05,    0.156482
  6.5456E-05,    0.156482
   6.546E-05,     0.15603
  6.5464E-05,     0.15603
  6.5468E-05,     0.15603
  6.5472E-05,    0.155578
  6.5476E-05,    0.155578
   6.548E-05,    0.155578
  6.5484E-05,    0.155578
  6.5488E-05,    0.155126
  6.5492E-05,    0.155126
  6.5496E-05,    0.155126
    6.55E-05,    0.155126
  6.5504E-05,    0.155126
  6.5508E-05,    0.155126
  6.5512E-05,    0.155126
  6.5516E-05,    0.154673
   6.552E-05,    0.155126
  6.5524E-05,    0.154673
  6.5528E-05,    0.154221
  6.5532E-05,    0.154673
  6.5536E-05,    0.154673
   6.554E-05,    0.154221
  6.5544E-05,    0.154221
  6.5548E-05,    0.154221
  6.5552E-05,    0.154221
  6.5556E-05,    0.153769
   6.556E-05,    0.153769
  6.5564E-05,    0.153769
  6.5568E-05,    0.153769
  6.5572E-05,    0.153769
  6.5576E-05,    0.153769
   6.558E-05,    0.153317
  6.5584E-05,    0.153317
  6.5588E-05,    0.153317
  6.5592E-05,    0.153317
  6.5596E-05,    0.153317
    6.56E-05,    0.152864
  6.5604E-05,    0.152864
  6.5608E-05,    0.152864
  6.5612E-05,    0.152864
  6.5616E-05,    0.152864
   6.562E-05,    0.152412
  6.5624E-05,    0.152412
  6.5628E-05,    0.152864
  6.5632E-05,    0.152412
  6.5636E-05,    0.152412
   6.564E-05,    0.152412
  6.5644E-05,    0.152412
  6.5648E-05,    0.152412
  6.5652E-05,     0.15196
  6.5656E-05,     0.15196
   6.566E-05,     0.15196
  6.5664E-05,     0.15196
  6.5668E-05,     0.15196
  6.5672E-05,     0.15196
  6.5676E-05,    0.151508
   6.568E-05,    0.151508
  6.5684E-05,    0.151508
  6.5688E-05,    0.151508
  6.5692E-05,    0.151508
  6.5696E-05,    0.151055
    6.57E-05,    0.151055
  6.5704E-05,    0.151055
  6.5708E-05,    0.151055
  6.5712E-05,    0.151055
  6.5716E-05,    0.151055
   6.572E-05,    0.151055
  6.5724E-05,    0.150603
  6.5728E-05,    0.150603
  6.5732E-05,    0.150603
  6.5736E-05,    0.150603
   6.574E-05,    0.150603
  6.5744E-05,    0.150151
  6.5748E-05,    0.150151
  6.5752E-05,    0.150151
  6.5756E-05,    0.150151
   6.576E-05,    0.149698
  6.5764E-05,    0.149698
  6.5768E-05,    0.149246
  6.5772E-05,    0.149246
  6.5776E-05,    0.149246
   6.578E-05,    0.149246
  6.5784E-05,    0.148794
  6.5788E-05,    0.148794
  6.5792E-05,    0.148794
  6.5796E-05,    0.148794
    6.58E-05,    0.148342
  6.5804E-05,    0.148342
  6.5808E-05,    0.148342
  6.5812E-05,    0.148342
  6.5816E-05,    0.148342
   6.582E-05,    0.148342
  6.5824E-05,    0.147889
  6.5828E-05,    0.147889
  6.5832E-05,    0.147889
  6.5836E-05,    0.147437
   6.584E-05,    0.147437
  6.5844E-05,    0.147437
  6.5848E-05,    0.147437
  6.5852E-05,    0.146985
  6.5856E-05,    0.146985
   6.586E-05,    0.146985
  6.5864E-05,    0.146985
  6.5868E-05,    0.146533
  6.5872E-05,    0.146533
  6.5876E-05,    0.146533
   6.588E-05,     0.14608
  6.5884E-05,     0.14608
  6.5888E-05,     0.14608
  6.5892E-05,    0.145628
  6.5896E-05,    0.145628
    6.59E-05,    0.145176
  6.5904E-05,    0.145176
  6.5908E-05,    0.144724
  6.5912E-05,    0.144724
  6.5916E-05,    0.144724
   6.592E-05,    0.144724
  6.5924E-05,    0.144271
  6.5928E-05,    0.144271
  6.5932E-05,    0.144271
  6.5936E-05,    0.143819
   6.594E-05,    0.143819
  6.5944E-05,    0.143819
  6.5948E-05,    0.143819
  6.5952E-05,    0.143819
  6.5956E-05,    0.143367
   6.596E-05,    0.142915
  6.5964E-05,    0.142915
  6.5968E-05,    0.142915
  6.5972E-05,    0.142915
  6.5976E-05,    0.142462
   6.598E-05,    0.142462
  6.5984E-05,     0.14201
  6.5988E-05,     0.14201
  6.5992E-05,     0.14201
  6.5996E-05,    0.141558
     6.6E-05,    0.141558
  6.6004E-05,    0.141558
  6.6008E-05,    0.141558
  6.6012E-05,    0.141106
  6.6016E-05,    0.141106
   6.602E-05,    0.140653
  6.6024E-05,    0.140653
  6.6028E-05,    0.140653
  6.6032E-05,    0.140653
  6.6036E-05,    0.140201
   6.604E-05,    0.139749
  6.6044E-05,    0.139749
  6.6048E-05,    0.139749
  6.6052E-05,    0.139296
  6.6056E-05,    0.139296
   6.606E-05,    0.139296
  6.6064E-05,    0.138844
  6.6068E-05,    0.138844
  6.6072E-05,    0.138844
  6.6076E-05,    0.138844
   6.608E-05,    0.138392
  6.6084E-05,    0.138392
  6.6088E-05,    0.138392
  6.6092E-05,     0.13794
  6.6096E-05,    0.137487
    6.61E-05,    0.137487
  6.6104E-05,    0.137035
  6.6108E-05,    0.137035
  6.6112E-05,    0.137035
  6.6116E-05,    0.137035
   6.612E-05,    0.136583
  6.6124E-05,    0.136583
  6.6128E-05,    0.136583
  6.6132E-05,    0.136131
  6.6136E-05,    0.136131
   6.614E-05,    0.135678
  6.6144E-05,    0.135678
  6.6148E-05,    0.135678
  6.6152E-05,    0.135226
  6.6156E-05,    0.135226
   6.616E-05,    0.135226
  6.6164E-05,    0.134774
  6.6168E-05,    0.134322
  6.6172E-05,    0.134322
  6.6176E-05,    0.134322
   6.618E-05,    0.133869
  6.6184E-05,    0.133869
  6.6188E-05,    0.133869
  6.6192E-05,    0.133869
  6.6196E-05,    0.133417
    6.62E-05,    0.133417
  6.6204E-05,    0.133417
  6.6208E-05,    0.132965
  6.6212E-05,    0.132965
  6.6216E-05,    0.132965
   6.622E-05,    0.132513
  6.6224E-05,     0.13206
  6.6228E-05,     0.13206
  6.6232E-05,    0.132513
  6.6236E-05,    0.131608
   6.624E-05,    0.131156
  6.6244E-05,    0.131608
  6.6248E-05,    0.131608
  6.6252E-05,    0.131156
  6.6256E-05,    0.130704
   6.626E-05,    0.130704
  6.6264E-05,    0.130704
  6.6268E-05,    0.130704
  6.6272E-05,    0.130251
  6.6276E-05,    0.130251
   6.628E-05,    0.129799
  6.6284E-05,    0.129799
  6.6288E-05,    0.129799
  6.6292E-05,    0.129347
  6.6296E-05,    0.128894
    6.63E-05,    0.129347
  6.6304E-05,    0.128894
  6.6308E-05,    0.128894
  6.6312E-05,    0.128442
  6.6316E-05,    0.128442
   6.632E-05,     0.12799
  6.6324E-05,     0.12799
  6.6328E-05,     0.12799
  6.6332E-05,    0.127538
  6.6336E-05,    0.127538
   6.634E-05,    0.127538
  6.6344E-05,    0.127085
  6.6348E-05,    0.127085
  6.6352E-05,    0.126633
  6.6356E-05,    0.126633
   6.636E-05,    0.126633
  6.6364E-05,    0.126181
  6.6368E-05,    0.126181
  6.6372E-05,    0.126181
  6.6376E-05,    0.126181
   6.638E-05,    0.125729
  6.6384E-05,    0.125276
  6.6388E-05,    0.125276
  6.6392E-05,    0.125276
  6.6396E-05,    0.124824
    6.64E-05,    0.124824
  6.6404E-05,    0.124824
  6.6408E-05,    0.124824
  6.6412E-05,    0.124372
  6.6416E-05,    0.124372
   6.642E-05,    0.124372
  6.6424E-05,     0.12392
  6.6428E-05,     0.12392
  6.6432E-05,     0.12392
  6.6436E-05,    0.123467
   6.644E-05,    0.123467
  6.6444E-05,    0.123015
  6.6448E-05,    0.123467
  6.6452E-05,    0.123015
  6.6456E-05,    0.122563
   6.646E-05,    0.122563
  6.6464E-05,    0.122111
  6.6468E-05,    0.122111
  6.6472E-05,    0.122111
  6.6476E-05,    0.121658
   6.648E-05,    0.121658
  6.6484E-05,    0.121658
  6.6488E-05,    0.121206
  6.6492E-05,    0.121206
  6.6496E-05,    0.121206
    6.65E-05,    0.120754
  6.6504E-05,    0.120754
  6.6508E-05,    0.120754
  6.6512E-05,    0.120754
  6.6516E-05,    0.120302
   6.652E-05,    0.120302
  6.6524E-05,    0.119849
  6.6528E-05,    0.119849
  6.6532E-05,    0.119849
  6.6536E-05,    0.119397
   6.654E-05,    0.119397
  6.6544E-05,    0.118945
  6.6548E-05,    0.118945
  6.6552E-05,    0.118945
  6.6556E-05,    0.118945
   6.656E-05,    0.118492
  6.6564E-05,     0.11804
  6.6568E-05,     0.11804
  6.6572E-05,     0.11804
  6.6576E-05,    0.117588
   6.658E-05,    0.117588
  6.6584E-05,    0.117588
  6.6588E-05,    0.117136
  6.6592E-05,    0.117136
  6.6596E-05,    0.117136
    6.66E-05,    0.116683
  6.6604E-05,    0.116683
  6.6608E-05,    0.116231
  6.6612E-05,    0.116683
  6.6616E-05,    0.116231
   6.662E-05,    0.115779
  6.6624E-05,    0.115779
  6.6628E-05,    0.115779
  6.6632E-05,    0.115327
  6.6636E-05,    0.115327
   6.664E-05,    0.115327
  6.6644E-05,    0.114874
  6.6648E-05,    0.114874
  6.6652E-05,    0.114874
  6.6656E-05,    0.114422
   6.666E-05,    0.114422
  6.6664E-05,    0.114422
  6.6668E-05,     0.11397
  6.6672E-05,    0.113518
  6.6676E-05,    0.113518
   6.668E-05,    0.113518
  6.6684E-05,    0.113065
  6.6688E-05,    0.112613
  6.6692E-05,    0.113065
  6.6696E-05,    0.112613
    6.67E-05,    0.112613
  6.6704E-05,    0.112613
  6.6708E-05,    0.112161
  6.6712E-05,    0.112161
  6.6716E-05,    0.111709
   6.672E-05,    0.112161
  6.6724E-05,    0.111709
  6.6728E-05,    0.111256
  6.6732E-05,    0.111256
  6.6736E-05,    0.110804
   6.674E-05,    0.110804
  6.6744E-05,    0.110804
  6.6748E-05,    0.110352
  6.6752E-05,    0.110352
  6.6756E-05,    0.110352
   6.676E-05,    0.110352
  6.6764E-05,    0.109899
  6.6768E-05,    0.109447
  6.6772E-05,    0.109447
  6.6776E-05,    0.109447
   6.678E-05,    0.109447
  6.6784E-05,    0.108995
  6.6788E-05,    0.108543
  6.6792E-05,    0.108543
  6.6796E-05,    0.108543
    6.68E-05,     0.10809
  6.6804E-05,     0.10809
  6.6808E-05,     0.10809
  6.6812E-05,    0.107638
  6.6816E-05,    0.107638
   6.682E-05,    0.107186
  6.6824E-05,    0.107638
  6.6828E-05,    0.107186
  6.6832E-05,    0.106734
  6.6836E-05,    0.106734
   6.684E-05,    0.106734
  6.6844E-05,    0.106281
  6.6848E-05,    0.106281
  6.6852E-05,    0.106281
  6.6856E-05,    0.105829
   6.686E-05,    0.105377
  6.6864E-05,    0.105377
  6.6868E-05,    0.105377
  6.6872E-05,    0.104925
  6.6876E-05,    0.104925
   6.688E-05,    0.104925
  6.6884E-05,    0.104925
  6.6888E-05,    0.104472
  6.6892E-05,    0.104472
  6.6896E-05,    0.104472
    6.69E-05,     0.10402
  6.6904E-05,    0.103568
  6.6908E-05,    0.103568
  6.6912E-05,    0.103568
  6.6916E-05,    0.103116
   6.692E-05,    0.103116
  6.6924E-05,    0.103116
  6.6928E-05,    0.102663
  6.6932E-05,    0.102663
  6.6936E-05,    0.102211
   6.694E-05,    0.102211
  6.6944E-05,    0.102211
  6.6948E-05,    0.101759
  6.6952E-05,    0.101759
  6.6956E-05,    0.101307
   6.696E-05,    0.101759
  6.6964E-05,    0.101307
  6.6968E-05,    0.100854
  6.6972E-05,    0.100854
  6.6976E-05,    0.100854
   6.698E-05,    0.100402
  6.6984E-05,    0.100402
  6.6988E-05,   0.0999497
  6.6992E-05,   0.0999497
  6.6996E-05,   0.0999497
