    0.000137,   0.0379899
 0.000137004,   0.0379899
 0.000137008,   0.0379899
 0.000137012,   0.0379899
 0.000137016,   0.0384422
  0.00013702,   0.0384422
 0.000137024,   0.0384422
 0.000137028,   0.0388945
 0.000137032,   0.0384422
 0.000137036,   0.0388945
  0.00013704,   0.0393467
 0.000137044,   0.0393467
 0.000137048,   0.0388945
 0.000137052,   0.0393467
 0.000137056,   0.0393467
  0.00013706,   0.0393467
 0.000137064,   0.0393467
 0.000137068,    0.039799
 0.000137072,    0.039799
 0.000137076,    0.039799
  0.00013708,    0.039799
 0.000137084,   0.0402513
 0.000137088,   0.0402513
 0.000137092,    0.039799
 0.000137096,   0.0407035
   0.0001371,   0.0407035
 0.000137104,   0.0402513
 0.000137108,   0.0407035
 0.000137112,   0.0411558
 0.000137116,   0.0407035
  0.00013712,   0.0407035
 0.000137124,   0.0411558
 0.000137128,    0.041608
 0.000137132,   0.0407035
 0.000137136,   0.0411558
  0.00013714,    0.041608
 0.000137144,    0.041608
 0.000137148,    0.041608
 0.000137152,    0.041608
 0.000137156,   0.0420603
  0.00013716,   0.0420603
 0.000137164,   0.0420603
 0.000137168,   0.0420603
 0.000137172,   0.0420603
 0.000137176,   0.0425126
  0.00013718,   0.0425126
 0.000137184,   0.0425126
 0.000137188,   0.0429648
 0.000137192,   0.0429648
 0.000137196,   0.0429648
   0.0001372,   0.0429648
 0.000137204,   0.0429648
 0.000137208,   0.0434171
 0.000137212,   0.0434171
 0.000137216,   0.0434171
  0.00013722,   0.0434171
 0.000137224,   0.0434171
 0.000137228,   0.0438693
 0.000137232,   0.0434171
 0.000137236,   0.0434171
  0.00013724,   0.0438693
 0.000137244,   0.0438693
 0.000137248,   0.0438693
 0.000137252,   0.0443216
 0.000137256,   0.0443216
  0.00013726,   0.0438693
 0.000137264,   0.0443216
 0.000137268,   0.0443216
 0.000137272,   0.0443216
 0.000137276,   0.0443216
  0.00013728,   0.0443216
 0.000137284,   0.0447739
 0.000137288,   0.0447739
 0.000137292,   0.0447739
 0.000137296,   0.0447739
   0.0001373,   0.0452261
 0.000137304,   0.0452261
 0.000137308,   0.0452261
 0.000137312,   0.0452261
 0.000137316,   0.0456784
  0.00013732,   0.0452261
 0.000137324,   0.0452261
 0.000137328,   0.0456784
 0.000137332,   0.0456784
 0.000137336,   0.0456784
  0.00013734,   0.0456784
 0.000137344,   0.0456784
 0.000137348,   0.0461307
 0.000137352,   0.0461307
 0.000137356,   0.0461307
  0.00013736,   0.0461307
 0.000137364,   0.0461307
 0.000137368,   0.0465829
 0.000137372,   0.0461307
 0.000137376,   0.0461307
  0.00013738,   0.0465829
 0.000137384,   0.0465829
 0.000137388,   0.0465829
 0.000137392,   0.0465829
 0.000137396,   0.0465829
   0.0001374,   0.0465829
 0.000137404,   0.0465829
 0.000137408,   0.0470352
 0.000137412,   0.0470352
 0.000137416,   0.0465829
  0.00013742,   0.0470352
 0.000137424,   0.0470352
 0.000137428,   0.0470352
 0.000137432,   0.0470352
 0.000137436,   0.0470352
  0.00013744,   0.0474874
 0.000137444,   0.0470352
 0.000137448,   0.0470352
 0.000137452,   0.0474874
 0.000137456,   0.0474874
  0.00013746,   0.0474874
 0.000137464,   0.0474874
 0.000137468,   0.0474874
 0.000137472,   0.0474874
 0.000137476,   0.0474874
  0.00013748,   0.0474874
 0.000137484,   0.0479397
 0.000137488,   0.0479397
 0.000137492,   0.0479397
 0.000137496,   0.0479397
   0.0001375,   0.0479397
 0.000137504,   0.0479397
 0.000137508,   0.0479397
 0.000137512,    0.048392
 0.000137516,    0.048392
  0.00013752,    0.048392
 0.000137524,   0.0479397
 0.000137528,    0.048392
 0.000137532,    0.048392
 0.000137536,    0.048392
  0.00013754,    0.048392
 0.000137544,    0.048392
 0.000137548,    0.048392
 0.000137552,    0.048392
 0.000137556,    0.048392
  0.00013756,    0.048392
 0.000137564,    0.048392
 0.000137568,   0.0488442
 0.000137572,    0.048392
 0.000137576,   0.0479397
  0.00013758,   0.0488442
 0.000137584,   0.0488442
 0.000137588,    0.048392
 0.000137592,   0.0488442
 0.000137596,    0.048392
   0.0001376,    0.048392
 0.000137604,    0.048392
 0.000137608,   0.0488442
 0.000137612,   0.0488442
 0.000137616,    0.048392
  0.00013762,   0.0488442
 0.000137624,   0.0488442
 0.000137628,    0.048392
 0.000137632,   0.0488442
 0.000137636,   0.0488442
  0.00013764,   0.0488442
 0.000137644,   0.0488442
 0.000137648,   0.0488442
 0.000137652,   0.0488442
 0.000137656,   0.0488442
  0.00013766,   0.0488442
 0.000137664,   0.0488442
 0.000137668,    0.048392
 0.000137672,   0.0488442
 0.000137676,   0.0488442
  0.00013768,   0.0488442
 0.000137684,    0.048392
 0.000137688,   0.0488442
 0.000137692,   0.0488442
 0.000137696,   0.0488442
   0.0001377,    0.048392
 0.000137704,   0.0488442
 0.000137708,   0.0488442
 0.000137712,    0.048392
 0.000137716,    0.048392
  0.00013772,   0.0488442
 0.000137724,   0.0488442
 0.000137728,    0.048392
 0.000137732,    0.048392
 0.000137736,   0.0488442
  0.00013774,   0.0488442
 0.000137744,    0.048392
 0.000137748,    0.048392
 0.000137752,    0.048392
 0.000137756,    0.048392
  0.00013776,    0.048392
 0.000137764,    0.048392
 0.000137768,    0.048392
 0.000137772,    0.048392
 0.000137776,    0.048392
  0.00013778,    0.048392
 0.000137784,    0.048392
 0.000137788,   0.0479397
 0.000137792,   0.0488442
 0.000137796,    0.048392
   0.0001378,   0.0479397
 0.000137804,    0.048392
 0.000137808,    0.048392
 0.000137812,    0.048392
 0.000137816,   0.0479397
  0.00013782,   0.0479397
 0.000137824,   0.0479397
 0.000137828,   0.0479397
 0.000137832,   0.0479397
 0.000137836,   0.0479397
  0.00013784,   0.0474874
 0.000137844,   0.0479397
 0.000137848,   0.0479397
 0.000137852,   0.0479397
 0.000137856,   0.0474874
  0.00013786,   0.0474874
 0.000137864,   0.0479397
 0.000137868,   0.0474874
 0.000137872,   0.0474874
 0.000137876,   0.0474874
  0.00013788,   0.0474874
 0.000137884,   0.0474874
 0.000137888,   0.0470352
 0.000137892,   0.0470352
 0.000137896,   0.0474874
   0.0001379,   0.0470352
 0.000137904,   0.0470352
 0.000137908,   0.0470352
 0.000137912,   0.0470352
 0.000137916,   0.0470352
  0.00013792,   0.0465829
 0.000137924,   0.0470352
 0.000137928,   0.0470352
 0.000137932,   0.0465829
 0.000137936,   0.0461307
  0.00013794,   0.0465829
 0.000137944,   0.0465829
 0.000137948,   0.0465829
 0.000137952,   0.0461307
 0.000137956,   0.0461307
  0.00013796,   0.0461307
 0.000137964,   0.0461307
 0.000137968,   0.0456784
 0.000137972,   0.0456784
 0.000137976,   0.0461307
  0.00013798,   0.0456784
 0.000137984,   0.0456784
 0.000137988,   0.0456784
 0.000137992,   0.0456784
 0.000137996,   0.0452261
    0.000138,   0.0452261
 0.000138004,   0.0452261
 0.000138008,   0.0452261
 0.000138012,   0.0452261
 0.000138016,   0.0452261
  0.00013802,   0.0452261
 0.000138024,   0.0447739
 0.000138028,   0.0447739
 0.000138032,   0.0447739
 0.000138036,   0.0447739
  0.00013804,   0.0443216
 0.000138044,   0.0443216
 0.000138048,   0.0443216
 0.000138052,   0.0443216
 0.000138056,   0.0443216
  0.00013806,   0.0438693
 0.000138064,   0.0438693
 0.000138068,   0.0438693
 0.000138072,   0.0438693
 0.000138076,   0.0434171
  0.00013808,   0.0434171
 0.000138084,   0.0438693
 0.000138088,   0.0429648
 0.000138092,   0.0429648
 0.000138096,   0.0434171
   0.0001381,   0.0429648
 0.000138104,   0.0425126
 0.000138108,   0.0429648
 0.000138112,   0.0425126
 0.000138116,   0.0425126
  0.00013812,   0.0425126
 0.000138124,   0.0425126
 0.000138128,   0.0420603
 0.000138132,   0.0420603
 0.000138136,   0.0420603
  0.00013814,    0.041608
 0.000138144,    0.041608
 0.000138148,    0.041608
 0.000138152,    0.041608
 0.000138156,   0.0411558
  0.00013816,   0.0411558
 0.000138164,   0.0411558
 0.000138168,   0.0411558
 0.000138172,   0.0407035
 0.000138176,   0.0407035
  0.00013818,   0.0407035
 0.000138184,   0.0402513
 0.000138188,   0.0402513
 0.000138192,   0.0402513
 0.000138196,    0.039799
   0.0001382,   0.0393467
 0.000138204,    0.039799
 0.000138208,    0.039799
 0.000138212,   0.0393467
 0.000138216,   0.0393467
  0.00013822,   0.0393467
 0.000138224,   0.0393467
 0.000138228,   0.0384422
 0.000138232,   0.0384422
 0.000138236,   0.0384422
  0.00013824,   0.0384422
 0.000138244,   0.0384422
 0.000138248,   0.0384422
 0.000138252,   0.0379899
 0.000138256,   0.0379899
  0.00013826,   0.0375377
 0.000138264,   0.0375377
 0.000138268,   0.0379899
 0.000138272,   0.0375377
 0.000138276,   0.0375377
  0.00013828,   0.0370854
 0.000138284,   0.0370854
 0.000138288,   0.0370854
 0.000138292,   0.0361809
 0.000138296,   0.0366332
   0.0001383,   0.0366332
 0.000138304,   0.0361809
 0.000138308,   0.0361809
 0.000138312,   0.0357286
 0.000138316,   0.0357286
  0.00013832,   0.0357286
 0.000138324,   0.0357286
 0.000138328,   0.0357286
 0.000138332,   0.0352764
 0.000138336,   0.0348241
  0.00013834,   0.0352764
 0.000138344,   0.0348241
 0.000138348,   0.0348241
 0.000138352,   0.0343719
 0.000138356,   0.0339196
  0.00013836,   0.0343719
 0.000138364,   0.0339196
 0.000138368,   0.0339196
 0.000138372,   0.0334673
 0.000138376,   0.0334673
  0.00013838,   0.0334673
 0.000138384,   0.0330151
 0.000138388,   0.0330151
 0.000138392,   0.0330151
 0.000138396,   0.0325628
   0.0001384,   0.0321106
 0.000138404,   0.0325628
 0.000138408,   0.0325628
 0.000138412,   0.0321106
 0.000138416,   0.0316583
  0.00013842,   0.0316583
 0.000138424,   0.0316583
 0.000138428,    0.031206
 0.000138432,    0.031206
 0.000138436,   0.0307538
  0.00013844,   0.0307538
 0.000138444,   0.0307538
 0.000138448,   0.0303015
 0.000138452,   0.0298492
 0.000138456,   0.0298492
  0.00013846,   0.0298492
 0.000138464,    0.029397
 0.000138468,    0.029397
 0.000138472,    0.029397
 0.000138476,   0.0289447
  0.00013848,   0.0289447
 0.000138484,   0.0284925
 0.000138488,   0.0289447
 0.000138492,   0.0284925
 0.000138496,   0.0280402
   0.0001385,   0.0280402
 0.000138504,   0.0280402
 0.000138508,   0.0280402
 0.000138512,   0.0275879
 0.000138516,   0.0271357
  0.00013852,   0.0271357
 0.000138524,   0.0271357
 0.000138528,   0.0266834
 0.000138532,   0.0266834
 0.000138536,   0.0262312
  0.00013854,   0.0262312
 0.000138544,   0.0262312
 0.000138548,   0.0262312
 0.000138552,   0.0257789
 0.000138556,   0.0253266
  0.00013856,   0.0253266
 0.000138564,   0.0253266
 0.000138568,   0.0248744
 0.000138572,   0.0244221
 0.000138576,   0.0244221
  0.00013858,   0.0244221
 0.000138584,   0.0239698
 0.000138588,   0.0239698
 0.000138592,   0.0235176
 0.000138596,   0.0239698
   0.0001386,   0.0235176
 0.000138604,   0.0230653
 0.000138608,   0.0230653
 0.000138612,   0.0230653
 0.000138616,   0.0226131
  0.00013862,   0.0221608
 0.000138624,   0.0226131
 0.000138628,   0.0221608
 0.000138632,   0.0217085
 0.000138636,   0.0217085
  0.00013864,   0.0217085
 0.000138644,   0.0217085
 0.000138648,   0.0212563
 0.000138652,    0.020804
 0.000138656,    0.020804
  0.00013866,    0.020804
 0.000138664,   0.0203518
 0.000138668,   0.0203518
 0.000138672,   0.0198995
 0.000138676,   0.0194472
  0.00013868,   0.0194472
 0.000138684,   0.0194472
 0.000138688,   0.0194472
 0.000138692,    0.018995
 0.000138696,   0.0185427
   0.0001387,   0.0185427
 0.000138704,   0.0180905
 0.000138708,   0.0180905
 0.000138712,   0.0180905
 0.000138716,   0.0176382
  0.00013872,   0.0176382
 0.000138724,   0.0171859
 0.000138728,   0.0171859
 0.000138732,   0.0167337
 0.000138736,   0.0167337
  0.00013874,   0.0167337
 0.000138744,   0.0162814
 0.000138748,   0.0158291
 0.000138752,   0.0162814
 0.000138756,   0.0158291
  0.00013876,   0.0153769
 0.000138764,   0.0149246
 0.000138768,   0.0153769
 0.000138772,   0.0149246
 0.000138776,   0.0144724
  0.00013878,   0.0144724
 0.000138784,   0.0144724
 0.000138788,   0.0140201
 0.000138792,   0.0135678
 0.000138796,   0.0135678
   0.0001388,   0.0135678
 0.000138804,   0.0131156
 0.000138808,   0.0126633
 0.000138812,   0.0126633
 0.000138816,   0.0126633
  0.00013882,   0.0122111
 0.000138824,   0.0122111
 0.000138828,   0.0117588
 0.000138832,   0.0117588
 0.000138836,   0.0117588
  0.00013884,   0.0113065
 0.000138844,   0.0108543
 0.000138848,   0.0108543
 0.000138852,   0.0108543
 0.000138856,    0.010402
  0.00013886,  0.00994975
 0.000138864,  0.00994975
 0.000138868,  0.00994975
 0.000138872,  0.00949749
 0.000138876,  0.00904523
  0.00013888,  0.00904523
 0.000138884,  0.00859297
 0.000138888,  0.00859297
 0.000138892,  0.00859297
 0.000138896,   0.0081407
   0.0001389,  0.00768844
 0.000138904,  0.00768844
 0.000138908,  0.00768844
 0.000138912,  0.00723618
 0.000138916,  0.00678392
  0.00013892,  0.00723618
 0.000138924,  0.00678392
 0.000138928,  0.00633166
 0.000138932,  0.00633166
 0.000138936,   0.0058794
  0.00013894,  0.00542714
 0.000138944,  0.00542714
 0.000138948,  0.00497487
 0.000138952,  0.00497487
 0.000138956,  0.00452261
  0.00013896,  0.00452261
 0.000138964,  0.00407035
 0.000138968,  0.00361809
 0.000138972,  0.00407035
 0.000138976,  0.00361809
  0.00013898,  0.00271357
 0.000138984,  0.00316583
 0.000138988,  0.00271357
 0.000138992,  0.00271357
 0.000138996,  0.00226131
    0.000139,  0.00226131
 0.000139004,  0.00226131
 0.000139008,  0.00180905
 0.000139012,  0.00135678
 0.000139016,  0.00135678
  0.00013902, 0.000904523
 0.000139024, 0.000904523
 0.000139028, 0.000904523
 0.000139032, 0.000452261
 0.000139036, 0.000452261
  0.00013904,           0
 0.000139044,           0
 0.000139048,-0.000452261
 0.000139052,-0.000904523
 0.000139056,-0.000904523
  0.00013906, -0.00135678
 0.000139064, -0.00135678
 0.000139068, -0.00180905
 0.000139072, -0.00180905
 0.000139076, -0.00226131
  0.00013908, -0.00226131
 0.000139084, -0.00271357
 0.000139088, -0.00271357
 0.000139092, -0.00316583
 0.000139096, -0.00361809
   0.0001391, -0.00361809
 0.000139104, -0.00407035
 0.000139108, -0.00407035
 0.000139112, -0.00407035
 0.000139116, -0.00452261
  0.00013912, -0.00497487
 0.000139124, -0.00497487
 0.000139128, -0.00497487
 0.000139132, -0.00542714
 0.000139136,  -0.0058794
  0.00013914,  -0.0058794
 0.000139144,  -0.0058794
 0.000139148, -0.00633166
 0.000139152, -0.00678392
 0.000139156, -0.00678392
  0.00013916, -0.00723618
 0.000139164, -0.00723618
 0.000139168, -0.00723618
 0.000139172, -0.00768844
 0.000139176, -0.00768844
  0.00013918,  -0.0081407
 0.000139184,  -0.0081407
 0.000139188, -0.00859297
 0.000139192, -0.00904523
 0.000139196, -0.00904523
   0.0001392, -0.00949749
 0.000139204, -0.00994975
 0.000139208, -0.00949749
 0.000139212, -0.00949749
 0.000139216, -0.00994975
  0.00013922,  -0.0108543
 0.000139224,   -0.010402
 0.000139228,  -0.0108543
 0.000139232,  -0.0113065
 0.000139236,  -0.0113065
  0.00013924,  -0.0113065
 0.000139244,  -0.0117588
 0.000139248,  -0.0117588
 0.000139252,  -0.0117588
 0.000139256,  -0.0122111
  0.00013926,  -0.0126633
 0.000139264,  -0.0131156
 0.000139268,  -0.0126633
 0.000139272,  -0.0131156
 0.000139276,  -0.0135678
  0.00013928,  -0.0135678
 0.000139284,  -0.0140201
 0.000139288,  -0.0144724
 0.000139292,  -0.0144724
 0.000139296,  -0.0144724
   0.0001393,  -0.0149246
 0.000139304,  -0.0153769
 0.000139308,  -0.0153769
 0.000139312,  -0.0153769
 0.000139316,  -0.0158291
  0.00013932,  -0.0162814
 0.000139324,  -0.0162814
 0.000139328,  -0.0167337
 0.000139332,  -0.0167337
 0.000139336,  -0.0171859
  0.00013934,  -0.0176382
 0.000139344,  -0.0171859
 0.000139348,  -0.0176382
 0.000139352,  -0.0180905
 0.000139356,  -0.0180905
  0.00013936,  -0.0185427
 0.000139364,  -0.0180905
 0.000139368,  -0.0185427
 0.000139372,   -0.018995
 0.000139376,   -0.018995
  0.00013938,  -0.0194472
 0.000139384,  -0.0194472
 0.000139388,  -0.0198995
 0.000139392,  -0.0203518
 0.000139396,  -0.0198995
   0.0001394,  -0.0203518
 0.000139404,   -0.020804
 0.000139408,   -0.020804
 0.000139412,   -0.020804
 0.000139416,  -0.0212563
  0.00013942,  -0.0212563
 0.000139424,  -0.0217085
 0.000139428,  -0.0217085
 0.000139432,  -0.0221608
 0.000139436,  -0.0221608
  0.00013944,  -0.0221608
 0.000139444,  -0.0226131
 0.000139448,  -0.0230653
 0.000139452,  -0.0230653
 0.000139456,  -0.0230653
  0.00013946,  -0.0235176
 0.000139464,  -0.0239698
 0.000139468,  -0.0235176
 0.000139472,  -0.0239698
 0.000139476,  -0.0244221
  0.00013948,  -0.0244221
 0.000139484,  -0.0248744
 0.000139488,  -0.0248744
 0.000139492,  -0.0253266
 0.000139496,  -0.0253266
   0.0001395,  -0.0253266
 0.000139504,  -0.0257789
 0.000139508,  -0.0257789
 0.000139512,  -0.0262312
 0.000139516,  -0.0262312
  0.00013952,  -0.0262312
 0.000139524,  -0.0266834
 0.000139528,  -0.0271357
 0.000139532,  -0.0271357
 0.000139536,  -0.0271357
  0.00013954,  -0.0275879
 0.000139544,  -0.0280402
 0.000139548,  -0.0275879
 0.000139552,  -0.0280402
 0.000139556,  -0.0284925
  0.00013956,  -0.0284925
 0.000139564,  -0.0289447
 0.000139568,  -0.0289447
 0.000139572,  -0.0289447
 0.000139576,   -0.029397
  0.00013958,  -0.0298492
 0.000139584,  -0.0298492
 0.000139588,  -0.0298492
 0.000139592,  -0.0303015
 0.000139596,  -0.0307538
   0.0001396,  -0.0303015
 0.000139604,  -0.0307538
 0.000139608,  -0.0307538
 0.000139612,  -0.0307538
 0.000139616,   -0.031206
  0.00013962,  -0.0316583
 0.000139624,  -0.0316583
 0.000139628,  -0.0316583
 0.000139632,  -0.0325628
 0.000139636,  -0.0321106
  0.00013964,  -0.0321106
 0.000139644,  -0.0330151
 0.000139648,  -0.0330151
 0.000139652,  -0.0330151
 0.000139656,  -0.0334673
  0.00013966,  -0.0334673
 0.000139664,  -0.0334673
 0.000139668,  -0.0339196
 0.000139672,  -0.0339196
 0.000139676,  -0.0343719
  0.00013968,  -0.0343719
 0.000139684,  -0.0348241
 0.000139688,  -0.0348241
 0.000139692,  -0.0343719
 0.000139696,  -0.0352764
   0.0001397,  -0.0352764
 0.000139704,  -0.0352764
 0.000139708,  -0.0352764
 0.000139712,  -0.0361809
 0.000139716,  -0.0361809
  0.00013972,  -0.0357286
 0.000139724,  -0.0361809
 0.000139728,  -0.0366332
 0.000139732,  -0.0366332
 0.000139736,  -0.0366332
  0.00013974,  -0.0370854
 0.000139744,  -0.0370854
 0.000139748,  -0.0370854
 0.000139752,  -0.0375377
 0.000139756,  -0.0379899
  0.00013976,  -0.0379899
 0.000139764,  -0.0379899
 0.000139768,  -0.0384422
 0.000139772,  -0.0384422
 0.000139776,  -0.0384422
  0.00013978,  -0.0388945
 0.000139784,  -0.0388945
 0.000139788,  -0.0393467
 0.000139792,  -0.0393467
 0.000139796,  -0.0393467
   0.0001398,   -0.039799
 0.000139804,   -0.039799
 0.000139808,   -0.039799
 0.000139812,   -0.039799
 0.000139816,  -0.0402513
  0.00013982,  -0.0402513
 0.000139824,  -0.0407035
 0.000139828,  -0.0402513
 0.000139832,  -0.0407035
 0.000139836,  -0.0411558
  0.00013984,  -0.0411558
 0.000139844,   -0.041608
 0.000139848,   -0.041608
 0.000139852,   -0.041608
 0.000139856,  -0.0420603
  0.00013986,  -0.0420603
 0.000139864,  -0.0425126
 0.000139868,  -0.0425126
 0.000139872,  -0.0425126
 0.000139876,  -0.0429648
  0.00013988,  -0.0429648
 0.000139884,  -0.0434171
 0.000139888,  -0.0434171
 0.000139892,  -0.0434171
 0.000139896,  -0.0438693
   0.0001399,  -0.0438693
 0.000139904,  -0.0438693
 0.000139908,  -0.0443216
 0.000139912,  -0.0438693
 0.000139916,  -0.0443216
  0.00013992,  -0.0447739
 0.000139924,  -0.0447739
 0.000139928,  -0.0447739
 0.000139932,  -0.0447739
 0.000139936,  -0.0452261
  0.00013994,  -0.0452261
 0.000139944,  -0.0452261
 0.000139948,  -0.0456784
 0.000139952,  -0.0456784
 0.000139956,  -0.0456784
  0.00013996,  -0.0456784
 0.000139964,  -0.0461307
 0.000139968,  -0.0465829
 0.000139972,  -0.0461307
 0.000139976,  -0.0461307
  0.00013998,  -0.0465829
 0.000139984,  -0.0465829
 0.000139988,  -0.0470352
 0.000139992,  -0.0470352
 0.000139996,  -0.0470352
     0.00014,  -0.0470352
 0.000140004,  -0.0474874
 0.000140008,  -0.0474874
 0.000140012,  -0.0479397
 0.000140016,  -0.0479397
  0.00014002,  -0.0474874
 0.000140024,   -0.048392
 0.000140028,   -0.048392
 0.000140032,  -0.0479397
 0.000140036,   -0.048392
  0.00014004,  -0.0488442
 0.000140044,  -0.0488442
 0.000140048,  -0.0488442
 0.000140052,   -0.048392
 0.000140056,  -0.0492965
  0.00014006,  -0.0492965
 0.000140064,  -0.0492965
 0.000140068,  -0.0497487
 0.000140072,  -0.0497487
 0.000140076,  -0.0497487
  0.00014008,  -0.0497487
 0.000140084,  -0.0497487
 0.000140088,   -0.050201
 0.000140092,   -0.050201
 0.000140096,   -0.050201
   0.0001401,  -0.0506533
 0.000140104,   -0.050201
 0.000140108,  -0.0506533
 0.000140112,  -0.0506533
 0.000140116,  -0.0506533
  0.00014012,  -0.0511055
 0.000140124,  -0.0511055
 0.000140128,  -0.0511055
 0.000140132,  -0.0515578
 0.000140136,  -0.0511055
  0.00014014,  -0.0515578
 0.000140144,  -0.0515578
 0.000140148,  -0.0515578
 0.000140152,    -0.05201
 0.000140156,    -0.05201
  0.00014016,    -0.05201
 0.000140164,    -0.05201
 0.000140168,    -0.05201
 0.000140172,  -0.0524623
 0.000140176,    -0.05201
  0.00014018,  -0.0524623
 0.000140184,  -0.0529146
 0.000140188,  -0.0524623
 0.000140192,  -0.0529146
 0.000140196,  -0.0533668
   0.0001402,  -0.0533668
 0.000140204,  -0.0529146
 0.000140208,  -0.0533668
 0.000140212,  -0.0538191
 0.000140216,  -0.0533668
  0.00014022,  -0.0533668
 0.000140224,  -0.0538191
 0.000140228,  -0.0538191
 0.000140232,  -0.0538191
 0.000140236,  -0.0538191
  0.00014024,  -0.0542714
 0.000140244,  -0.0538191
 0.000140248,  -0.0542714
 0.000140252,  -0.0542714
 0.000140256,  -0.0542714
  0.00014026,  -0.0542714
 0.000140264,  -0.0547236
 0.000140268,  -0.0547236
 0.000140272,  -0.0542714
 0.000140276,  -0.0547236
  0.00014028,  -0.0547236
 0.000140284,  -0.0547236
 0.000140288,  -0.0547236
 0.000140292,  -0.0551759
 0.000140296,  -0.0551759
   0.0001403,  -0.0551759
 0.000140304,  -0.0551759
 0.000140308,  -0.0551759
 0.000140312,  -0.0551759
 0.000140316,  -0.0547236
  0.00014032,  -0.0551759
 0.000140324,  -0.0551759
 0.000140328,  -0.0551759
 0.000140332,  -0.0556281
 0.000140336,  -0.0556281
  0.00014034,  -0.0556281
 0.000140344,  -0.0556281
 0.000140348,  -0.0556281
 0.000140352,  -0.0556281
 0.000140356,  -0.0556281
  0.00014036,  -0.0560804
 0.000140364,  -0.0560804
 0.000140368,  -0.0560804
 0.000140372,  -0.0565327
 0.000140376,  -0.0565327
  0.00014038,  -0.0560804
 0.000140384,  -0.0560804
 0.000140388,  -0.0565327
 0.000140392,  -0.0565327
 0.000140396,  -0.0565327
   0.0001404,  -0.0565327
 0.000140404,  -0.0565327
 0.000140408,  -0.0565327
 0.000140412,  -0.0565327
 0.000140416,  -0.0569849
  0.00014042,  -0.0569849
 0.000140424,  -0.0569849
 0.000140428,  -0.0569849
 0.000140432,  -0.0569849
 0.000140436,  -0.0569849
  0.00014044,  -0.0565327
 0.000140444,  -0.0569849
 0.000140448,  -0.0569849
 0.000140452,  -0.0569849
 0.000140456,  -0.0569849
  0.00014046,  -0.0569849
 0.000140464,  -0.0574372
 0.000140468,  -0.0569849
 0.000140472,  -0.0574372
 0.000140476,  -0.0574372
  0.00014048,  -0.0569849
 0.000140484,  -0.0569849
 0.000140488,  -0.0574372
 0.000140492,  -0.0574372
 0.000140496,  -0.0574372
   0.0001405,  -0.0574372
 0.000140504,  -0.0574372
 0.000140508,  -0.0574372
 0.000140512,  -0.0574372
 0.000140516,  -0.0574372
  0.00014052,  -0.0574372
 0.000140524,  -0.0574372
 0.000140528,  -0.0574372
 0.000140532,  -0.0574372
 0.000140536,  -0.0574372
  0.00014054,  -0.0574372
 0.000140544,  -0.0574372
 0.000140548,  -0.0574372
 0.000140552,  -0.0574372
 0.000140556,  -0.0574372
  0.00014056,  -0.0574372
 0.000140564,  -0.0574372
 0.000140568,  -0.0574372
 0.000140572,  -0.0578894
 0.000140576,  -0.0574372
  0.00014058,  -0.0569849
 0.000140584,  -0.0574372
 0.000140588,  -0.0574372
 0.000140592,  -0.0574372
 0.000140596,  -0.0574372
   0.0001406,  -0.0574372
 0.000140604,  -0.0578894
 0.000140608,  -0.0574372
 0.000140612,  -0.0574372
 0.000140616,  -0.0574372
  0.00014062,  -0.0574372
 0.000140624,  -0.0574372
 0.000140628,  -0.0574372
 0.000140632,  -0.0574372
 0.000140636,  -0.0574372
  0.00014064,  -0.0574372
 0.000140644,  -0.0574372
 0.000140648,  -0.0574372
 0.000140652,  -0.0569849
 0.000140656,  -0.0574372
  0.00014066,  -0.0574372
 0.000140664,  -0.0569849
 0.000140668,  -0.0574372
 0.000140672,  -0.0574372
 0.000140676,  -0.0569849
  0.00014068,  -0.0569849
 0.000140684,  -0.0569849
 0.000140688,  -0.0569849
 0.000140692,  -0.0569849
 0.000140696,  -0.0565327
   0.0001407,  -0.0569849
 0.000140704,  -0.0565327
 0.000140708,  -0.0565327
 0.000140712,  -0.0569849
 0.000140716,  -0.0569849
  0.00014072,  -0.0565327
 0.000140724,  -0.0565327
 0.000140728,  -0.0565327
 0.000140732,  -0.0565327
 0.000140736,  -0.0565327
  0.00014074,  -0.0565327
 0.000140744,  -0.0565327
 0.000140748,  -0.0565327
 0.000140752,  -0.0565327
 0.000140756,  -0.0565327
  0.00014076,  -0.0560804
 0.000140764,  -0.0565327
 0.000140768,  -0.0560804
 0.000140772,  -0.0560804
 0.000140776,  -0.0560804
  0.00014078,  -0.0560804
 0.000140784,  -0.0560804
 0.000140788,  -0.0560804
 0.000140792,  -0.0560804
 0.000140796,  -0.0560804
   0.0001408,  -0.0556281
 0.000140804,  -0.0560804
 0.000140808,  -0.0560804
 0.000140812,  -0.0556281
 0.000140816,  -0.0556281
  0.00014082,  -0.0556281
 0.000140824,  -0.0556281
 0.000140828,  -0.0556281
 0.000140832,  -0.0556281
 0.000140836,  -0.0556281
  0.00014084,  -0.0556281
 0.000140844,  -0.0556281
 0.000140848,  -0.0551759
 0.000140852,  -0.0551759
 0.000140856,  -0.0556281
  0.00014086,  -0.0551759
 0.000140864,  -0.0547236
 0.000140868,  -0.0551759
 0.000140872,  -0.0551759
 0.000140876,  -0.0547236
  0.00014088,  -0.0547236
 0.000140884,  -0.0547236
 0.000140888,  -0.0547236
 0.000140892,  -0.0542714
 0.000140896,  -0.0542714
   0.0001409,  -0.0547236
 0.000140904,  -0.0542714
 0.000140908,  -0.0538191
 0.000140912,  -0.0538191
 0.000140916,  -0.0538191
  0.00014092,  -0.0538191
 0.000140924,  -0.0538191
 0.000140928,  -0.0538191
 0.000140932,  -0.0538191
 0.000140936,  -0.0533668
  0.00014094,  -0.0533668
 0.000140944,  -0.0538191
 0.000140948,  -0.0538191
 0.000140952,  -0.0529146
 0.000140956,  -0.0529146
  0.00014096,  -0.0529146
 0.000140964,  -0.0533668
 0.000140968,  -0.0529146
 0.000140972,  -0.0524623
 0.000140976,  -0.0529146
  0.00014098,  -0.0524623
 0.000140984,  -0.0524623
 0.000140988,  -0.0524623
 0.000140992,  -0.0524623
 0.000140996,  -0.0524623
    0.000141,  -0.0524623
 0.000141004,    -0.05201
 0.000141008,    -0.05201
 0.000141012,    -0.05201
 0.000141016,  -0.0515578
  0.00014102,  -0.0515578
 0.000141024,  -0.0511055
 0.000141028,  -0.0515578
 0.000141032,  -0.0511055
 0.000141036,  -0.0511055
  0.00014104,  -0.0511055
 0.000141044,  -0.0511055
 0.000141048,  -0.0506533
 0.000141052,  -0.0506533
 0.000141056,  -0.0506533
  0.00014106,  -0.0506533
 0.000141064,   -0.050201
 0.000141068,   -0.050201
 0.000141072,   -0.050201
 0.000141076,   -0.050201
  0.00014108,   -0.050201
 0.000141084,  -0.0497487
 0.000141088,  -0.0497487
 0.000141092,  -0.0497487
 0.000141096,  -0.0492965
   0.0001411,  -0.0492965
 0.000141104,  -0.0497487
 0.000141108,  -0.0492965
 0.000141112,  -0.0488442
 0.000141116,  -0.0492965
  0.00014112,  -0.0492965
 0.000141124,   -0.048392
 0.000141128,   -0.048392
 0.000141132,  -0.0488442
 0.000141136,  -0.0488442
  0.00014114,  -0.0479397
 0.000141144,  -0.0479397
 0.000141148,  -0.0479397
 0.000141152,  -0.0479397
 0.000141156,  -0.0474874
  0.00014116,  -0.0474874
 0.000141164,  -0.0474874
 0.000141168,  -0.0470352
 0.000141172,  -0.0470352
 0.000141176,  -0.0474874
  0.00014118,  -0.0470352
 0.000141184,  -0.0465829
 0.000141188,  -0.0470352
 0.000141192,  -0.0465829
 0.000141196,  -0.0465829
   0.0001412,  -0.0465829
 0.000141204,  -0.0461307
 0.000141208,  -0.0461307
 0.000141212,  -0.0456784
 0.000141216,  -0.0456784
  0.00014122,  -0.0456784
 0.000141224,  -0.0452261
 0.000141228,  -0.0456784
 0.000141232,  -0.0452261
 0.000141236,  -0.0447739
  0.00014124,  -0.0452261
 0.000141244,  -0.0447739
 0.000141248,  -0.0447739
 0.000141252,  -0.0443216
 0.000141256,  -0.0443216
  0.00014126,  -0.0443216
 0.000141264,  -0.0438693
 0.000141268,  -0.0438693
 0.000141272,  -0.0438693
 0.000141276,  -0.0434171
  0.00014128,  -0.0429648
 0.000141284,  -0.0429648
 0.000141288,  -0.0429648
 0.000141292,  -0.0429648
 0.000141296,  -0.0425126
   0.0001413,  -0.0425126
 0.000141304,  -0.0425126
 0.000141308,  -0.0420603
 0.000141312,  -0.0420603
 0.000141316,  -0.0420603
  0.00014132,   -0.041608
 0.000141324,   -0.041608
 0.000141328,  -0.0411558
 0.000141332,   -0.041608
 0.000141336,  -0.0411558
  0.00014134,  -0.0411558
 0.000141344,  -0.0411558
 0.000141348,  -0.0407035
 0.000141352,  -0.0402513
 0.000141356,  -0.0402513
  0.00014136,  -0.0402513
 0.000141364,   -0.039799
 0.000141368,   -0.039799
 0.000141372,   -0.039799
 0.000141376,   -0.039799
  0.00014138,  -0.0393467
 0.000141384,  -0.0393467
 0.000141388,  -0.0393467
 0.000141392,  -0.0388945
 0.000141396,  -0.0384422
   0.0001414,  -0.0384422
 0.000141404,  -0.0384422
 0.000141408,  -0.0379899
 0.000141412,  -0.0379899
 0.000141416,  -0.0379899
  0.00014142,  -0.0379899
 0.000141424,  -0.0375377
 0.000141428,  -0.0370854
 0.000141432,  -0.0370854
 0.000141436,  -0.0366332
  0.00014144,  -0.0370854
 0.000141444,  -0.0366332
 0.000141448,  -0.0366332
 0.000141452,  -0.0361809
 0.000141456,  -0.0357286
  0.00014146,  -0.0357286
 0.000141464,  -0.0357286
 0.000141468,  -0.0357286
 0.000141472,  -0.0352764
 0.000141476,  -0.0348241
  0.00014148,  -0.0348241
 0.000141484,  -0.0348241
 0.000141488,  -0.0343719
 0.000141492,  -0.0343719
 0.000141496,  -0.0343719
   0.0001415,  -0.0339196
 0.000141504,  -0.0339196
 0.000141508,  -0.0334673
 0.000141512,  -0.0339196
 0.000141516,  -0.0334673
  0.00014152,  -0.0330151
 0.000141524,  -0.0330151
 0.000141528,  -0.0330151
 0.000141532,  -0.0325628
 0.000141536,  -0.0321106
  0.00014154,  -0.0321106
 0.000141544,  -0.0321106
 0.000141548,  -0.0316583
 0.000141552,   -0.031206
 0.000141556,  -0.0316583
  0.00014156,   -0.031206
 0.000141564,   -0.031206
 0.000141568,  -0.0307538
 0.000141572,  -0.0307538
 0.000141576,  -0.0303015
  0.00014158,  -0.0303015
 0.000141584,  -0.0298492
 0.000141588,  -0.0298492
 0.000141592,  -0.0298492
 0.000141596,   -0.029397
   0.0001416,  -0.0289447
 0.000141604,  -0.0289447
 0.000141608,  -0.0289447
 0.000141612,  -0.0284925
 0.000141616,  -0.0284925
  0.00014162,  -0.0284925
 0.000141624,  -0.0280402
 0.000141628,  -0.0275879
 0.000141632,  -0.0275879
 0.000141636,  -0.0275879
  0.00014164,  -0.0271357
 0.000141644,  -0.0266834
 0.000141648,  -0.0271357
 0.000141652,  -0.0266834
 0.000141656,  -0.0262312
  0.00014166,  -0.0262312
 0.000141664,  -0.0262312
 0.000141668,  -0.0257789
 0.000141672,  -0.0253266
 0.000141676,  -0.0253266
  0.00014168,  -0.0248744
 0.000141684,  -0.0248744
 0.000141688,  -0.0244221
 0.000141692,  -0.0244221
 0.000141696,  -0.0239698
   0.0001417,  -0.0239698
 0.000141704,  -0.0239698
 0.000141708,  -0.0235176
 0.000141712,  -0.0230653
 0.000141716,  -0.0230653
  0.00014172,  -0.0226131
 0.000141724,  -0.0226131
 0.000141728,  -0.0226131
 0.000141732,  -0.0226131
 0.000141736,  -0.0221608
  0.00014174,  -0.0217085
 0.000141744,  -0.0217085
 0.000141748,  -0.0217085
 0.000141752,   -0.020804
 0.000141756,   -0.020804
  0.00014176,   -0.020804
 0.000141764,   -0.020804
 0.000141768,  -0.0203518
 0.000141772,  -0.0198995
 0.000141776,  -0.0198995
  0.00014178,  -0.0198995
 0.000141784,  -0.0194472
 0.000141788,  -0.0194472
 0.000141792,   -0.018995
 0.000141796,   -0.018995
   0.0001418,   -0.018995
 0.000141804,  -0.0185427
 0.000141808,  -0.0180905
 0.000141812,  -0.0180905
 0.000141816,  -0.0176382
  0.00014182,  -0.0176382
 0.000141824,  -0.0176382
 0.000141828,  -0.0167337
 0.000141832,  -0.0171859
 0.000141836,  -0.0167337
  0.00014184,  -0.0167337
 0.000141844,  -0.0158291
 0.000141848,  -0.0158291
 0.000141852,  -0.0158291
 0.000141856,  -0.0153769
  0.00014186,  -0.0153769
 0.000141864,  -0.0153769
 0.000141868,  -0.0144724
 0.000141872,  -0.0144724
 0.000141876,  -0.0144724
  0.00014188,  -0.0140201
 0.000141884,  -0.0140201
 0.000141888,  -0.0135678
 0.000141892,  -0.0135678
 0.000141896,  -0.0131156
   0.0001419,  -0.0126633
 0.000141904,  -0.0131156
 0.000141908,  -0.0122111
 0.000141912,  -0.0122111
 0.000141916,  -0.0122111
  0.00014192,  -0.0117588
 0.000141924,  -0.0113065
 0.000141928,  -0.0113065
 0.000141932,  -0.0113065
 0.000141936,  -0.0108543
  0.00014194,   -0.010402
 0.000141944,   -0.010402
 0.000141948,   -0.010402
 0.000141952, -0.00949749
 0.000141956, -0.00994975
  0.00014196, -0.00949749
 0.000141964, -0.00904523
 0.000141968, -0.00859297
 0.000141972, -0.00859297
 0.000141976, -0.00859297
  0.00014198,  -0.0081407
 0.000141984, -0.00768844
 0.000141988,  -0.0081407
 0.000141992, -0.00768844
 0.000141996, -0.00723618
    0.000142, -0.00723618
 0.000142004, -0.00723618
 0.000142008, -0.00678392
 0.000142012, -0.00633166
 0.000142016,  -0.0058794
  0.00014202,  -0.0058794
 0.000142024, -0.00542714
 0.000142028, -0.00542714
 0.000142032, -0.00542714
 0.000142036, -0.00497487
  0.00014204, -0.00497487
 0.000142044, -0.00452261
 0.000142048, -0.00407035
 0.000142052, -0.00407035
 0.000142056, -0.00361809
  0.00014206, -0.00361809
 0.000142064, -0.00316583
 0.000142068, -0.00316583
 0.000142072, -0.00271357
 0.000142076, -0.00271357
  0.00014208, -0.00226131
 0.000142084, -0.00180905
 0.000142088, -0.00180905
 0.000142092, -0.00180905
 0.000142096, -0.00135678
   0.0001421,-0.000904523
 0.000142104,-0.000904523
 0.000142108,-0.000904523
 0.000142112,           0
 0.000142116,           0
  0.00014212,           0
 0.000142124,           0
 0.000142128, 0.000452261
 0.000142132, 0.000904523
 0.000142136, 0.000904523
  0.00014214,  0.00135678
 0.000142144,  0.00135678
 0.000142148,  0.00180905
 0.000142152,  0.00180905
 0.000142156,  0.00180905
  0.00014216,  0.00226131
 0.000142164,  0.00271357
 0.000142168,  0.00271357
 0.000142172,  0.00316583
 0.000142176,  0.00361809
  0.00014218,  0.00407035
 0.000142184,  0.00407035
 0.000142188,  0.00407035
 0.000142192,  0.00452261
 0.000142196,  0.00497487
   0.0001422,  0.00497487
 0.000142204,  0.00542714
 0.000142208,  0.00542714
 0.000142212,  0.00542714
 0.000142216,   0.0058794
  0.00014222,  0.00633166
 0.000142224,  0.00678392
 0.000142228,  0.00678392
 0.000142232,  0.00678392
 0.000142236,  0.00768844
  0.00014224,  0.00768844
 0.000142244,  0.00768844
 0.000142248,   0.0081407
 0.000142252,   0.0081407
 0.000142256,  0.00859297
  0.00014226,  0.00859297
 0.000142264,  0.00859297
 0.000142268,  0.00904523
 0.000142272,  0.00994975
 0.000142276,  0.00949749
  0.00014228,  0.00994975
 0.000142284,    0.010402
 0.000142288,   0.0108543
 0.000142292,   0.0108543
 0.000142296,   0.0108543
   0.0001423,   0.0117588
 0.000142304,   0.0117588
 0.000142308,   0.0117588
 0.000142312,   0.0122111
 0.000142316,   0.0126633
  0.00014232,   0.0126633
 0.000142324,   0.0126633
 0.000142328,   0.0131156
 0.000142332,   0.0135678
 0.000142336,   0.0135678
  0.00014234,   0.0140201
 0.000142344,   0.0144724
 0.000142348,   0.0140201
 0.000142352,   0.0144724
 0.000142356,   0.0149246
  0.00014236,   0.0149246
 0.000142364,   0.0149246
 0.000142368,   0.0153769
 0.000142372,   0.0158291
 0.000142376,   0.0158291
  0.00014238,   0.0158291
 0.000142384,   0.0167337
 0.000142388,   0.0167337
 0.000142392,   0.0167337
 0.000142396,   0.0171859
   0.0001424,   0.0171859
 0.000142404,   0.0171859
 0.000142408,   0.0176382
 0.000142412,   0.0180905
 0.000142416,   0.0180905
  0.00014242,   0.0180905
 0.000142424,    0.018995
 0.000142428,    0.018995
 0.000142432,   0.0185427
 0.000142436,   0.0194472
  0.00014244,   0.0194472
 0.000142444,   0.0198995
 0.000142448,   0.0203518
 0.000142452,   0.0203518
 0.000142456,   0.0203518
  0.00014246,   0.0203518
 0.000142464,    0.020804
 0.000142468,   0.0212563
 0.000142472,   0.0212563
 0.000142476,   0.0217085
  0.00014248,   0.0217085
 0.000142484,   0.0217085
 0.000142488,   0.0221608
 0.000142492,   0.0226131
 0.000142496,   0.0226131
   0.0001425,   0.0226131
 0.000142504,   0.0230653
 0.000142508,   0.0235176
 0.000142512,   0.0235176
 0.000142516,   0.0235176
  0.00014252,   0.0239698
 0.000142524,   0.0244221
 0.000142528,   0.0244221
 0.000142532,   0.0244221
 0.000142536,   0.0248744
  0.00014254,   0.0248744
 0.000142544,   0.0253266
 0.000142548,   0.0257789
 0.000142552,   0.0257789
 0.000142556,   0.0257789
  0.00014256,   0.0257789
 0.000142564,   0.0262312
 0.000142568,   0.0262312
 0.000142572,   0.0266834
 0.000142576,   0.0266834
  0.00014258,   0.0271357
 0.000142584,   0.0271357
 0.000142588,   0.0271357
 0.000142592,   0.0275879
 0.000142596,   0.0280402
   0.0001426,   0.0280402
 0.000142604,   0.0280402
 0.000142608,   0.0284925
 0.000142612,   0.0289447
 0.000142616,   0.0289447
  0.00014262,   0.0289447
 0.000142624,    0.029397
 0.000142628,   0.0298492
 0.000142632,    0.029397
 0.000142636,   0.0298492
  0.00014264,   0.0303015
 0.000142644,   0.0303015
 0.000142648,   0.0307538
 0.000142652,   0.0307538
 0.000142656,   0.0307538
  0.00014266,    0.031206
 0.000142664,    0.031206
 0.000142668,    0.031206
 0.000142672,   0.0316583
 0.000142676,   0.0316583
  0.00014268,   0.0321106
 0.000142684,   0.0325628
 0.000142688,   0.0325628
 0.000142692,   0.0325628
 0.000142696,   0.0325628
   0.0001427,   0.0330151
 0.000142704,   0.0330151
 0.000142708,   0.0330151
 0.000142712,   0.0334673
 0.000142716,   0.0339196
  0.00014272,   0.0339196
 0.000142724,   0.0339196
 0.000142728,   0.0343719
 0.000142732,   0.0348241
 0.000142736,   0.0343719
  0.00014274,   0.0348241
 0.000142744,   0.0352764
 0.000142748,   0.0352764
 0.000142752,   0.0352764
 0.000142756,   0.0357286
  0.00014276,   0.0357286
 0.000142764,   0.0357286
 0.000142768,   0.0361809
 0.000142772,   0.0361809
 0.000142776,   0.0361809
  0.00014278,   0.0361809
 0.000142784,   0.0370854
 0.000142788,   0.0370854
 0.000142792,   0.0370854
 0.000142796,   0.0375377
   0.0001428,   0.0375377
 0.000142804,   0.0370854
 0.000142808,   0.0379899
 0.000142812,   0.0379899
 0.000142816,   0.0379899
  0.00014282,   0.0384422
 0.000142824,   0.0384422
 0.000142828,   0.0388945
 0.000142832,   0.0384422
 0.000142836,   0.0388945
  0.00014284,   0.0393467
 0.000142844,   0.0393467
 0.000142848,    0.039799
 0.000142852,    0.039799
 0.000142856,   0.0393467
  0.00014286,    0.039799
 0.000142864,   0.0402513
 0.000142868,   0.0402513
 0.000142872,   0.0402513
 0.000142876,   0.0402513
  0.00014288,   0.0407035
 0.000142884,   0.0407035
 0.000142888,   0.0411558
 0.000142892,   0.0411558
 0.000142896,   0.0411558
   0.0001429,    0.041608
 0.000142904,    0.041608
 0.000142908,    0.041608
 0.000142912,   0.0420603
 0.000142916,   0.0420603
  0.00014292,   0.0420603
 0.000142924,   0.0425126
 0.000142928,   0.0425126
 0.000142932,   0.0425126
 0.000142936,   0.0425126
  0.00014294,   0.0429648
 0.000142944,   0.0429648
 0.000142948,   0.0429648
 0.000142952,   0.0434171
 0.000142956,   0.0434171
  0.00014296,   0.0434171
 0.000142964,   0.0434171
 0.000142968,   0.0438693
 0.000142972,   0.0438693
 0.000142976,   0.0443216
  0.00014298,   0.0438693
 0.000142984,   0.0443216
 0.000142988,   0.0447739
 0.000142992,   0.0443216
 0.000142996,   0.0443216
    0.000143,   0.0447739
 0.000143004,   0.0452261
 0.000143008,   0.0452261
 0.000143012,   0.0452261
 0.000143016,   0.0456784
  0.00014302,   0.0456784
 0.000143024,   0.0452261
 0.000143028,   0.0456784
 0.000143032,   0.0456784
 0.000143036,   0.0456784
  0.00014304,   0.0461307
 0.000143044,   0.0461307
 0.000143048,   0.0465829
 0.000143052,   0.0465829
 0.000143056,   0.0465829
  0.00014306,   0.0465829
 0.000143064,   0.0465829
 0.000143068,   0.0465829
 0.000143072,   0.0470352
 0.000143076,   0.0470352
  0.00014308,   0.0474874
 0.000143084,   0.0470352
 0.000143088,   0.0474874
 0.000143092,   0.0479397
 0.000143096,   0.0474874
   0.0001431,   0.0479397
 0.000143104,   0.0479397
 0.000143108,   0.0479397
 0.000143112,    0.048392
 0.000143116,    0.048392
  0.00014312,    0.048392
 0.000143124,   0.0488442
 0.000143128,   0.0488442
 0.000143132,    0.048392
 0.000143136,    0.048392
  0.00014314,   0.0492965
 0.000143144,   0.0492965
 0.000143148,   0.0488442
 0.000143152,   0.0492965
 0.000143156,   0.0492965
  0.00014316,   0.0492965
 0.000143164,   0.0492965
 0.000143168,   0.0497487
 0.000143172,   0.0497487
 0.000143176,   0.0497487
  0.00014318,   0.0497487
 0.000143184,    0.050201
 0.000143188,    0.050201
 0.000143192,    0.050201
 0.000143196,    0.050201
   0.0001432,    0.050201
 0.000143204,   0.0506533
 0.000143208,   0.0506533
 0.000143212,   0.0506533
 0.000143216,   0.0506533
  0.00014322,   0.0506533
 0.000143224,   0.0506533
 0.000143228,   0.0506533
 0.000143232,   0.0511055
 0.000143236,   0.0506533
  0.00014324,   0.0511055
 0.000143244,   0.0511055
 0.000143248,   0.0511055
 0.000143252,   0.0511055
 0.000143256,   0.0511055
  0.00014326,   0.0515578
 0.000143264,   0.0515578
 0.000143268,   0.0511055
 0.000143272,   0.0515578
 0.000143276,   0.0515578
  0.00014328,   0.0515578
 0.000143284,     0.05201
 0.000143288,   0.0515578
 0.000143292,     0.05201
 0.000143296,     0.05201
   0.0001433,     0.05201
 0.000143304,     0.05201
 0.000143308,     0.05201
 0.000143312,   0.0524623
 0.000143316,   0.0524623
  0.00014332,     0.05201
 0.000143324,   0.0524623
 0.000143328,   0.0524623
 0.000143332,   0.0529146
 0.000143336,   0.0524623
  0.00014334,   0.0524623
 0.000143344,   0.0529146
 0.000143348,   0.0533668
 0.000143352,   0.0529146
 0.000143356,   0.0529146
  0.00014336,   0.0529146
 0.000143364,   0.0529146
 0.000143368,   0.0529146
 0.000143372,   0.0529146
 0.000143376,   0.0529146
  0.00014338,   0.0529146
 0.000143384,   0.0529146
 0.000143388,   0.0533668
 0.000143392,   0.0533668
 0.000143396,   0.0529146
   0.0001434,   0.0533668
 0.000143404,   0.0533668
 0.000143408,   0.0533668
 0.000143412,   0.0533668
 0.000143416,   0.0533668
  0.00014342,   0.0533668
 0.000143424,   0.0533668
 0.000143428,   0.0533668
 0.000143432,   0.0533668
 0.000143436,   0.0533668
  0.00014344,   0.0538191
 0.000143444,   0.0533668
 0.000143448,   0.0533668
 0.000143452,   0.0538191
 0.000143456,   0.0538191
  0.00014346,   0.0533668
 0.000143464,   0.0538191
 0.000143468,   0.0538191
 0.000143472,   0.0538191
 0.000143476,   0.0538191
  0.00014348,   0.0538191
 0.000143484,   0.0538191
 0.000143488,   0.0538191
 0.000143492,   0.0538191
 0.000143496,   0.0538191
   0.0001435,   0.0538191
 0.000143504,   0.0538191
 0.000143508,   0.0538191
 0.000143512,   0.0538191
 0.000143516,   0.0538191
  0.00014352,   0.0538191
 0.000143524,   0.0538191
 0.000143528,   0.0538191
 0.000143532,   0.0538191
 0.000143536,   0.0538191
  0.00014354,   0.0538191
 0.000143544,   0.0538191
 0.000143548,   0.0538191
 0.000143552,   0.0538191
 0.000143556,   0.0538191
  0.00014356,   0.0538191
 0.000143564,   0.0538191
 0.000143568,   0.0538191
 0.000143572,   0.0538191
 0.000143576,   0.0538191
  0.00014358,   0.0538191
 0.000143584,   0.0538191
 0.000143588,   0.0538191
 0.000143592,   0.0533668
 0.000143596,   0.0533668
   0.0001436,   0.0538191
 0.000143604,   0.0538191
 0.000143608,   0.0533668
 0.000143612,   0.0533668
 0.000143616,   0.0538191
  0.00014362,   0.0533668
 0.000143624,   0.0533668
 0.000143628,   0.0533668
 0.000143632,   0.0533668
 0.000143636,   0.0533668
  0.00014364,   0.0533668
 0.000143644,   0.0538191
 0.000143648,   0.0533668
 0.000143652,   0.0533668
 0.000143656,   0.0533668
  0.00014366,   0.0533668
 0.000143664,   0.0529146
 0.000143668,   0.0529146
 0.000143672,   0.0533668
 0.000143676,   0.0533668
  0.00014368,   0.0529146
 0.000143684,   0.0529146
 0.000143688,   0.0529146
 0.000143692,   0.0529146
 0.000143696,   0.0529146
   0.0001437,   0.0524623
 0.000143704,   0.0529146
 0.000143708,   0.0529146
 0.000143712,   0.0524623
 0.000143716,   0.0524623
  0.00014372,   0.0524623
 0.000143724,   0.0524623
 0.000143728,   0.0524623
 0.000143732,   0.0524623
 0.000143736,   0.0529146
  0.00014374,   0.0524623
 0.000143744,     0.05201
 0.000143748,   0.0524623
 0.000143752,   0.0524623
 0.000143756,     0.05201
  0.00014376,     0.05201
 0.000143764,     0.05201
 0.000143768,     0.05201
 0.000143772,     0.05201
 0.000143776,     0.05201
  0.00014378,   0.0515578
 0.000143784,   0.0515578
 0.000143788,     0.05201
 0.000143792,   0.0515578
 0.000143796,   0.0515578
   0.0001438,   0.0515578
 0.000143804,   0.0515578
 0.000143808,   0.0515578
 0.000143812,   0.0515578
 0.000143816,   0.0515578
  0.00014382,   0.0511055
 0.000143824,   0.0506533
 0.000143828,   0.0511055
 0.000143832,   0.0511055
 0.000143836,   0.0506533
  0.00014384,   0.0506533
 0.000143844,   0.0511055
 0.000143848,   0.0506533
 0.000143852,    0.050201
 0.000143856,    0.050201
  0.00014386,   0.0506533
 0.000143864,    0.050201
 0.000143868,    0.050201
 0.000143872,    0.050201
 0.000143876,    0.050201
  0.00014388,   0.0497487
 0.000143884,   0.0497487
 0.000143888,   0.0497487
 0.000143892,   0.0497487
 0.000143896,   0.0497487
   0.0001439,   0.0492965
 0.000143904,   0.0492965
 0.000143908,   0.0492965
 0.000143912,   0.0492965
 0.000143916,   0.0488442
  0.00014392,   0.0488442
 0.000143924,   0.0492965
 0.000143928,   0.0488442
 0.000143932,    0.048392
 0.000143936,   0.0488442
  0.00014394,   0.0488442
 0.000143944,    0.048392
 0.000143948,    0.048392
 0.000143952,    0.048392
 0.000143956,   0.0479397
  0.00014396,   0.0479397
 0.000143964,   0.0479397
 0.000143968,   0.0479397
 0.000143972,   0.0474874
 0.000143976,   0.0474874
  0.00014398,   0.0479397
 0.000143984,   0.0474874
 0.000143988,   0.0474874
 0.000143992,   0.0474874
 0.000143996,   0.0470352
    0.000144,   0.0470352
 0.000144004,   0.0470352
 0.000144008,   0.0470352
 0.000144012,   0.0470352
 0.000144016,   0.0465829
  0.00014402,   0.0465829
 0.000144024,   0.0461307
 0.000144028,   0.0461307
 0.000144032,   0.0465829
 0.000144036,   0.0461307
  0.00014404,   0.0456784
 0.000144044,   0.0456784
 0.000144048,   0.0461307
 0.000144052,   0.0456784
 0.000144056,   0.0452261
  0.00014406,   0.0452261
 0.000144064,   0.0452261
 0.000144068,   0.0452261
 0.000144072,   0.0447739
 0.000144076,   0.0447739
  0.00014408,   0.0447739
 0.000144084,   0.0447739
 0.000144088,   0.0443216
 0.000144092,   0.0443216
 0.000144096,   0.0443216
   0.0001441,   0.0438693
 0.000144104,   0.0438693
 0.000144108,   0.0443216
 0.000144112,   0.0438693
 0.000144116,   0.0438693
  0.00014412,   0.0434171
 0.000144124,   0.0434171
 0.000144128,   0.0434171
 0.000144132,   0.0429648
 0.000144136,   0.0429648
  0.00014414,   0.0429648
 0.000144144,   0.0429648
 0.000144148,   0.0429648
 0.000144152,   0.0425126
 0.000144156,   0.0420603
  0.00014416,   0.0425126
 0.000144164,    0.041608
 0.000144168,    0.041608
 0.000144172,   0.0420603
 0.000144176,    0.041608
  0.00014418,    0.041608
 0.000144184,    0.041608
 0.000144188,    0.041608
 0.000144192,   0.0411558
 0.000144196,   0.0407035
   0.0001442,   0.0411558
 0.000144204,   0.0411558
 0.000144208,   0.0407035
 0.000144212,   0.0407035
 0.000144216,   0.0407035
  0.00014422,   0.0402513
 0.000144224,   0.0402513
 0.000144228,    0.039799
 0.000144232,    0.039799
 0.000144236,    0.039799
  0.00014424,    0.039799
 0.000144244,   0.0393467
 0.000144248,   0.0388945
 0.000144252,   0.0393467
 0.000144256,   0.0388945
  0.00014426,   0.0384422
 0.000144264,   0.0384422
 0.000144268,   0.0384422
 0.000144272,   0.0384422
 0.000144276,   0.0384422
  0.00014428,   0.0379899
 0.000144284,   0.0379899
 0.000144288,   0.0379899
 0.000144292,   0.0375377
 0.000144296,   0.0370854
   0.0001443,   0.0375377
 0.000144304,   0.0370854
 0.000144308,   0.0370854
 0.000144312,   0.0370854
 0.000144316,   0.0370854
  0.00014432,   0.0366332
 0.000144324,   0.0361809
 0.000144328,   0.0366332
 0.000144332,   0.0361809
 0.000144336,   0.0357286
  0.00014434,   0.0361809
 0.000144344,   0.0357286
 0.000144348,   0.0352764
 0.000144352,   0.0357286
 0.000144356,   0.0357286
  0.00014436,   0.0352764
 0.000144364,   0.0348241
 0.000144368,   0.0352764
 0.000144372,   0.0352764
 0.000144376,   0.0343719
  0.00014438,   0.0348241
 0.000144384,   0.0343719
 0.000144388,   0.0339196
 0.000144392,   0.0343719
 0.000144396,   0.0343719
   0.0001444,   0.0334673
 0.000144404,   0.0334673
 0.000144408,   0.0339196
 0.000144412,   0.0334673
 0.000144416,   0.0330151
  0.00014442,   0.0330151
 0.000144424,   0.0330151
 0.000144428,   0.0325628
 0.000144432,   0.0325628
 0.000144436,   0.0325628
  0.00014444,   0.0321106
 0.000144444,   0.0321106
 0.000144448,   0.0316583
 0.000144452,   0.0321106
 0.000144456,   0.0316583
  0.00014446,    0.031206
 0.000144464,    0.031206
 0.000144468,    0.031206
 0.000144472,    0.031206
 0.000144476,    0.031206
  0.00014448,   0.0307538
 0.000144484,   0.0307538
 0.000144488,   0.0303015
 0.000144492,   0.0303015
 0.000144496,   0.0303015
   0.0001445,   0.0298492
 0.000144504,   0.0298492
 0.000144508,   0.0298492
 0.000144512,    0.029397
 0.000144516,    0.029397
  0.00014452,    0.029397
 0.000144524,   0.0289447
 0.000144528,   0.0289447
 0.000144532,   0.0289447
 0.000144536,   0.0289447
  0.00014454,   0.0280402
 0.000144544,   0.0280402
 0.000144548,   0.0284925
 0.000144552,   0.0280402
 0.000144556,   0.0275879
  0.00014456,   0.0275879
 0.000144564,   0.0275879
 0.000144568,   0.0271357
 0.000144572,   0.0271357
 0.000144576,   0.0271357
  0.00014458,   0.0266834
 0.000144584,   0.0266834
 0.000144588,   0.0262312
 0.000144592,   0.0262312
 0.000144596,   0.0262312
   0.0001446,   0.0257789
 0.000144604,   0.0253266
 0.000144608,   0.0257789
 0.000144612,   0.0257789
 0.000144616,   0.0253266
  0.00014462,   0.0248744
 0.000144624,   0.0248744
 0.000144628,   0.0248744
 0.000144632,   0.0244221
 0.000144636,   0.0244221
  0.00014464,   0.0244221
 0.000144644,   0.0244221
 0.000144648,   0.0239698
 0.000144652,   0.0239698
 0.000144656,   0.0235176
  0.00014466,   0.0235176
 0.000144664,   0.0235176
 0.000144668,   0.0230653
 0.000144672,   0.0230653
 0.000144676,   0.0230653
  0.00014468,   0.0226131
 0.000144684,   0.0226131
 0.000144688,   0.0221608
 0.000144692,   0.0221608
 0.000144696,   0.0217085
   0.0001447,   0.0217085
 0.000144704,   0.0217085
 0.000144708,   0.0217085
 0.000144712,   0.0212563
 0.000144716,   0.0212563
  0.00014472,   0.0212563
 0.000144724,    0.020804
 0.000144728,   0.0203518
 0.000144732,   0.0203518
 0.000144736,   0.0203518
  0.00014474,   0.0198995
 0.000144744,   0.0194472
 0.000144748,   0.0198995
 0.000144752,   0.0198995
 0.000144756,    0.018995
  0.00014476,    0.018995
 0.000144764,    0.018995
 0.000144768,   0.0185427
 0.000144772,   0.0185427
 0.000144776,   0.0180905
  0.00014478,   0.0180905
 0.000144784,   0.0180905
 0.000144788,   0.0176382
 0.000144792,   0.0176382
 0.000144796,   0.0171859
   0.0001448,   0.0171859
 0.000144804,   0.0167337
 0.000144808,   0.0167337
 0.000144812,   0.0167337
 0.000144816,   0.0162814
  0.00014482,   0.0162814
 0.000144824,   0.0162814
 0.000144828,   0.0158291
 0.000144832,   0.0158291
 0.000144836,   0.0158291
  0.00014484,   0.0153769
 0.000144844,   0.0153769
 0.000144848,   0.0149246
 0.000144852,   0.0149246
 0.000144856,   0.0149246
  0.00014486,   0.0144724
 0.000144864,   0.0144724
 0.000144868,   0.0144724
 0.000144872,   0.0140201
 0.000144876,   0.0140201
  0.00014488,   0.0135678
 0.000144884,   0.0135678
 0.000144888,   0.0131156
 0.000144892,   0.0131156
 0.000144896,   0.0131156
   0.0001449,   0.0126633
 0.000144904,   0.0122111
 0.000144908,   0.0126633
 0.000144912,   0.0122111
 0.000144916,   0.0122111
  0.00014492,   0.0122111
 0.000144924,   0.0117588
 0.000144928,   0.0113065
 0.000144932,   0.0113065
 0.000144936,   0.0113065
  0.00014494,   0.0113065
 0.000144944,   0.0108543
 0.000144948,    0.010402
 0.000144952,    0.010402
 0.000144956,  0.00994975
  0.00014496,  0.00994975
 0.000144964,  0.00949749
 0.000144968,  0.00949749
 0.000144972,  0.00949749
 0.000144976,  0.00904523
  0.00014498,  0.00859297
 0.000144984,  0.00904523
 0.000144988,  0.00904523
 0.000144992,  0.00859297
 0.000144996,   0.0081407
    0.000145,   0.0081407
 0.000145004,   0.0081407
 0.000145008,  0.00768844
 0.000145012,  0.00768844
 0.000145016,  0.00723618
  0.00014502,  0.00723618
 0.000145024,  0.00723618
 0.000145028,  0.00678392
 0.000145032,  0.00678392
 0.000145036,  0.00633166
  0.00014504,  0.00633166
 0.000145044,   0.0058794
 0.000145048,   0.0058794
 0.000145052,  0.00542714
 0.000145056,  0.00542714
  0.00014506,  0.00542714
 0.000145064,  0.00497487
 0.000145068,  0.00497487
 0.000145072,  0.00452261
 0.000145076,  0.00452261
  0.00014508,  0.00452261
 0.000145084,  0.00407035
 0.000145088,  0.00407035
 0.000145092,  0.00361809
 0.000145096,  0.00361809
   0.0001451,  0.00361809
 0.000145104,  0.00316583
 0.000145108,  0.00316583
 0.000145112,  0.00271357
 0.000145116,  0.00226131
  0.00014512,  0.00226131
 0.000145124,  0.00226131
 0.000145128,  0.00226131
 0.000145132,  0.00180905
 0.000145136,  0.00135678
  0.00014514,  0.00180905
 0.000145144,  0.00135678
 0.000145148, 0.000904523
 0.000145152, 0.000904523
 0.000145156, 0.000904523
  0.00014516, 0.000452261
 0.000145164, 0.000452261
 0.000145168,           0
 0.000145172,           0
 0.000145176,           0
  0.00014518,-0.000452261
 0.000145184,-0.000452261
 0.000145188,-0.000904523
 0.000145192,-0.000904523
 0.000145196,-0.000904523
   0.0001452, -0.00135678
 0.000145204, -0.00180905
 0.000145208, -0.00180905
 0.000145212, -0.00135678
 0.000145216, -0.00180905
  0.00014522, -0.00226131
 0.000145224, -0.00226131
 0.000145228, -0.00226131
 0.000145232, -0.00316583
 0.000145236, -0.00271357
  0.00014524, -0.00271357
 0.000145244, -0.00316583
 0.000145248, -0.00361809
 0.000145252, -0.00361809
 0.000145256, -0.00361809
  0.00014526, -0.00407035
 0.000145264, -0.00407035
 0.000145268, -0.00407035
 0.000145272, -0.00452261
 0.000145276, -0.00497487
  0.00014528, -0.00497487
 0.000145284, -0.00497487
 0.000145288, -0.00542714
 0.000145292, -0.00542714
 0.000145296,  -0.0058794
   0.0001453,  -0.0058794
 0.000145304, -0.00633166
 0.000145308, -0.00633166
 0.000145312, -0.00633166
 0.000145316, -0.00678392
  0.00014532, -0.00678392
 0.000145324, -0.00723618
 0.000145328, -0.00723618
 0.000145332, -0.00678392
 0.000145336, -0.00768844
  0.00014534, -0.00768844
 0.000145344, -0.00768844
 0.000145348, -0.00768844
 0.000145352,  -0.0081407
 0.000145356, -0.00859297
  0.00014536,  -0.0081407
 0.000145364, -0.00859297
 0.000145368, -0.00904523
 0.000145372, -0.00904523
 0.000145376, -0.00904523
  0.00014538, -0.00949749
 0.000145384, -0.00949749
 0.000145388, -0.00949749
 0.000145392, -0.00994975
 0.000145396,   -0.010402
   0.0001454,   -0.010402
 0.000145404,   -0.010402
 0.000145408,  -0.0108543
 0.000145412,  -0.0108543
 0.000145416,  -0.0108543
  0.00014542,  -0.0113065
 0.000145424,  -0.0113065
 0.000145428,  -0.0113065
 0.000145432,  -0.0117588
 0.000145436,  -0.0117588
  0.00014544,  -0.0122111
 0.000145444,  -0.0122111
 0.000145448,  -0.0122111
 0.000145452,  -0.0122111
 0.000145456,  -0.0126633
  0.00014546,  -0.0131156
 0.000145464,  -0.0135678
 0.000145468,  -0.0131156
 0.000145472,  -0.0135678
 0.000145476,  -0.0140201
  0.00014548,  -0.0140201
 0.000145484,  -0.0135678
 0.000145488,  -0.0140201
 0.000145492,  -0.0144724
 0.000145496,  -0.0144724
   0.0001455,  -0.0144724
 0.000145504,  -0.0149246
 0.000145508,  -0.0153769
 0.000145512,  -0.0149246
 0.000145516,  -0.0153769
  0.00014552,  -0.0153769
 0.000145524,  -0.0158291
 0.000145528,  -0.0158291
 0.000145532,  -0.0158291
 0.000145536,  -0.0162814
  0.00014554,  -0.0162814
 0.000145544,  -0.0167337
 0.000145548,  -0.0167337
 0.000145552,  -0.0167337
 0.000145556,  -0.0171859
  0.00014556,  -0.0176382
 0.000145564,  -0.0171859
 0.000145568,  -0.0176382
 0.000145572,  -0.0180905
 0.000145576,  -0.0180905
  0.00014558,  -0.0185427
 0.000145584,  -0.0180905
 0.000145588,   -0.018995
 0.000145592,   -0.018995
 0.000145596,   -0.018995
   0.0001456,   -0.018995
 0.000145604,  -0.0194472
 0.000145608,  -0.0194472
 0.000145612,  -0.0194472
 0.000145616,  -0.0198995
  0.00014562,  -0.0203518
 0.000145624,  -0.0198995
 0.000145628,  -0.0203518
 0.000145632,   -0.020804
 0.000145636,   -0.020804
  0.00014564,   -0.020804
 0.000145644,  -0.0212563
 0.000145648,  -0.0212563
 0.000145652,  -0.0212563
 0.000145656,  -0.0212563
  0.00014566,  -0.0217085
 0.000145664,  -0.0221608
 0.000145668,  -0.0217085
 0.000145672,  -0.0221608
 0.000145676,  -0.0221608
  0.00014568,  -0.0226131
 0.000145684,  -0.0226131
 0.000145688,  -0.0230653
 0.000145692,  -0.0230653
 0.000145696,  -0.0230653
   0.0001457,  -0.0235176
 0.000145704,  -0.0235176
 0.000145708,  -0.0235176
 0.000145712,  -0.0239698
 0.000145716,  -0.0239698
  0.00014572,  -0.0244221
 0.000145724,  -0.0244221
 0.000145728,  -0.0248744
 0.000145732,  -0.0248744
 0.000145736,  -0.0248744
  0.00014574,  -0.0253266
 0.000145744,  -0.0253266
 0.000145748,  -0.0253266
 0.000145752,  -0.0253266
 0.000145756,  -0.0257789
  0.00014576,  -0.0262312
 0.000145764,  -0.0262312
 0.000145768,  -0.0262312
 0.000145772,  -0.0266834
 0.000145776,  -0.0262312
  0.00014578,  -0.0266834
 0.000145784,  -0.0271357
 0.000145788,  -0.0271357
 0.000145792,  -0.0271357
 0.000145796,  -0.0271357
   0.0001458,  -0.0280402
 0.000145804,  -0.0275879
 0.000145808,  -0.0275879
 0.000145812,  -0.0280402
 0.000145816,  -0.0280402
  0.00014582,  -0.0284925
 0.000145824,  -0.0284925
 0.000145828,  -0.0284925
 0.000145832,  -0.0289447
 0.000145836,   -0.029397
  0.00014584,   -0.029397
 0.000145844,   -0.029397
 0.000145848,   -0.029397
 0.000145852,  -0.0298492
 0.000145856,  -0.0298492
  0.00014586,  -0.0298492
 0.000145864,  -0.0303015
 0.000145868,  -0.0303015
 0.000145872,  -0.0307538
 0.000145876,  -0.0307538
  0.00014588,  -0.0307538
 0.000145884,   -0.031206
 0.000145888,   -0.031206
 0.000145892,   -0.031206
 0.000145896,  -0.0316583
   0.0001459,  -0.0321106
 0.000145904,  -0.0321106
 0.000145908,  -0.0321106
 0.000145912,  -0.0321106
 0.000145916,  -0.0325628
  0.00014592,  -0.0325628
 0.000145924,  -0.0325628
 0.000145928,  -0.0330151
 0.000145932,  -0.0334673
 0.000145936,  -0.0334673
  0.00014594,  -0.0334673
 0.000145944,  -0.0334673
 0.000145948,  -0.0339196
 0.000145952,  -0.0339196
 0.000145956,  -0.0339196
  0.00014596,  -0.0343719
 0.000145964,  -0.0343719
 0.000145968,  -0.0343719
 0.000145972,  -0.0348241
 0.000145976,  -0.0348241
  0.00014598,  -0.0348241
 0.000145984,  -0.0352764
 0.000145988,  -0.0352764
 0.000145992,  -0.0352764
 0.000145996,  -0.0357286
    0.000146,  -0.0357286
 0.000146004,  -0.0357286
 0.000146008,  -0.0361809
 0.000146012,  -0.0361809
 0.000146016,  -0.0361809
  0.00014602,  -0.0366332
 0.000146024,  -0.0370854
 0.000146028,  -0.0370854
 0.000146032,  -0.0366332
 0.000146036,  -0.0375377
  0.00014604,  -0.0375377
 0.000146044,  -0.0375377
 0.000146048,  -0.0375377
 0.000146052,  -0.0375377
 0.000146056,  -0.0379899
  0.00014606,  -0.0379899
 0.000146064,  -0.0384422
 0.000146068,  -0.0384422
 0.000146072,  -0.0384422
 0.000146076,  -0.0388945
  0.00014608,  -0.0388945
 0.000146084,  -0.0388945
 0.000146088,  -0.0393467
 0.000146092,  -0.0393467
 0.000146096,   -0.039799
   0.0001461,   -0.039799
 0.000146104,   -0.039799
 0.000146108,  -0.0402513
 0.000146112,  -0.0402513
 0.000146116,  -0.0402513
  0.00014612,  -0.0407035
 0.000146124,  -0.0407035
 0.000146128,  -0.0407035
 0.000146132,  -0.0411558
 0.000146136,  -0.0411558
  0.00014614,  -0.0411558
 0.000146144,  -0.0411558
 0.000146148,   -0.041608
 0.000146152,   -0.041608
 0.000146156,   -0.041608
  0.00014616,  -0.0420603
 0.000146164,  -0.0425126
 0.000146168,  -0.0425126
 0.000146172,  -0.0425126
 0.000146176,  -0.0425126
  0.00014618,  -0.0429648
 0.000146184,  -0.0429648
 0.000146188,  -0.0429648
 0.000146192,  -0.0434171
 0.000146196,  -0.0434171
   0.0001462,  -0.0434171
 0.000146204,  -0.0438693
 0.000146208,  -0.0438693
 0.000146212,  -0.0438693
 0.000146216,  -0.0443216
  0.00014622,  -0.0443216
 0.000146224,  -0.0443216
 0.000146228,  -0.0447739
 0.000146232,  -0.0447739
 0.000146236,  -0.0447739
  0.00014624,  -0.0447739
 0.000146244,  -0.0452261
 0.000146248,  -0.0452261
 0.000146252,  -0.0452261
 0.000146256,  -0.0456784
  0.00014626,  -0.0456784
 0.000146264,  -0.0461307
 0.000146268,  -0.0456784
 0.000146272,  -0.0461307
 0.000146276,  -0.0465829
  0.00014628,  -0.0465829
 0.000146284,  -0.0465829
 0.000146288,  -0.0465829
 0.000146292,  -0.0470352
 0.000146296,  -0.0470352
   0.0001463,  -0.0470352
 0.000146304,  -0.0474874
 0.000146308,  -0.0474874
 0.000146312,  -0.0474874
 0.000146316,  -0.0479397
  0.00014632,  -0.0479397
 0.000146324,  -0.0479397
 0.000146328,   -0.048392
 0.000146332,   -0.048392
 0.000146336,   -0.048392
  0.00014634,   -0.048392
 0.000146344,  -0.0488442
 0.000146348,  -0.0488442
 0.000146352,  -0.0492965
 0.000146356,  -0.0492965
  0.00014636,  -0.0492965
 0.000146364,  -0.0497487
 0.000146368,  -0.0497487
 0.000146372,  -0.0497487
 0.000146376,  -0.0497487
  0.00014638,   -0.050201
 0.000146384,   -0.050201
 0.000146388,   -0.050201
 0.000146392,   -0.050201
 0.000146396,  -0.0506533
   0.0001464,  -0.0506533
 0.000146404,  -0.0511055
 0.000146408,  -0.0511055
 0.000146412,  -0.0511055
 0.000146416,  -0.0515578
  0.00014642,  -0.0515578
 0.000146424,  -0.0515578
 0.000146428,    -0.05201
 0.000146432,  -0.0524623
 0.000146436,    -0.05201
  0.00014644,    -0.05201
 0.000146444,  -0.0524623
 0.000146448,  -0.0529146
 0.000146452,  -0.0524623
 0.000146456,  -0.0529146
  0.00014646,  -0.0529146
 0.000146464,  -0.0529146
 0.000146468,  -0.0533668
 0.000146472,  -0.0533668
 0.000146476,  -0.0538191
  0.00014648,  -0.0538191
 0.000146484,  -0.0538191
 0.000146488,  -0.0542714
 0.000146492,  -0.0538191
 0.000146496,  -0.0542714
   0.0001465,  -0.0542714
 0.000146504,  -0.0542714
 0.000146508,  -0.0542714
 0.000146512,  -0.0547236
 0.000146516,  -0.0547236
  0.00014652,  -0.0551759
 0.000146524,  -0.0551759
 0.000146528,  -0.0556281
 0.000146532,  -0.0556281
 0.000146536,  -0.0556281
  0.00014654,  -0.0560804
 0.000146544,  -0.0556281
 0.000146548,  -0.0560804
 0.000146552,  -0.0560804
 0.000146556,  -0.0565327
  0.00014656,  -0.0565327
 0.000146564,  -0.0565327
 0.000146568,  -0.0569849
 0.000146572,  -0.0569849
 0.000146576,  -0.0569849
  0.00014658,  -0.0569849
 0.000146584,  -0.0574372
 0.000146588,  -0.0574372
 0.000146592,  -0.0574372
 0.000146596,  -0.0578894
   0.0001466,  -0.0578894
 0.000146604,  -0.0583417
 0.000146608,  -0.0578894
 0.000146612,  -0.0583417
 0.000146616,  -0.0583417
  0.00014662,   -0.058794
 0.000146624,   -0.058794
 0.000146628,   -0.058794
 0.000146632,  -0.0592462
 0.000146636,  -0.0592462
  0.00014664,  -0.0592462
 0.000146644,  -0.0592462
 0.000146648,  -0.0596985
 0.000146652,  -0.0596985
 0.000146656,  -0.0596985
  0.00014666,  -0.0596985
 0.000146664,  -0.0601508
 0.000146668,   -0.060603
 0.000146672,  -0.0601508
 0.000146676,   -0.060603
  0.00014668,   -0.060603
 0.000146684,   -0.060603
 0.000146688,  -0.0610553
 0.000146692,  -0.0610553
 0.000146696,  -0.0610553
   0.0001467,  -0.0615075
 0.000146704,  -0.0619598
 0.000146708,  -0.0619598
 0.000146712,  -0.0619598
 0.000146716,  -0.0619598
  0.00014672,  -0.0624121
 0.000146724,  -0.0624121
 0.000146728,  -0.0628643
 0.000146732,  -0.0628643
 0.000146736,  -0.0624121
  0.00014674,  -0.0628643
 0.000146744,  -0.0633166
 0.000146748,  -0.0628643
 0.000146752,  -0.0633166
 0.000146756,  -0.0633166
  0.00014676,  -0.0637688
 0.000146764,  -0.0633166
 0.000146768,  -0.0633166
 0.000146772,  -0.0642211
 0.000146776,  -0.0642211
  0.00014678,  -0.0637688
 0.000146784,  -0.0642211
 0.000146788,  -0.0642211
 0.000146792,  -0.0646734
 0.000146796,  -0.0646734
   0.0001468,  -0.0646734
 0.000146804,  -0.0651256
 0.000146808,  -0.0651256
 0.000146812,  -0.0651256
 0.000146816,  -0.0651256
  0.00014682,  -0.0655779
 0.000146824,  -0.0655779
 0.000146828,  -0.0660302
 0.000146832,  -0.0655779
 0.000146836,  -0.0660302
  0.00014684,  -0.0664824
 0.000146844,  -0.0660302
 0.000146848,  -0.0664824
 0.000146852,  -0.0664824
 0.000146856,  -0.0664824
  0.00014686,  -0.0664824
 0.000146864,  -0.0673869
 0.000146868,  -0.0673869
 0.000146872,  -0.0669347
 0.000146876,  -0.0673869
  0.00014688,  -0.0678392
 0.000146884,  -0.0673869
 0.000146888,  -0.0678392
 0.000146892,  -0.0682915
 0.000146896,  -0.0678392
   0.0001469,  -0.0682915
 0.000146904,  -0.0682915
 0.000146908,  -0.0682915
 0.000146912,  -0.0682915
 0.000146916,  -0.0687437
  0.00014692,  -0.0687437
 0.000146924,  -0.0682915
 0.000146928,  -0.0687437
 0.000146932,  -0.0696482
 0.000146936,  -0.0687437
  0.00014694,   -0.069196
 0.000146944,  -0.0696482
 0.000146948,  -0.0696482
 0.000146952,  -0.0696482
 0.000146956,  -0.0696482
  0.00014696,  -0.0701005
 0.000146964,  -0.0701005
 0.000146968,  -0.0701005
 0.000146972,  -0.0701005
 0.000146976,  -0.0705528
  0.00014698,  -0.0705528
 0.000146984,  -0.0705528
 0.000146988,   -0.071005
 0.000146992,   -0.071005
 0.000146996,   -0.071005
