     5.2E-05,-0.000904523
  5.2004E-05,-0.000904523
  5.2008E-05,-0.000452261
  5.2012E-05,-0.000452261
  5.2016E-05,-0.000452261
   5.202E-05,-0.000452261
  5.2024E-05,-0.000452261
  5.2028E-05,           0
  5.2032E-05,           0
  5.2036E-05,           0
   5.204E-05, 0.000452261
  5.2044E-05, 0.000452261
  5.2048E-05, 0.000452261
  5.2052E-05, 0.000452261
  5.2056E-05, 0.000452261
   5.206E-05, 0.000452261
  5.2064E-05, 0.000904523
  5.2068E-05, 0.000904523
  5.2072E-05, 0.000904523
  5.2076E-05, 0.000904523
   5.208E-05, 0.000904523
  5.2084E-05,  0.00135678
  5.2088E-05,  0.00135678
  5.2092E-05,  0.00135678
  5.2096E-05,  0.00135678
    5.21E-05,  0.00180905
  5.2104E-05,  0.00180905
  5.2108E-05,  0.00180905
  5.2112E-05,  0.00180905
  5.2116E-05,  0.00180905
   5.212E-05,  0.00180905
  5.2124E-05,  0.00226131
  5.2128E-05,  0.00226131
  5.2132E-05,  0.00226131
  5.2136E-05,  0.00226131
   5.214E-05,  0.00226131
  5.2144E-05,  0.00271357
  5.2148E-05,  0.00271357
  5.2152E-05,  0.00226131
  5.2156E-05,  0.00226131
   5.216E-05,  0.00271357
  5.2164E-05,  0.00271357
  5.2168E-05,  0.00271357
  5.2172E-05,  0.00271357
  5.2176E-05,  0.00271357
   5.218E-05,  0.00316583
  5.2184E-05,  0.00271357
  5.2188E-05,  0.00271357
  5.2192E-05,  0.00271357
  5.2196E-05,  0.00271357
    5.22E-05,  0.00316583
  5.2204E-05,  0.00316583
  5.2208E-05,  0.00316583
  5.2212E-05,  0.00316583
  5.2216E-05,  0.00316583
   5.222E-05,  0.00316583
  5.2224E-05,  0.00316583
  5.2228E-05,  0.00316583
  5.2232E-05,  0.00316583
  5.2236E-05,  0.00316583
   5.224E-05,  0.00316583
  5.2244E-05,  0.00316583
  5.2248E-05,  0.00316583
  5.2252E-05,  0.00316583
  5.2256E-05,  0.00316583
   5.226E-05,  0.00316583
  5.2264E-05,  0.00316583
  5.2268E-05,  0.00316583
  5.2272E-05,  0.00316583
  5.2276E-05,  0.00316583
   5.228E-05,  0.00316583
  5.2284E-05,  0.00316583
  5.2288E-05,  0.00316583
  5.2292E-05,  0.00316583
  5.2296E-05,  0.00316583
    5.23E-05,  0.00316583
  5.2304E-05,  0.00316583
  5.2308E-05,  0.00316583
  5.2312E-05,  0.00316583
  5.2316E-05,  0.00316583
   5.232E-05,  0.00316583
  5.2324E-05,  0.00316583
  5.2328E-05,  0.00316583
  5.2332E-05,  0.00316583
  5.2336E-05,  0.00271357
   5.234E-05,  0.00271357
  5.2344E-05,  0.00271357
  5.2348E-05,  0.00271357
  5.2352E-05,  0.00226131
  5.2356E-05,  0.00271357
   5.236E-05,  0.00271357
  5.2364E-05,  0.00271357
  5.2368E-05,  0.00226131
  5.2372E-05,  0.00226131
  5.2376E-05,  0.00226131
   5.238E-05,  0.00226131
  5.2384E-05,  0.00226131
  5.2388E-05,  0.00226131
  5.2392E-05,  0.00226131
  5.2396E-05,  0.00226131
    5.24E-05,  0.00226131
  5.2404E-05,  0.00226131
  5.2408E-05,  0.00180905
  5.2412E-05,  0.00180905
  5.2416E-05,  0.00180905
   5.242E-05,  0.00180905
  5.2424E-05,  0.00180905
  5.2428E-05,  0.00180905
  5.2432E-05,  0.00135678
  5.2436E-05,  0.00180905
   5.244E-05,  0.00135678
  5.2444E-05,  0.00135678
  5.2448E-05,  0.00135678
  5.2452E-05, 0.000904523
  5.2456E-05, 0.000904523
   5.246E-05, 0.000904523
  5.2464E-05, 0.000904523
  5.2468E-05, 0.000904523
  5.2472E-05, 0.000452261
  5.2476E-05, 0.000904523
   5.248E-05, 0.000452261
  5.2484E-05,           0
  5.2488E-05,           0
  5.2492E-05,           0
  5.2496E-05,           0
    5.25E-05,           0
  5.2504E-05,           0
  5.2508E-05,-0.000452261
  5.2512E-05,-0.000452261
  5.2516E-05,-0.000452261
   5.252E-05,-0.000452261
  5.2524E-05,-0.000904523
  5.2528E-05,-0.000904523
  5.2532E-05,-0.000904523
  5.2536E-05,-0.000904523
   5.254E-05,-0.000904523
  5.2544E-05, -0.00135678
  5.2548E-05, -0.00135678
  5.2552E-05, -0.00135678
  5.2556E-05, -0.00180905
   5.256E-05, -0.00180905
  5.2564E-05, -0.00180905
  5.2568E-05, -0.00180905
  5.2572E-05, -0.00226131
  5.2576E-05, -0.00226131
   5.258E-05, -0.00226131
  5.2584E-05, -0.00271357
  5.2588E-05, -0.00316583
  5.2592E-05, -0.00316583
  5.2596E-05, -0.00316583
    5.26E-05, -0.00316583
  5.2604E-05, -0.00361809
  5.2608E-05, -0.00361809
  5.2612E-05, -0.00361809
  5.2616E-05, -0.00407035
   5.262E-05, -0.00452261
  5.2624E-05, -0.00452261
  5.2628E-05, -0.00407035
  5.2632E-05, -0.00452261
  5.2636E-05, -0.00452261
   5.264E-05, -0.00452261
  5.2644E-05, -0.00497487
  5.2648E-05, -0.00497487
  5.2652E-05, -0.00497487
  5.2656E-05, -0.00497487
   5.266E-05, -0.00542714
  5.2664E-05, -0.00542714
  5.2668E-05, -0.00542714
  5.2672E-05,  -0.0058794
  5.2676E-05,  -0.0058794
   5.268E-05,  -0.0058794
  5.2684E-05,  -0.0058794
  5.2688E-05, -0.00633166
  5.2692E-05, -0.00633166
  5.2696E-05, -0.00678392
    5.27E-05, -0.00678392
  5.2704E-05, -0.00678392
  5.2708E-05, -0.00723618
  5.2712E-05, -0.00723618
  5.2716E-05, -0.00723618
   5.272E-05, -0.00768844
  5.2724E-05, -0.00768844
  5.2728E-05, -0.00768844
  5.2732E-05,  -0.0081407
  5.2736E-05, -0.00859297
   5.274E-05, -0.00859297
  5.2744E-05, -0.00859297
  5.2748E-05, -0.00859297
  5.2752E-05, -0.00904523
  5.2756E-05, -0.00904523
   5.276E-05, -0.00904523
  5.2764E-05, -0.00949749
  5.2768E-05, -0.00949749
  5.2772E-05, -0.00949749
  5.2776E-05, -0.00994975
   5.278E-05, -0.00994975
  5.2784E-05, -0.00994975
  5.2788E-05,   -0.010402
  5.2792E-05,   -0.010402
  5.2796E-05,   -0.010402
    5.28E-05,  -0.0108543
  5.2804E-05,  -0.0108543
  5.2808E-05,  -0.0108543
  5.2812E-05,  -0.0108543
  5.2816E-05,  -0.0113065
   5.282E-05,  -0.0113065
  5.2824E-05,  -0.0113065
  5.2828E-05,  -0.0117588
  5.2832E-05,  -0.0117588
  5.2836E-05,  -0.0117588
   5.284E-05,  -0.0122111
  5.2844E-05,  -0.0122111
  5.2848E-05,  -0.0126633
  5.2852E-05,  -0.0126633
  5.2856E-05,  -0.0126633
   5.286E-05,  -0.0126633
  5.2864E-05,  -0.0131156
  5.2868E-05,  -0.0131156
  5.2872E-05,  -0.0135678
  5.2876E-05,  -0.0135678
   5.288E-05,  -0.0135678
  5.2884E-05,  -0.0135678
  5.2888E-05,  -0.0140201
  5.2892E-05,  -0.0140201
  5.2896E-05,  -0.0140201
    5.29E-05,  -0.0140201
  5.2904E-05,  -0.0144724
  5.2908E-05,  -0.0144724
  5.2912E-05,  -0.0149246
  5.2916E-05,  -0.0144724
   5.292E-05,  -0.0149246
  5.2924E-05,  -0.0153769
  5.2928E-05,  -0.0149246
  5.2932E-05,  -0.0153769
  5.2936E-05,  -0.0153769
   5.294E-05,  -0.0153769
  5.2944E-05,  -0.0153769
  5.2948E-05,  -0.0158291
  5.2952E-05,  -0.0158291
  5.2956E-05,  -0.0158291
   5.296E-05,  -0.0158291
  5.2964E-05,  -0.0162814
  5.2968E-05,  -0.0162814
  5.2972E-05,  -0.0162814
  5.2976E-05,  -0.0162814
   5.298E-05,  -0.0162814
  5.2984E-05,  -0.0167337
  5.2988E-05,  -0.0167337
  5.2992E-05,  -0.0167337
  5.2996E-05,  -0.0167337
     5.3E-05,  -0.0167337
  5.3004E-05,  -0.0171859
  5.3008E-05,  -0.0176382
  5.3012E-05,  -0.0171859
  5.3016E-05,  -0.0176382
   5.302E-05,  -0.0176382
  5.3024E-05,  -0.0176382
  5.3028E-05,  -0.0176382
  5.3032E-05,  -0.0180905
  5.3036E-05,  -0.0180905
   5.304E-05,  -0.0180905
  5.3044E-05,  -0.0180905
  5.3048E-05,  -0.0180905
  5.3052E-05,  -0.0185427
  5.3056E-05,  -0.0180905
   5.306E-05,  -0.0185427
  5.3064E-05,  -0.0185427
  5.3068E-05,  -0.0185427
  5.3072E-05,  -0.0185427
  5.3076E-05,  -0.0185427
   5.308E-05,   -0.018995
  5.3084E-05,   -0.018995
  5.3088E-05,   -0.018995
  5.3092E-05,   -0.018995
  5.3096E-05,   -0.018995
    5.31E-05,  -0.0194472
  5.3104E-05,  -0.0194472
  5.3108E-05,  -0.0194472
  5.3112E-05,  -0.0194472
  5.3116E-05,  -0.0194472
   5.312E-05,  -0.0194472
  5.3124E-05,  -0.0194472
  5.3128E-05,  -0.0198995
  5.3132E-05,  -0.0194472
  5.3136E-05,  -0.0194472
   5.314E-05,  -0.0198995
  5.3144E-05,  -0.0198995
  5.3148E-05,  -0.0198995
  5.3152E-05,  -0.0198995
  5.3156E-05,  -0.0198995
   5.316E-05,  -0.0198995
  5.3164E-05,  -0.0198995
  5.3168E-05,  -0.0198995
  5.3172E-05,  -0.0198995
  5.3176E-05,  -0.0198995
   5.318E-05,  -0.0198995
  5.3184E-05,  -0.0198995
  5.3188E-05,  -0.0203518
  5.3192E-05,  -0.0203518
  5.3196E-05,  -0.0203518
    5.32E-05,  -0.0203518
  5.3204E-05,  -0.0203518
  5.3208E-05,  -0.0203518
  5.3212E-05,  -0.0203518
  5.3216E-05,  -0.0203518
   5.322E-05,  -0.0203518
  5.3224E-05,  -0.0203518
  5.3228E-05,  -0.0203518
  5.3232E-05,  -0.0203518
  5.3236E-05,  -0.0203518
   5.324E-05,  -0.0203518
  5.3244E-05,  -0.0203518
  5.3248E-05,  -0.0203518
  5.3252E-05,  -0.0203518
  5.3256E-05,  -0.0203518
   5.326E-05,  -0.0203518
  5.3264E-05,  -0.0203518
  5.3268E-05,  -0.0203518
  5.3272E-05,  -0.0203518
  5.3276E-05,  -0.0203518
   5.328E-05,  -0.0203518
  5.3284E-05,  -0.0203518
  5.3288E-05,   -0.020804
  5.3292E-05,   -0.020804
  5.3296E-05,  -0.0203518
    5.33E-05,  -0.0203518
  5.3304E-05,   -0.020804
  5.3308E-05,  -0.0203518
  5.3312E-05,  -0.0198995
  5.3316E-05,  -0.0203518
   5.332E-05,  -0.0203518
  5.3324E-05,  -0.0203518
  5.3328E-05,  -0.0198995
  5.3332E-05,  -0.0203518
  5.3336E-05,  -0.0203518
   5.334E-05,  -0.0198995
  5.3344E-05,  -0.0198995
  5.3348E-05,  -0.0198995
  5.3352E-05,  -0.0198995
  5.3356E-05,  -0.0198995
   5.336E-05,  -0.0198995
  5.3364E-05,  -0.0198995
  5.3368E-05,  -0.0198995
  5.3372E-05,  -0.0194472
  5.3376E-05,  -0.0198995
   5.338E-05,  -0.0194472
  5.3384E-05,  -0.0194472
  5.3388E-05,  -0.0194472
  5.3392E-05,  -0.0198995
  5.3396E-05,  -0.0194472
    5.34E-05,  -0.0194472
  5.3404E-05,  -0.0194472
  5.3408E-05,  -0.0194472
  5.3412E-05,   -0.018995
  5.3416E-05,  -0.0194472
   5.342E-05,  -0.0194472
  5.3424E-05,   -0.018995
  5.3428E-05,   -0.018995
  5.3432E-05,   -0.018995
  5.3436E-05,   -0.018995
   5.344E-05,   -0.018995
  5.3444E-05,  -0.0185427
  5.3448E-05,  -0.0185427
  5.3452E-05,  -0.0185427
  5.3456E-05,  -0.0185427
   5.346E-05,  -0.0185427
  5.3464E-05,  -0.0185427
  5.3468E-05,  -0.0180905
  5.3472E-05,  -0.0180905
  5.3476E-05,  -0.0180905
   5.348E-05,  -0.0180905
  5.3484E-05,  -0.0176382
  5.3488E-05,  -0.0176382
  5.3492E-05,  -0.0180905
  5.3496E-05,  -0.0180905
    5.35E-05,  -0.0176382
  5.3504E-05,  -0.0176382
  5.3508E-05,  -0.0171859
  5.3512E-05,  -0.0171859
  5.3516E-05,  -0.0171859
   5.352E-05,  -0.0171859
  5.3524E-05,  -0.0167337
  5.3528E-05,  -0.0167337
  5.3532E-05,  -0.0167337
  5.3536E-05,  -0.0167337
   5.354E-05,  -0.0162814
  5.3544E-05,  -0.0162814
  5.3548E-05,  -0.0162814
  5.3552E-05,  -0.0162814
  5.3556E-05,  -0.0162814
   5.356E-05,  -0.0158291
  5.3564E-05,  -0.0158291
  5.3568E-05,  -0.0158291
  5.3572E-05,  -0.0158291
  5.3576E-05,  -0.0158291
   5.358E-05,  -0.0158291
  5.3584E-05,  -0.0153769
  5.3588E-05,  -0.0153769
  5.3592E-05,  -0.0153769
  5.3596E-05,  -0.0153769
    5.36E-05,  -0.0149246
  5.3604E-05,  -0.0149246
  5.3608E-05,  -0.0149246
  5.3612E-05,  -0.0149246
  5.3616E-05,  -0.0144724
   5.362E-05,  -0.0144724
  5.3624E-05,  -0.0140201
  5.3628E-05,  -0.0140201
  5.3632E-05,  -0.0140201
  5.3636E-05,  -0.0140201
   5.364E-05,  -0.0135678
  5.3644E-05,  -0.0135678
  5.3648E-05,  -0.0135678
  5.3652E-05,  -0.0135678
  5.3656E-05,  -0.0131156
   5.366E-05,  -0.0131156
  5.3664E-05,  -0.0131156
  5.3668E-05,  -0.0126633
  5.3672E-05,  -0.0126633
  5.3676E-05,  -0.0126633
   5.368E-05,  -0.0122111
  5.3684E-05,  -0.0122111
  5.3688E-05,  -0.0122111
  5.3692E-05,  -0.0122111
  5.3696E-05,  -0.0117588
    5.37E-05,  -0.0117588
  5.3704E-05,  -0.0117588
  5.3708E-05,  -0.0117588
  5.3712E-05,  -0.0113065
  5.3716E-05,  -0.0113065
   5.372E-05,  -0.0108543
  5.3724E-05,  -0.0113065
  5.3728E-05,  -0.0108543
  5.3732E-05,  -0.0108543
  5.3736E-05,  -0.0108543
   5.374E-05,   -0.010402
  5.3744E-05,   -0.010402
  5.3748E-05, -0.00994975
  5.3752E-05,   -0.010402
  5.3756E-05,   -0.010402
   5.376E-05, -0.00994975
  5.3764E-05, -0.00949749
  5.3768E-05, -0.00994975
  5.3772E-05, -0.00949749
  5.3776E-05, -0.00949749
   5.378E-05, -0.00904523
  5.3784E-05, -0.00904523
  5.3788E-05, -0.00904523
  5.3792E-05, -0.00904523
  5.3796E-05, -0.00904523
    5.38E-05, -0.00859297
  5.3804E-05, -0.00859297
  5.3808E-05, -0.00859297
  5.3812E-05, -0.00859297
  5.3816E-05,  -0.0081407
   5.382E-05,  -0.0081407
  5.3824E-05,  -0.0081407
  5.3828E-05,  -0.0081407
  5.3832E-05, -0.00768844
  5.3836E-05, -0.00768844
   5.384E-05, -0.00723618
  5.3844E-05, -0.00723618
  5.3848E-05, -0.00723618
  5.3852E-05, -0.00723618
  5.3856E-05, -0.00723618
   5.386E-05, -0.00678392
  5.3864E-05, -0.00633166
  5.3868E-05, -0.00678392
  5.3872E-05, -0.00633166
  5.3876E-05, -0.00633166
   5.388E-05,  -0.0058794
  5.3884E-05, -0.00633166
  5.3888E-05,  -0.0058794
  5.3892E-05,  -0.0058794
  5.3896E-05,  -0.0058794
    5.39E-05, -0.00542714
  5.3904E-05, -0.00542714
  5.3908E-05, -0.00542714
  5.3912E-05, -0.00497487
  5.3916E-05, -0.00542714
   5.392E-05, -0.00497487
  5.3924E-05, -0.00497487
  5.3928E-05, -0.00497487
  5.3932E-05, -0.00497487
  5.3936E-05, -0.00452261
   5.394E-05, -0.00452261
  5.3944E-05, -0.00497487
  5.3948E-05, -0.00452261
  5.3952E-05, -0.00452261
  5.3956E-05, -0.00452261
   5.396E-05, -0.00452261
  5.3964E-05, -0.00407035
  5.3968E-05, -0.00407035
  5.3972E-05, -0.00407035
  5.3976E-05, -0.00361809
   5.398E-05, -0.00361809
  5.3984E-05, -0.00407035
  5.3988E-05, -0.00407035
  5.3992E-05, -0.00361809
  5.3996E-05, -0.00361809
     5.4E-05, -0.00361809
  5.4004E-05, -0.00361809
  5.4008E-05, -0.00361809
  5.4012E-05, -0.00316583
  5.4016E-05, -0.00316583
   5.402E-05, -0.00316583
  5.4024E-05, -0.00361809
  5.4028E-05, -0.00316583
  5.4032E-05, -0.00316583
  5.4036E-05, -0.00316583
   5.404E-05, -0.00271357
  5.4044E-05, -0.00316583
  5.4048E-05, -0.00316583
  5.4052E-05, -0.00271357
  5.4056E-05, -0.00271357
   5.406E-05, -0.00271357
  5.4064E-05, -0.00271357
  5.4068E-05, -0.00271357
  5.4072E-05, -0.00271357
  5.4076E-05, -0.00271357
   5.408E-05, -0.00271357
  5.4084E-05, -0.00271357
  5.4088E-05, -0.00271357
  5.4092E-05, -0.00271357
  5.4096E-05, -0.00271357
    5.41E-05, -0.00271357
  5.4104E-05, -0.00271357
  5.4108E-05, -0.00226131
  5.4112E-05, -0.00226131
  5.4116E-05, -0.00226131
   5.412E-05, -0.00271357
  5.4124E-05, -0.00226131
  5.4128E-05, -0.00226131
  5.4132E-05, -0.00226131
  5.4136E-05, -0.00226131
   5.414E-05, -0.00226131
  5.4144E-05, -0.00226131
  5.4148E-05, -0.00226131
  5.4152E-05, -0.00271357
  5.4156E-05, -0.00271357
   5.416E-05, -0.00226131
  5.4164E-05, -0.00226131
  5.4168E-05, -0.00226131
  5.4172E-05, -0.00226131
  5.4176E-05, -0.00271357
   5.418E-05, -0.00271357
  5.4184E-05, -0.00226131
  5.4188E-05, -0.00226131
  5.4192E-05, -0.00271357
  5.4196E-05, -0.00271357
    5.42E-05, -0.00226131
  5.4204E-05, -0.00226131
  5.4208E-05, -0.00271357
  5.4212E-05, -0.00271357
  5.4216E-05, -0.00271357
   5.422E-05, -0.00271357
  5.4224E-05, -0.00271357
  5.4228E-05, -0.00271357
  5.4232E-05, -0.00271357
  5.4236E-05, -0.00271357
   5.424E-05, -0.00271357
  5.4244E-05, -0.00271357
  5.4248E-05, -0.00271357
  5.4252E-05, -0.00271357
  5.4256E-05, -0.00316583
   5.426E-05, -0.00316583
  5.4264E-05, -0.00316583
  5.4268E-05, -0.00316583
  5.4272E-05, -0.00316583
  5.4276E-05, -0.00316583
   5.428E-05, -0.00316583
  5.4284E-05, -0.00316583
  5.4288E-05, -0.00316583
  5.4292E-05, -0.00316583
  5.4296E-05, -0.00361809
    5.43E-05, -0.00361809
  5.4304E-05, -0.00361809
  5.4308E-05, -0.00361809
  5.4312E-05, -0.00361809
  5.4316E-05, -0.00361809
   5.432E-05, -0.00407035
  5.4324E-05, -0.00407035
  5.4328E-05, -0.00407035
  5.4332E-05, -0.00407035
  5.4336E-05, -0.00407035
   5.434E-05, -0.00407035
  5.4344E-05, -0.00407035
  5.4348E-05, -0.00407035
  5.4352E-05, -0.00407035
  5.4356E-05, -0.00407035
   5.436E-05, -0.00452261
  5.4364E-05, -0.00452261
  5.4368E-05, -0.00452261
  5.4372E-05, -0.00452261
  5.4376E-05, -0.00452261
   5.438E-05, -0.00452261
  5.4384E-05, -0.00452261
  5.4388E-05, -0.00497487
  5.4392E-05, -0.00497487
  5.4396E-05, -0.00497487
    5.44E-05, -0.00497487
  5.4404E-05, -0.00497487
  5.4408E-05, -0.00542714
  5.4412E-05, -0.00542714
  5.4416E-05, -0.00542714
   5.442E-05, -0.00542714
  5.4424E-05,  -0.0058794
  5.4428E-05,  -0.0058794
  5.4432E-05,  -0.0058794
  5.4436E-05,  -0.0058794
   5.444E-05,  -0.0058794
  5.4444E-05,  -0.0058794
  5.4448E-05, -0.00633166
  5.4452E-05, -0.00633166
  5.4456E-05, -0.00633166
   5.446E-05, -0.00633166
  5.4464E-05, -0.00678392
  5.4468E-05, -0.00678392
  5.4472E-05, -0.00678392
  5.4476E-05, -0.00678392
   5.448E-05, -0.00678392
  5.4484E-05, -0.00678392
  5.4488E-05, -0.00678392
  5.4492E-05, -0.00723618
  5.4496E-05, -0.00723618
    5.45E-05, -0.00723618
  5.4504E-05, -0.00723618
  5.4508E-05, -0.00723618
  5.4512E-05, -0.00768844
  5.4516E-05, -0.00768844
   5.452E-05, -0.00768844
  5.4524E-05, -0.00768844
  5.4528E-05, -0.00768844
  5.4532E-05,  -0.0081407
  5.4536E-05,  -0.0081407
   5.454E-05,  -0.0081407
  5.4544E-05,  -0.0081407
  5.4548E-05,  -0.0081407
  5.4552E-05, -0.00859297
  5.4556E-05, -0.00859297
   5.456E-05, -0.00859297
  5.4564E-05, -0.00859297
  5.4568E-05, -0.00859297
  5.4572E-05, -0.00904523
  5.4576E-05, -0.00904523
   5.458E-05, -0.00904523
  5.4584E-05, -0.00949749
  5.4588E-05, -0.00904523
  5.4592E-05, -0.00949749
  5.4596E-05, -0.00949749
    5.46E-05, -0.00949749
  5.4604E-05, -0.00949749
  5.4608E-05, -0.00949749
  5.4612E-05, -0.00994975
  5.4616E-05, -0.00994975
   5.462E-05, -0.00994975
  5.4624E-05, -0.00994975
  5.4628E-05, -0.00994975
  5.4632E-05,   -0.010402
  5.4636E-05, -0.00994975
   5.464E-05, -0.00994975
  5.4644E-05,  -0.0108543
  5.4648E-05,   -0.010402
  5.4652E-05,   -0.010402
  5.4656E-05,   -0.010402
   5.466E-05,  -0.0108543
  5.4664E-05,  -0.0108543
  5.4668E-05,  -0.0108543
  5.4672E-05,  -0.0108543
  5.4676E-05,  -0.0108543
   5.468E-05,  -0.0108543
  5.4684E-05,  -0.0113065
  5.4688E-05,  -0.0113065
  5.4692E-05,  -0.0113065
  5.4696E-05,  -0.0113065
    5.47E-05,  -0.0117588
  5.4704E-05,  -0.0117588
  5.4708E-05,  -0.0117588
  5.4712E-05,  -0.0113065
  5.4716E-05,  -0.0117588
   5.472E-05,  -0.0122111
  5.4724E-05,  -0.0117588
  5.4728E-05,  -0.0117588
  5.4732E-05,  -0.0122111
  5.4736E-05,  -0.0122111
   5.474E-05,  -0.0122111
  5.4744E-05,  -0.0122111
  5.4748E-05,  -0.0122111
  5.4752E-05,  -0.0122111
  5.4756E-05,  -0.0122111
   5.476E-05,  -0.0126633
  5.4764E-05,  -0.0126633
  5.4768E-05,  -0.0122111
  5.4772E-05,  -0.0126633
  5.4776E-05,  -0.0126633
   5.478E-05,  -0.0126633
  5.4784E-05,  -0.0126633
  5.4788E-05,  -0.0126633
  5.4792E-05,  -0.0126633
  5.4796E-05,  -0.0131156
    5.48E-05,  -0.0131156
  5.4804E-05,  -0.0131156
  5.4808E-05,  -0.0126633
  5.4812E-05,  -0.0131156
  5.4816E-05,  -0.0131156
   5.482E-05,  -0.0131156
  5.4824E-05,  -0.0131156
  5.4828E-05,  -0.0131156
  5.4832E-05,  -0.0131156
  5.4836E-05,  -0.0135678
   5.484E-05,  -0.0131156
  5.4844E-05,  -0.0131156
  5.4848E-05,  -0.0131156
  5.4852E-05,  -0.0131156
  5.4856E-05,  -0.0135678
   5.486E-05,  -0.0135678
  5.4864E-05,  -0.0135678
  5.4868E-05,  -0.0135678
  5.4872E-05,  -0.0131156
  5.4876E-05,  -0.0135678
   5.488E-05,  -0.0135678
  5.4884E-05,  -0.0131156
  5.4888E-05,  -0.0135678
  5.4892E-05,  -0.0135678
  5.4896E-05,  -0.0135678
    5.49E-05,  -0.0135678
  5.4904E-05,  -0.0135678
  5.4908E-05,  -0.0131156
  5.4912E-05,  -0.0131156
  5.4916E-05,  -0.0131156
   5.492E-05,  -0.0131156
  5.4924E-05,  -0.0131156
  5.4928E-05,  -0.0131156
  5.4932E-05,  -0.0131156
  5.4936E-05,  -0.0131156
   5.494E-05,  -0.0131156
  5.4944E-05,  -0.0131156
  5.4948E-05,  -0.0131156
  5.4952E-05,  -0.0131156
  5.4956E-05,  -0.0131156
   5.496E-05,  -0.0131156
  5.4964E-05,  -0.0126633
  5.4968E-05,  -0.0126633
  5.4972E-05,  -0.0126633
  5.4976E-05,  -0.0126633
   5.498E-05,  -0.0122111
  5.4984E-05,  -0.0122111
  5.4988E-05,  -0.0122111
  5.4992E-05,  -0.0122111
  5.4996E-05,  -0.0122111
     5.5E-05,  -0.0117588
  5.5004E-05,  -0.0117588
  5.5008E-05,  -0.0117588
  5.5012E-05,  -0.0113065
  5.5016E-05,  -0.0113065
   5.502E-05,  -0.0113065
  5.5024E-05,  -0.0113065
  5.5028E-05,  -0.0113065
  5.5032E-05,  -0.0108543
  5.5036E-05,  -0.0108543
   5.504E-05,   -0.010402
  5.5044E-05,   -0.010402
  5.5048E-05,   -0.010402
  5.5052E-05, -0.00994975
  5.5056E-05, -0.00994975
   5.506E-05, -0.00994975
  5.5064E-05, -0.00949749
  5.5068E-05, -0.00949749
  5.5072E-05, -0.00949749
  5.5076E-05, -0.00904523
   5.508E-05, -0.00859297
  5.5084E-05, -0.00859297
  5.5088E-05,  -0.0081407
  5.5092E-05,  -0.0081407
  5.5096E-05,  -0.0081407
    5.51E-05, -0.00768844
  5.5104E-05, -0.00723618
  5.5108E-05, -0.00723618
  5.5112E-05, -0.00678392
  5.5116E-05, -0.00633166
   5.512E-05, -0.00633166
  5.5124E-05,  -0.0058794
  5.5128E-05, -0.00542714
  5.5132E-05, -0.00542714
  5.5136E-05, -0.00497487
   5.514E-05, -0.00452261
  5.5144E-05, -0.00407035
  5.5148E-05, -0.00407035
  5.5152E-05, -0.00361809
  5.5156E-05, -0.00316583
   5.516E-05, -0.00271357
  5.5164E-05, -0.00226131
  5.5168E-05, -0.00226131
  5.5172E-05, -0.00180905
  5.5176E-05, -0.00135678
   5.518E-05,-0.000904523
  5.5184E-05,-0.000452261
  5.5188E-05,           0
  5.5192E-05, 0.000452261
  5.5196E-05, 0.000904523
    5.52E-05,  0.00135678
  5.5204E-05,  0.00180905
  5.5208E-05,  0.00226131
  5.5212E-05,  0.00271357
  5.5216E-05,  0.00316583
   5.522E-05,  0.00361809
  5.5224E-05,  0.00407035
  5.5228E-05,  0.00452261
  5.5232E-05,  0.00497487
  5.5236E-05,  0.00542714
   5.524E-05,  0.00633166
  5.5244E-05,  0.00678392
  5.5248E-05,  0.00723618
  5.5252E-05,  0.00768844
  5.5256E-05,   0.0081407
   5.526E-05,  0.00859297
  5.5264E-05,  0.00949749
  5.5268E-05,  0.00994975
  5.5272E-05,    0.010402
  5.5276E-05,   0.0108543
   5.528E-05,   0.0117588
  5.5284E-05,   0.0122111
  5.5288E-05,   0.0131156
  5.5292E-05,   0.0135678
  5.5296E-05,   0.0140201
    5.53E-05,   0.0149246
  5.5304E-05,   0.0158291
  5.5308E-05,   0.0162814
  5.5312E-05,   0.0167337
  5.5316E-05,   0.0176382
   5.532E-05,   0.0180905
  5.5324E-05,    0.018995
  5.5328E-05,   0.0194472
  5.5332E-05,   0.0203518
  5.5336E-05,   0.0212563
   5.534E-05,   0.0217085
  5.5344E-05,   0.0226131
  5.5348E-05,   0.0230653
  5.5352E-05,   0.0239698
  5.5356E-05,   0.0248744
   5.536E-05,   0.0257789
  5.5364E-05,   0.0262312
  5.5368E-05,   0.0271357
  5.5372E-05,   0.0280402
  5.5376E-05,   0.0289447
   5.538E-05,   0.0298492
  5.5384E-05,   0.0307538
  5.5388E-05,    0.031206
  5.5392E-05,   0.0321106
  5.5396E-05,   0.0330151
    5.54E-05,   0.0339196
  5.5404E-05,   0.0348241
  5.5408E-05,   0.0357286
  5.5412E-05,   0.0366332
  5.5416E-05,   0.0375377
   5.542E-05,   0.0384422
  5.5424E-05,   0.0393467
  5.5428E-05,   0.0402513
  5.5432E-05,   0.0411558
  5.5436E-05,   0.0420603
   5.544E-05,   0.0434171
  5.5444E-05,   0.0443216
  5.5448E-05,   0.0447739
  5.5452E-05,   0.0461307
  5.5456E-05,   0.0470352
   5.546E-05,   0.0479397
  5.5464E-05,   0.0488442
  5.5468E-05,   0.0497487
  5.5472E-05,   0.0511055
  5.5476E-05,   0.0515578
   5.548E-05,   0.0524623
  5.5484E-05,   0.0538191
  5.5488E-05,   0.0547236
  5.5492E-05,   0.0556281
  5.5496E-05,   0.0565327
    5.55E-05,   0.0574372
  5.5504E-05,   0.0583417
  5.5508E-05,   0.0596985
  5.5512E-05,    0.060603
  5.5516E-05,   0.0615075
   5.552E-05,   0.0619598
  5.5524E-05,   0.0633166
  5.5528E-05,   0.0642211
  5.5532E-05,   0.0651256
  5.5536E-05,   0.0660302
   5.554E-05,   0.0669347
  5.5544E-05,   0.0682915
  5.5548E-05,    0.069196
  5.5552E-05,   0.0696482
  5.5556E-05,   0.0705528
   5.556E-05,   0.0714573
  5.5564E-05,   0.0723618
  5.5568E-05,   0.0737186
  5.5572E-05,   0.0746231
  5.5576E-05,   0.0750754
   5.558E-05,   0.0759799
  5.5584E-05,   0.0768844
  5.5588E-05,   0.0777889
  5.5592E-05,   0.0786935
  5.5596E-05,   0.0791457
    5.56E-05,   0.0800503
  5.5604E-05,    0.081407
  5.5608E-05,   0.0823116
  5.5612E-05,   0.0827638
  5.5616E-05,   0.0836683
   5.562E-05,   0.0841206
  5.5624E-05,   0.0850251
  5.5628E-05,   0.0854774
  5.5632E-05,   0.0863819
  5.5636E-05,   0.0872864
   5.564E-05,   0.0877387
  5.5644E-05,   0.0886432
  5.5648E-05,   0.0890955
  5.5652E-05,        0.09
  5.5656E-05,   0.0904523
   5.566E-05,   0.0909045
  5.5664E-05,    0.091809
  5.5668E-05,   0.0922613
  5.5672E-05,   0.0927136
  5.5676E-05,   0.0931658
   5.568E-05,   0.0936181
  5.5684E-05,   0.0940704
  5.5688E-05,   0.0945226
  5.5692E-05,   0.0949749
  5.5696E-05,   0.0954271
    5.57E-05,   0.0958794
  5.5704E-05,   0.0963317
  5.5708E-05,   0.0967839
  5.5712E-05,   0.0967839
  5.5716E-05,   0.0972362
   5.572E-05,   0.0976884
  5.5724E-05,   0.0976884
  5.5728E-05,   0.0981407
  5.5732E-05,   0.0981407
  5.5736E-05,    0.098593
   5.574E-05,    0.098593
  5.5744E-05,    0.098593
  5.5748E-05,   0.0990452
  5.5752E-05,    0.098593
  5.5756E-05,   0.0990452
   5.576E-05,   0.0990452
  5.5764E-05,    0.098593
  5.5768E-05,    0.098593
  5.5772E-05,   0.0990452
  5.5776E-05,    0.098593
   5.578E-05,    0.098593
  5.5784E-05,   0.0981407
  5.5788E-05,   0.0981407
  5.5792E-05,   0.0976884
  5.5796E-05,   0.0972362
    5.58E-05,   0.0972362
  5.5804E-05,   0.0967839
  5.5808E-05,   0.0963317
  5.5812E-05,   0.0958794
  5.5816E-05,   0.0954271
   5.582E-05,   0.0949749
  5.5824E-05,   0.0940704
  5.5828E-05,   0.0936181
  5.5832E-05,   0.0931658
  5.5836E-05,   0.0922613
   5.584E-05,    0.091809
  5.5844E-05,   0.0909045
  5.5848E-05,        0.09
  5.5852E-05,   0.0890955
  5.5856E-05,    0.088191
   5.586E-05,   0.0872864
  5.5864E-05,   0.0863819
  5.5868E-05,   0.0854774
  5.5872E-05,   0.0845729
  5.5876E-05,   0.0832161
   5.588E-05,   0.0823116
  5.5884E-05,   0.0809548
  5.5888E-05,    0.079598
  5.5892E-05,   0.0786935
  5.5896E-05,   0.0773367
    5.59E-05,   0.0759799
  5.5904E-05,   0.0746231
  5.5908E-05,   0.0732663
  5.5912E-05,   0.0714573
  5.5916E-05,   0.0701005
   5.592E-05,   0.0687437
  5.5924E-05,   0.0669347
  5.5928E-05,   0.0651256
  5.5932E-05,   0.0637688
  5.5936E-05,   0.0619598
   5.594E-05,   0.0601508
  5.5944E-05,   0.0583417
  5.5948E-05,   0.0565327
  5.5952E-05,   0.0542714
  5.5956E-05,   0.0524623
   5.596E-05,   0.0506533
  5.5964E-05,    0.048392
  5.5968E-05,   0.0461307
  5.5972E-05,   0.0438693
  5.5976E-05,    0.041608
   5.598E-05,    0.039799
  5.5984E-05,   0.0370854
  5.5988E-05,   0.0348241
  5.5992E-05,   0.0325628
  5.5996E-05,   0.0303015
     5.6E-05,   0.0275879
  5.6004E-05,   0.0253266
  5.6008E-05,   0.0226131
  5.6012E-05,   0.0203518
  5.6016E-05,   0.0180905
   5.602E-05,   0.0153769
  5.6024E-05,   0.0126633
  5.6028E-05,  0.00994975
  5.6032E-05,  0.00723618
  5.6036E-05,  0.00497487
   5.604E-05,  0.00226131
  5.6044E-05,-0.000904523
  5.6048E-05, -0.00407035
  5.6052E-05, -0.00678392
  5.6056E-05, -0.00994975
   5.606E-05,  -0.0131156
  5.6064E-05,  -0.0162814
  5.6068E-05,   -0.018995
  5.6072E-05,  -0.0221608
  5.6076E-05,  -0.0253266
   5.608E-05,  -0.0284925
  5.6084E-05,  -0.0316583
  5.6088E-05,  -0.0352764
  5.6092E-05,  -0.0384422
  5.6096E-05,  -0.0420603
    5.61E-05,  -0.0456784
  5.6104E-05,  -0.0492965
  5.6108E-05,  -0.0524623
  5.6112E-05,  -0.0560804
  5.6116E-05,  -0.0596985
   5.612E-05,  -0.0633166
  5.6124E-05,  -0.0669347
  5.6128E-05,  -0.0701005
  5.6132E-05,  -0.0741709
  5.6136E-05,  -0.0777889
   5.614E-05,   -0.081407
  5.6144E-05,  -0.0850251
  5.6148E-05,  -0.0886432
  5.6152E-05,  -0.0922613
  5.6156E-05,  -0.0963317
   5.616E-05,   -0.100854
  5.6164E-05,   -0.104472
  5.6168E-05,   -0.108543
  5.6172E-05,   -0.112613
  5.6176E-05,   -0.116683
   5.618E-05,   -0.120754
  5.6184E-05,   -0.124824
  5.6188E-05,   -0.128894
  5.6192E-05,   -0.132965
  5.6196E-05,   -0.137035
    5.62E-05,   -0.141106
  5.6204E-05,   -0.145176
  5.6208E-05,   -0.148794
  5.6212E-05,   -0.152412
  5.6216E-05,   -0.156935
   5.622E-05,   -0.161005
  5.6224E-05,   -0.165075
  5.6228E-05,   -0.169146
  5.6232E-05,   -0.173216
  5.6236E-05,   -0.177739
   5.624E-05,   -0.181809
  5.6244E-05,   -0.185879
  5.6248E-05,    -0.18995
  5.6252E-05,   -0.194472
  5.6256E-05,   -0.198543
   5.626E-05,   -0.202613
  5.6264E-05,   -0.206683
  5.6268E-05,   -0.210754
  5.6272E-05,   -0.215276
  5.6276E-05,   -0.219347
   5.628E-05,   -0.223417
  5.6284E-05,   -0.227487
  5.6288E-05,   -0.231558
  5.6292E-05,   -0.235628
  5.6296E-05,   -0.240151
    5.63E-05,   -0.243769
  5.6304E-05,   -0.247839
  5.6308E-05,    -0.25191
  5.6312E-05,   -0.255528
  5.6316E-05,   -0.259598
   5.632E-05,   -0.263216
  5.6324E-05,   -0.267286
  5.6328E-05,   -0.271357
  5.6332E-05,   -0.274975
  5.6336E-05,   -0.279045
   5.634E-05,   -0.282663
  5.6344E-05,   -0.286734
  5.6348E-05,   -0.290352
  5.6352E-05,   -0.294422
  5.6356E-05,    -0.29804
   5.636E-05,   -0.301658
  5.6364E-05,   -0.305276
  5.6368E-05,   -0.309347
  5.6372E-05,   -0.312965
  5.6376E-05,   -0.316131
   5.638E-05,   -0.319749
  5.6384E-05,   -0.322915
  5.6388E-05,   -0.326533
  5.6392E-05,   -0.329699
  5.6396E-05,   -0.333317
    5.64E-05,   -0.336482
  5.6404E-05,   -0.339648
  5.6408E-05,   -0.342814
  5.6412E-05,    -0.34598
  5.6416E-05,   -0.349146
   5.642E-05,   -0.352312
  5.6424E-05,   -0.355025
  5.6428E-05,   -0.358191
  5.6432E-05,   -0.361357
  5.6436E-05,    -0.36407
   5.644E-05,   -0.367236
  5.6444E-05,    -0.36995
  5.6448E-05,   -0.372663
  5.6452E-05,   -0.375829
  5.6456E-05,   -0.378543
   5.646E-05,   -0.380804
  5.6464E-05,   -0.383518
  5.6468E-05,   -0.386231
  5.6472E-05,   -0.388492
  5.6476E-05,   -0.390754
   5.648E-05,   -0.393015
  5.6484E-05,   -0.395276
  5.6488E-05,   -0.397538
  5.6492E-05,   -0.399347
  5.6496E-05,   -0.401608
    5.65E-05,   -0.403417
  5.6504E-05,   -0.405226
  5.6508E-05,   -0.407035
  5.6512E-05,   -0.408844
  5.6516E-05,   -0.410653
   5.652E-05,    -0.41201
  5.6524E-05,   -0.413367
  5.6528E-05,   -0.414724
  5.6532E-05,   -0.416533
  5.6536E-05,   -0.417437
   5.654E-05,   -0.418342
  5.6544E-05,   -0.419698
  5.6548E-05,   -0.421055
  5.6552E-05,    -0.42196
  5.6556E-05,   -0.422864
   5.656E-05,   -0.423769
  5.6564E-05,   -0.424673
  5.6568E-05,   -0.425578
  5.6572E-05,    -0.42603
  5.6576E-05,   -0.426935
   5.658E-05,   -0.427387
  5.6584E-05,   -0.427839
  5.6588E-05,   -0.428291
  5.6592E-05,   -0.428744
  5.6596E-05,   -0.428744
    5.66E-05,   -0.428744
  5.6604E-05,   -0.428744
  5.6608E-05,   -0.428744
  5.6612E-05,   -0.428744
  5.6616E-05,   -0.428291
   5.662E-05,   -0.427839
  5.6624E-05,   -0.427387
  5.6628E-05,   -0.427387
  5.6632E-05,   -0.426482
  5.6636E-05,    -0.42603
   5.664E-05,   -0.425126
  5.6644E-05,   -0.424221
  5.6648E-05,   -0.423317
  5.6652E-05,   -0.422412
  5.6656E-05,   -0.421508
   5.666E-05,   -0.420151
  5.6664E-05,   -0.419246
  5.6668E-05,   -0.417889
  5.6672E-05,   -0.416533
  5.6676E-05,   -0.414724
   5.668E-05,   -0.413367
  5.6684E-05,   -0.411558
  5.6688E-05,   -0.409749
  5.6692E-05,    -0.40794
  5.6696E-05,   -0.406131
    5.67E-05,   -0.404322
  5.6704E-05,    -0.40206
  5.6708E-05,   -0.399799
  5.6712E-05,   -0.397538
  5.6716E-05,   -0.395276
   5.672E-05,   -0.393015
  5.6724E-05,   -0.390754
  5.6728E-05,    -0.38804
  5.6732E-05,   -0.385327
  5.6736E-05,   -0.382613
   5.674E-05,     -0.3799
  5.6744E-05,   -0.376734
  5.6748E-05,    -0.37402
  5.6752E-05,   -0.370402
  5.6756E-05,   -0.367688
   5.676E-05,   -0.364523
  5.6764E-05,   -0.361357
  5.6768E-05,   -0.357739
  5.6772E-05,   -0.354121
  5.6776E-05,   -0.350503
   5.678E-05,   -0.347337
  5.6784E-05,   -0.343266
  5.6788E-05,   -0.339648
  5.6792E-05,   -0.335578
  5.6796E-05,   -0.331508
    5.68E-05,   -0.327889
  5.6804E-05,   -0.323819
  5.6808E-05,   -0.319296
  5.6812E-05,   -0.314774
  5.6816E-05,   -0.310704
   5.682E-05,   -0.306181
  5.6824E-05,   -0.301658
  5.6828E-05,   -0.297136
  5.6832E-05,   -0.292613
  5.6836E-05,   -0.287638
   5.684E-05,   -0.283116
  5.6844E-05,   -0.278593
  5.6848E-05,   -0.273618
  5.6852E-05,   -0.268643
  5.6856E-05,   -0.263668
   5.686E-05,   -0.258693
  5.6864E-05,   -0.253719
  5.6868E-05,   -0.248291
  5.6872E-05,   -0.242864
  5.6876E-05,   -0.237889
   5.688E-05,   -0.232462
  5.6884E-05,   -0.226583
  5.6888E-05,   -0.221156
  5.6892E-05,   -0.215729
  5.6896E-05,   -0.210302
    5.69E-05,   -0.204422
  5.6904E-05,   -0.198995
  5.6908E-05,   -0.193116
  5.6912E-05,   -0.186784
  5.6916E-05,   -0.180905
   5.692E-05,   -0.175025
  5.6924E-05,   -0.168693
  5.6928E-05,   -0.162814
  5.6932E-05,   -0.156482
  5.6936E-05,   -0.150603
   5.694E-05,   -0.144271
  5.6944E-05,    -0.13794
  5.6948E-05,    -0.13206
  5.6952E-05,   -0.125729
  5.6956E-05,   -0.119397
   5.696E-05,   -0.112613
  5.6964E-05,   -0.106281
  5.6968E-05,  -0.0994975
  5.6972E-05,  -0.0927136
  5.6976E-05,  -0.0863819
   5.698E-05,  -0.0800503
  5.6984E-05,  -0.0737186
  5.6988E-05,  -0.0673869
  5.6992E-05,   -0.060603
  5.6996E-05,  -0.0542714
     5.7E-05,  -0.0474874
  5.7004E-05,  -0.0402513
  5.7008E-05,  -0.0339196
  5.7012E-05,  -0.0275879
  5.7016E-05,   -0.020804
   5.702E-05,  -0.0140201
  5.7024E-05, -0.00768844
  5.7028E-05, -0.00135678
  5.7032E-05,  0.00542714
  5.7036E-05,   0.0117588
   5.704E-05,   0.0185427
  5.7044E-05,   0.0253266
  5.7048E-05,   0.0321106
  5.7052E-05,   0.0388945
  5.7056E-05,   0.0461307
   5.706E-05,   0.0529146
  5.7064E-05,   0.0601508
  5.7068E-05,   0.0669347
  5.7072E-05,   0.0741709
  5.7076E-05,   0.0805025
   5.708E-05,   0.0877387
  5.7084E-05,   0.0945226
  5.7088E-05,    0.101307
  5.7092E-05,     0.10809
  5.7096E-05,    0.114422
    5.71E-05,    0.121658
  5.7104E-05,     0.12799
  5.7108E-05,    0.134774
  5.7112E-05,    0.141558
  5.7116E-05,    0.148342
   5.712E-05,    0.155126
  5.7124E-05,    0.161457
  5.7128E-05,    0.168693
  5.7132E-05,    0.175025
  5.7136E-05,    0.181809
   5.714E-05,    0.189045
  5.7144E-05,    0.195829
  5.7148E-05,    0.202161
  5.7152E-05,    0.208492
  5.7156E-05,    0.215276
   5.716E-05,    0.221608
  5.7164E-05,    0.228392
  5.7168E-05,    0.234724
  5.7172E-05,    0.241055
  5.7176E-05,    0.247839
   5.718E-05,    0.254171
  5.7184E-05,    0.260503
  5.7188E-05,    0.266834
  5.7192E-05,    0.273166
  5.7196E-05,    0.279045
    5.72E-05,    0.285377
  5.7204E-05,    0.291256
  5.7208E-05,    0.297136
  5.7212E-05,    0.303015
  5.7216E-05,    0.308894
   5.722E-05,    0.315226
  5.7224E-05,    0.320653
  5.7228E-05,    0.326533
  5.7232E-05,    0.332412
  5.7236E-05,    0.338291
   5.724E-05,    0.343719
  5.7244E-05,    0.349146
  5.7248E-05,    0.354573
  5.7252E-05,        0.36
  5.7256E-05,    0.364975
   5.726E-05,    0.370402
  5.7264E-05,    0.375829
  5.7268E-05,    0.380804
  5.7272E-05,    0.385779
  5.7276E-05,    0.391206
   5.728E-05,    0.396181
  5.7284E-05,    0.400704
  5.7288E-05,    0.406131
  5.7292E-05,    0.411106
  5.7296E-05,    0.415628
    5.73E-05,    0.420603
  5.7304E-05,    0.425126
  5.7308E-05,    0.429648
  5.7312E-05,    0.434171
  5.7316E-05,    0.438693
   5.732E-05,    0.443216
  5.7324E-05,    0.447286
  5.7328E-05,    0.450905
  5.7332E-05,    0.455427
  5.7336E-05,    0.459497
   5.734E-05,    0.463116
  5.7344E-05,    0.466734
  5.7348E-05,    0.470804
  5.7352E-05,    0.474874
  5.7356E-05,     0.47804
   5.736E-05,    0.481658
  5.7364E-05,    0.485729
  5.7368E-05,    0.488894
  5.7372E-05,     0.49206
  5.7376E-05,    0.495678
   5.738E-05,    0.498844
  5.7384E-05,    0.501558
  5.7388E-05,    0.504724
  5.7392E-05,    0.507889
  5.7396E-05,    0.510603
    5.74E-05,    0.512864
  5.7404E-05,    0.515578
  5.7408E-05,    0.517839
  5.7412E-05,      0.5201
  5.7416E-05,    0.522362
   5.742E-05,    0.524623
  5.7424E-05,    0.526884
  5.7428E-05,    0.528693
  5.7432E-05,    0.530955
  5.7436E-05,    0.532764
   5.744E-05,    0.534573
  5.7444E-05,     0.53593
  5.7448E-05,    0.537739
  5.7452E-05,    0.539548
  5.7456E-05,    0.540905
   5.746E-05,    0.542261
  5.7464E-05,    0.543166
  5.7468E-05,    0.544523
  5.7472E-05,    0.545879
  5.7476E-05,    0.546332
   5.748E-05,    0.547688
  5.7484E-05,    0.548141
  5.7488E-05,    0.549045
  5.7492E-05,    0.549497
  5.7496E-05,     0.54995
    5.75E-05,    0.550402
  5.7504E-05,    0.550854
  5.7508E-05,    0.551307
  5.7512E-05,    0.551759
  5.7516E-05,    0.551759
   5.752E-05,    0.551307
  5.7524E-05,    0.551307
  5.7528E-05,    0.551307
  5.7532E-05,    0.550854
  5.7536E-05,    0.550402
   5.754E-05,     0.54995
  5.7544E-05,    0.549497
  5.7548E-05,    0.548593
  5.7552E-05,    0.548141
  5.7556E-05,    0.547236
   5.756E-05,    0.545879
  5.7564E-05,    0.544975
  5.7568E-05,     0.54407
  5.7572E-05,    0.543166
  5.7576E-05,    0.541809
   5.758E-05,    0.540452
  5.7584E-05,    0.539095
  5.7588E-05,    0.537286
  5.7592E-05,    0.535477
  5.7596E-05,    0.534121
    5.76E-05,    0.532312
  5.7604E-05,    0.530502
  5.7608E-05,    0.528241
  5.7612E-05,    0.526432
  5.7616E-05,    0.524171
   5.762E-05,     0.52191
  5.7624E-05,      0.5201
  5.7628E-05,    0.517839
  5.7632E-05,    0.515126
  5.7636E-05,    0.512412
   5.764E-05,    0.510151
  5.7644E-05,    0.507437
  5.7648E-05,    0.504271
  5.7652E-05,    0.501558
  5.7656E-05,    0.498392
   5.766E-05,    0.495678
  5.7664E-05,     0.49206
  5.7668E-05,    0.489347
  5.7672E-05,    0.486181
  5.7676E-05,    0.482563
   5.768E-05,    0.479397
  5.7684E-05,    0.476231
  5.7688E-05,    0.472613
  5.7692E-05,    0.468995
  5.7696E-05,    0.465377
    5.77E-05,    0.461759
  5.7704E-05,    0.458141
  5.7708E-05,     0.45407
  5.7712E-05,        0.45
  5.7716E-05,    0.446382
   5.772E-05,    0.442312
  5.7724E-05,    0.438241
  5.7728E-05,    0.434171
  5.7732E-05,    0.429648
  5.7736E-05,    0.425578
   5.774E-05,    0.421508
  5.7744E-05,    0.417437
  5.7748E-05,    0.412915
  5.7752E-05,    0.408392
  5.7756E-05,    0.403869
   5.776E-05,    0.399799
  5.7764E-05,    0.394824
  5.7768E-05,    0.390301
  5.7772E-05,    0.385779
  5.7776E-05,    0.380804
   5.778E-05,    0.375829
  5.7784E-05,    0.371307
  5.7788E-05,    0.366332
  5.7792E-05,    0.361357
  5.7796E-05,    0.356834
    5.78E-05,    0.351859
  5.7804E-05,    0.346884
  5.7808E-05,    0.342362
  5.7812E-05,    0.337387
  5.7816E-05,    0.332412
   5.782E-05,    0.327437
  5.7824E-05,     0.32201
  5.7828E-05,    0.317035
  5.7832E-05,    0.311608
  5.7836E-05,    0.306633
   5.784E-05,    0.301658
  5.7844E-05,    0.296231
  5.7848E-05,    0.290804
  5.7852E-05,    0.285829
  5.7856E-05,    0.280402
   5.786E-05,    0.275427
  5.7864E-05,    0.269548
  5.7868E-05,    0.264573
  5.7872E-05,    0.259146
  5.7876E-05,    0.253719
   5.788E-05,    0.247839
  5.7884E-05,    0.242864
  5.7888E-05,    0.236985
  5.7892E-05,    0.231558
  5.7896E-05,    0.226131
    5.79E-05,    0.220704
  5.7904E-05,    0.215276
  5.7908E-05,    0.209397
  5.7912E-05,    0.204422
  5.7916E-05,    0.198995
   5.792E-05,    0.193116
  5.7924E-05,    0.187688
  5.7928E-05,    0.181809
  5.7932E-05,    0.176382
  5.7936E-05,    0.170955
   5.794E-05,    0.165528
  5.7944E-05,    0.160553
  5.7948E-05,    0.154673
  5.7952E-05,    0.149246
  5.7956E-05,    0.143819
   5.796E-05,    0.138392
  5.7964E-05,    0.132965
  5.7968E-05,    0.127538
  5.7972E-05,    0.122563
  5.7976E-05,    0.117136
   5.798E-05,    0.111709
  5.7984E-05,    0.106281
  5.7988E-05,    0.101307
  5.7992E-05,   0.0954271
  5.7996E-05,        0.09
     5.8E-05,   0.0850251
  5.8004E-05,   0.0800503
  5.8008E-05,   0.0746231
  5.8012E-05,    0.069196
  5.8016E-05,   0.0642211
   5.802E-05,   0.0592462
  5.8024E-05,   0.0538191
  5.8028E-05,   0.0488442
  5.8032E-05,   0.0438693
  5.8036E-05,   0.0388945
   5.804E-05,   0.0339196
  5.8044E-05,   0.0289447
  5.8048E-05,   0.0244221
  5.8052E-05,   0.0198995
  5.8056E-05,   0.0149246
   5.806E-05,  0.00994975
  5.8064E-05,   0.0058794
  5.8068E-05, 0.000904523
  5.8072E-05, -0.00407035
  5.8076E-05, -0.00859297
   5.808E-05,  -0.0131156
  5.8084E-05,  -0.0176382
  5.8088E-05,  -0.0226131
  5.8092E-05,  -0.0266834
  5.8096E-05,   -0.031206
    5.81E-05,  -0.0357286
  5.8104E-05,  -0.0402513
  5.8108E-05,  -0.0443216
  5.8112E-05,  -0.0488442
  5.8116E-05,  -0.0533668
   5.812E-05,  -0.0574372
  5.8124E-05,  -0.0615075
  5.8128E-05,  -0.0655779
  5.8132E-05,  -0.0701005
  5.8136E-05,  -0.0737186
   5.814E-05,  -0.0777889
  5.8144E-05,  -0.0818593
  5.8148E-05,  -0.0854774
  5.8152E-05,  -0.0895477
  5.8156E-05,  -0.0931658
   5.816E-05,  -0.0976884
  5.8164E-05,   -0.101307
  5.8168E-05,   -0.104925
  5.8172E-05,   -0.108995
  5.8176E-05,   -0.112613
   5.818E-05,   -0.116231
  5.8184E-05,   -0.120302
  5.8188E-05,   -0.123467
  5.8192E-05,   -0.127538
  5.8196E-05,   -0.130704
    5.82E-05,   -0.133869
  5.8204E-05,   -0.137487
  5.8208E-05,   -0.140653
  5.8212E-05,   -0.143367
  5.8216E-05,   -0.146533
   5.822E-05,   -0.149698
  5.8224E-05,   -0.152864
  5.8228E-05,   -0.155578
  5.8232E-05,   -0.158291
  5.8236E-05,   -0.161457
   5.824E-05,   -0.164171
  5.8244E-05,   -0.166884
  5.8248E-05,    -0.17005
  5.8252E-05,   -0.172764
  5.8256E-05,   -0.175025
   5.826E-05,   -0.177739
  5.8264E-05,   -0.180905
  5.8268E-05,   -0.183166
  5.8272E-05,   -0.185427
  5.8276E-05,   -0.188141
   5.828E-05,   -0.190402
  5.8284E-05,   -0.192663
  5.8288E-05,   -0.194925
  5.8292E-05,   -0.197186
  5.8296E-05,   -0.199447
    5.83E-05,   -0.201709
  5.8304E-05,   -0.203518
  5.8308E-05,   -0.205779
  5.8312E-05,   -0.207588
  5.8316E-05,   -0.209397
   5.832E-05,   -0.211658
  5.8324E-05,   -0.213467
  5.8328E-05,   -0.215276
  5.8332E-05,   -0.217085
  5.8336E-05,   -0.218442
   5.834E-05,   -0.220251
  5.8344E-05,    -0.22206
  5.8348E-05,   -0.223417
  5.8352E-05,   -0.225226
  5.8356E-05,   -0.226583
   5.836E-05,    -0.22794
  5.8364E-05,   -0.229296
  5.8368E-05,   -0.230653
  5.8372E-05,    -0.23201
  5.8376E-05,   -0.233367
   5.838E-05,   -0.234271
  5.8384E-05,   -0.235628
  5.8388E-05,   -0.236533
  5.8392E-05,   -0.237889
  5.8396E-05,   -0.238794
    5.84E-05,   -0.239698
  5.8404E-05,   -0.240603
  5.8408E-05,   -0.241508
  5.8412E-05,   -0.242864
  5.8416E-05,   -0.243317
   5.842E-05,   -0.244221
  5.8424E-05,   -0.245126
  5.8428E-05,    -0.24603
  5.8432E-05,   -0.246482
  5.8436E-05,   -0.247387
   5.844E-05,   -0.247839
  5.8444E-05,   -0.248291
  5.8448E-05,   -0.249196
  5.8452E-05,   -0.249648
  5.8456E-05,     -0.2501
   5.846E-05,   -0.250553
  5.8464E-05,   -0.251005
  5.8468E-05,   -0.251457
  5.8472E-05,    -0.25191
  5.8476E-05,   -0.252362
   5.848E-05,   -0.252362
  5.8484E-05,   -0.252814
  5.8488E-05,   -0.253266
  5.8492E-05,   -0.253719
  5.8496E-05,   -0.253719
    5.85E-05,   -0.253719
  5.8504E-05,   -0.253719
  5.8508E-05,   -0.254171
  5.8512E-05,   -0.254171
  5.8516E-05,   -0.254171
   5.852E-05,   -0.254623
  5.8524E-05,   -0.254623
  5.8528E-05,   -0.254171
  5.8532E-05,   -0.254171
  5.8536E-05,   -0.254623
   5.854E-05,   -0.254171
  5.8544E-05,   -0.254171
  5.8548E-05,   -0.254171
  5.8552E-05,   -0.254171
  5.8556E-05,   -0.253719
   5.856E-05,   -0.253719
  5.8564E-05,   -0.253719
  5.8568E-05,   -0.253266
  5.8572E-05,   -0.253266
  5.8576E-05,   -0.252814
   5.858E-05,   -0.252362
  5.8584E-05,    -0.25191
  5.8588E-05,    -0.25191
  5.8592E-05,    -0.25191
  5.8596E-05,   -0.251457
    5.86E-05,   -0.251005
  5.8604E-05,   -0.250553
  5.8608E-05,     -0.2501
  5.8612E-05,   -0.249648
  5.8616E-05,   -0.249196
   5.862E-05,   -0.248744
  5.8624E-05,   -0.248744
  5.8628E-05,   -0.248291
  5.8632E-05,   -0.247387
  5.8636E-05,   -0.247387
   5.864E-05,   -0.246482
  5.8644E-05,    -0.24603
  5.8648E-05,   -0.245578
  5.8652E-05,   -0.245126
  5.8656E-05,   -0.244673
   5.866E-05,   -0.244221
  5.8664E-05,   -0.243317
  5.8668E-05,   -0.242864
  5.8672E-05,   -0.242412
  5.8676E-05,    -0.24196
   5.868E-05,   -0.241055
  5.8684E-05,   -0.240603
  5.8688E-05,   -0.240151
  5.8692E-05,   -0.239698
  5.8696E-05,   -0.238794
    5.87E-05,   -0.238342
  5.8704E-05,   -0.237437
  5.8708E-05,   -0.236985
  5.8712E-05,   -0.236533
  5.8716E-05,   -0.235628
   5.872E-05,   -0.235176
  5.8724E-05,   -0.234271
  5.8728E-05,   -0.233819
  5.8732E-05,   -0.232915
  5.8736E-05,    -0.23201
   5.874E-05,   -0.231558
  5.8744E-05,   -0.231106
  5.8748E-05,   -0.230201
  5.8752E-05,   -0.229749
  5.8756E-05,   -0.228844
   5.876E-05,   -0.228392
  5.8764E-05,   -0.227035
  5.8768E-05,   -0.226583
  5.8772E-05,   -0.226131
  5.8776E-05,   -0.225226
   5.878E-05,   -0.224322
  5.8784E-05,   -0.223869
  5.8788E-05,   -0.222965
  5.8792E-05,   -0.222513
  5.8796E-05,   -0.221608
    5.88E-05,   -0.220704
  5.8804E-05,   -0.220251
  5.8808E-05,   -0.219347
  5.8812E-05,   -0.218442
  5.8816E-05,    -0.21799
   5.882E-05,   -0.217085
  5.8824E-05,   -0.216181
  5.8828E-05,   -0.215729
  5.8832E-05,   -0.214824
  5.8836E-05,    -0.21392
   5.884E-05,   -0.213015
  5.8844E-05,   -0.212563
  5.8848E-05,   -0.212111
  5.8852E-05,   -0.210754
  5.8856E-05,   -0.210302
   5.886E-05,   -0.209849
  5.8864E-05,   -0.208945
  5.8868E-05,    -0.20804
  5.8872E-05,   -0.207136
  5.8876E-05,   -0.206231
   5.888E-05,   -0.205779
  5.8884E-05,   -0.204874
  5.8888E-05,    -0.20397
  5.8892E-05,   -0.203065
  5.8896E-05,   -0.202161
    5.89E-05,   -0.201709
  5.8904E-05,   -0.200804
  5.8908E-05,   -0.199899
  5.8912E-05,   -0.198995
  5.8916E-05,    -0.19809
   5.892E-05,   -0.197638
  5.8924E-05,   -0.196734
  5.8928E-05,   -0.195829
  5.8932E-05,   -0.195377
  5.8936E-05,    -0.19402
   5.894E-05,   -0.193568
  5.8944E-05,   -0.192663
  5.8948E-05,   -0.192211
  5.8952E-05,   -0.191307
  5.8956E-05,   -0.190402
   5.896E-05,   -0.189497
  5.8964E-05,   -0.189045
  5.8968E-05,   -0.188141
  5.8972E-05,   -0.187236
  5.8976E-05,   -0.186332
   5.898E-05,   -0.185427
  5.8984E-05,   -0.184523
  5.8988E-05,    -0.18407
  5.8992E-05,   -0.183166
  5.8996E-05,   -0.182261
     5.9E-05,   -0.181357
  5.9004E-05,   -0.180452
  5.9008E-05,   -0.179548
  5.9012E-05,   -0.178643
  5.9016E-05,   -0.178191
   5.902E-05,   -0.177286
  5.9024E-05,   -0.176382
  5.9028E-05,   -0.175477
  5.9032E-05,   -0.175025
  5.9036E-05,   -0.173668
   5.904E-05,   -0.172764
  5.9044E-05,   -0.171859
  5.9048E-05,   -0.171407
  5.9052E-05,   -0.170503
  5.9056E-05,   -0.169146
   5.906E-05,   -0.168693
  5.9064E-05,   -0.167789
  5.9068E-05,   -0.166884
  5.9072E-05,    -0.16598
  5.9076E-05,   -0.165075
   5.908E-05,   -0.164171
  5.9084E-05,   -0.163266
  5.9088E-05,   -0.162362
  5.9092E-05,    -0.16191
  5.9096E-05,   -0.160553
    5.91E-05,   -0.159648
  5.9104E-05,   -0.158291
  5.9108E-05,   -0.157839
  5.9112E-05,   -0.156935
  5.9116E-05,    -0.15603
   5.912E-05,   -0.155126
  5.9124E-05,   -0.154221
  5.9128E-05,   -0.153317
  5.9132E-05,   -0.152412
  5.9136E-05,   -0.151508
   5.914E-05,   -0.150603
  5.9144E-05,   -0.149698
  5.9148E-05,   -0.148342
  5.9152E-05,   -0.147889
  5.9156E-05,   -0.146985
   5.916E-05,    -0.14608
  5.9164E-05,   -0.145176
  5.9168E-05,   -0.143819
  5.9172E-05,   -0.142915
  5.9176E-05,   -0.142462
   5.918E-05,   -0.141106
  5.9184E-05,   -0.140201
  5.9188E-05,   -0.138844
  5.9192E-05,   -0.138392
  5.9196E-05,   -0.137487
    5.92E-05,   -0.136131
  5.9204E-05,   -0.135226
  5.9208E-05,   -0.134322
  5.9212E-05,   -0.132965
  5.9216E-05,   -0.132513
   5.922E-05,   -0.131608
  5.9224E-05,   -0.130251
  5.9228E-05,   -0.129347
  5.9232E-05,   -0.128442
  5.9236E-05,   -0.127538
   5.924E-05,   -0.126181
  5.9244E-05,   -0.125276
  5.9248E-05,    -0.12392
  5.9252E-05,   -0.123015
  5.9256E-05,   -0.122111
   5.926E-05,   -0.120754
  5.9264E-05,   -0.119849
  5.9268E-05,   -0.118945
  5.9272E-05,   -0.117588
  5.9276E-05,   -0.116683
   5.928E-05,   -0.115327
  5.9284E-05,   -0.114422
  5.9288E-05,   -0.113065
  5.9292E-05,   -0.112161
  5.9296E-05,   -0.111256
    5.93E-05,   -0.109899
  5.9304E-05,   -0.108543
  5.9308E-05,   -0.107186
  5.9312E-05,   -0.106281
  5.9316E-05,   -0.104925
   5.932E-05,   -0.103568
  5.9324E-05,   -0.102663
  5.9328E-05,   -0.101759
  5.9332E-05,   -0.100402
  5.9336E-05,  -0.0990452
   5.934E-05,  -0.0981407
  5.9344E-05,  -0.0967839
  5.9348E-05,  -0.0958794
  5.9352E-05,  -0.0949749
  5.9356E-05,  -0.0936181
   5.936E-05,  -0.0922613
  5.9364E-05,  -0.0913568
  5.9368E-05,       -0.09
  5.9372E-05,  -0.0886432
  5.9376E-05,  -0.0877387
   5.938E-05,  -0.0868342
  5.9384E-05,  -0.0854774
  5.9388E-05,  -0.0845729
  5.9392E-05,  -0.0832161
  5.9396E-05,  -0.0823116
    5.94E-05,  -0.0809548
  5.9404E-05,  -0.0800503
  5.9408E-05,  -0.0786935
  5.9412E-05,  -0.0777889
  5.9416E-05,  -0.0764322
   5.942E-05,  -0.0755276
  5.9424E-05,  -0.0746231
  5.9428E-05,  -0.0732663
  5.9432E-05,  -0.0719095
  5.9436E-05,   -0.071005
   5.944E-05,  -0.0701005
  5.9444E-05,  -0.0687437
  5.9448E-05,  -0.0673869
  5.9452E-05,  -0.0664824
  5.9456E-05,  -0.0655779
   5.946E-05,  -0.0642211
  5.9464E-05,  -0.0628643
  5.9468E-05,  -0.0619598
  5.9472E-05,   -0.060603
  5.9476E-05,  -0.0592462
   5.948E-05,  -0.0583417
  5.9484E-05,  -0.0574372
  5.9488E-05,  -0.0560804
  5.9492E-05,  -0.0551759
  5.9496E-05,  -0.0538191
    5.95E-05,  -0.0524623
  5.9504E-05,  -0.0515578
  5.9508E-05,   -0.050201
  5.9512E-05,  -0.0492965
  5.9516E-05,  -0.0479397
   5.952E-05,  -0.0470352
  5.9524E-05,  -0.0456784
  5.9528E-05,  -0.0447739
  5.9532E-05,  -0.0434171
  5.9536E-05,  -0.0425126
   5.954E-05,  -0.0411558
  5.9544E-05,  -0.0402513
  5.9548E-05,  -0.0393467
  5.9552E-05,  -0.0379899
  5.9556E-05,  -0.0366332
   5.956E-05,  -0.0357286
  5.9564E-05,  -0.0348241
  5.9568E-05,  -0.0334673
  5.9572E-05,  -0.0325628
  5.9576E-05,  -0.0316583
   5.958E-05,  -0.0303015
  5.9584E-05,  -0.0289447
  5.9588E-05,  -0.0284925
  5.9592E-05,  -0.0271357
  5.9596E-05,  -0.0262312
    5.96E-05,  -0.0248744
  5.9604E-05,  -0.0244221
  5.9608E-05,  -0.0230653
  5.9612E-05,  -0.0217085
  5.9616E-05,   -0.020804
   5.962E-05,  -0.0203518
  5.9624E-05,   -0.018995
  5.9628E-05,  -0.0180905
  5.9632E-05,  -0.0171859
  5.9636E-05,  -0.0162814
   5.964E-05,  -0.0153769
  5.9644E-05,  -0.0140201
  5.9648E-05,  -0.0135678
  5.9652E-05,  -0.0122111
  5.9656E-05,  -0.0113065
   5.966E-05,   -0.010402
  5.9664E-05, -0.00949749
  5.9668E-05, -0.00859297
  5.9672E-05, -0.00768844
  5.9676E-05, -0.00678392
   5.968E-05,  -0.0058794
  5.9684E-05, -0.00497487
  5.9688E-05, -0.00407035
  5.9692E-05, -0.00316583
  5.9696E-05, -0.00226131
    5.97E-05, -0.00135678
  5.9704E-05,-0.000452261
  5.9708E-05, 0.000452261
  5.9712E-05, 0.000904523
  5.9716E-05,  0.00180905
   5.972E-05,  0.00316583
  5.9724E-05,  0.00361809
  5.9728E-05,  0.00452261
  5.9732E-05,  0.00542714
  5.9736E-05,   0.0058794
   5.974E-05,  0.00678392
  5.9744E-05,  0.00768844
  5.9748E-05,  0.00859297
  5.9752E-05,  0.00904523
  5.9756E-05,  0.00949749
   5.976E-05,    0.010402
  5.9764E-05,   0.0113065
  5.9768E-05,   0.0122111
  5.9772E-05,   0.0126633
  5.9776E-05,   0.0135678
   5.978E-05,   0.0140201
  5.9784E-05,   0.0149246
  5.9788E-05,   0.0153769
  5.9792E-05,   0.0158291
  5.9796E-05,   0.0167337
    5.98E-05,   0.0176382
  5.9804E-05,   0.0180905
  5.9808E-05,   0.0185427
  5.9812E-05,   0.0194472
  5.9816E-05,   0.0198995
   5.982E-05,   0.0203518
  5.9824E-05,   0.0212563
  5.9828E-05,   0.0217085
  5.9832E-05,   0.0221608
  5.9836E-05,   0.0226131
   5.984E-05,   0.0235176
  5.9844E-05,   0.0239698
  5.9848E-05,   0.0244221
  5.9852E-05,   0.0248744
  5.9856E-05,   0.0253266
   5.986E-05,   0.0257789
  5.9864E-05,   0.0262312
  5.9868E-05,   0.0266834
  5.9872E-05,   0.0275879
  5.9876E-05,   0.0275879
   5.988E-05,   0.0280402
  5.9884E-05,   0.0284925
  5.9888E-05,    0.029397
  5.9892E-05,    0.029397
  5.9896E-05,   0.0303015
    5.99E-05,   0.0307538
  5.9904E-05,   0.0307538
  5.9908E-05,    0.031206
  5.9912E-05,   0.0316583
  5.9916E-05,   0.0321106
   5.992E-05,   0.0325628
  5.9924E-05,   0.0330151
  5.9928E-05,   0.0330151
  5.9932E-05,   0.0334673
  5.9936E-05,   0.0339196
   5.994E-05,   0.0343719
  5.9944E-05,   0.0343719
  5.9948E-05,   0.0348241
  5.9952E-05,   0.0348241
  5.9956E-05,   0.0352764
   5.996E-05,   0.0357286
  5.9964E-05,   0.0357286
  5.9968E-05,   0.0361809
  5.9972E-05,   0.0361809
  5.9976E-05,   0.0366332
   5.998E-05,   0.0366332
  5.9984E-05,   0.0370854
  5.9988E-05,   0.0370854
  5.9992E-05,   0.0370854
  5.9996E-05,   0.0375377
       6E-05,   0.0379899
  6.0004E-05,   0.0379899
  6.0008E-05,   0.0379899
  6.0012E-05,   0.0379899
  6.0016E-05,   0.0384422
   6.002E-05,   0.0384422
  6.0024E-05,   0.0384422
  6.0028E-05,   0.0384422
  6.0032E-05,   0.0384422
  6.0036E-05,   0.0388945
   6.004E-05,   0.0388945
  6.0044E-05,   0.0388945
  6.0048E-05,   0.0393467
  6.0052E-05,   0.0388945
  6.0056E-05,   0.0388945
   6.006E-05,   0.0388945
  6.0064E-05,   0.0388945
  6.0068E-05,   0.0393467
  6.0072E-05,   0.0388945
  6.0076E-05,   0.0393467
   6.008E-05,   0.0393467
  6.0084E-05,   0.0388945
  6.0088E-05,   0.0388945
  6.0092E-05,   0.0388945
  6.0096E-05,   0.0388945
    6.01E-05,   0.0388945
  6.0104E-05,   0.0388945
  6.0108E-05,   0.0388945
  6.0112E-05,   0.0388945
  6.0116E-05,   0.0388945
   6.012E-05,   0.0388945
  6.0124E-05,   0.0384422
  6.0128E-05,   0.0384422
  6.0132E-05,   0.0384422
  6.0136E-05,   0.0384422
   6.014E-05,   0.0384422
  6.0144E-05,   0.0379899
  6.0148E-05,   0.0379899
  6.0152E-05,   0.0379899
  6.0156E-05,   0.0375377
   6.016E-05,   0.0375377
  6.0164E-05,   0.0375377
  6.0168E-05,   0.0370854
  6.0172E-05,   0.0370854
  6.0176E-05,   0.0370854
   6.018E-05,   0.0370854
  6.0184E-05,   0.0366332
  6.0188E-05,   0.0361809
  6.0192E-05,   0.0361809
  6.0196E-05,   0.0361809
    6.02E-05,   0.0357286
  6.0204E-05,   0.0352764
  6.0208E-05,   0.0352764
  6.0212E-05,   0.0352764
  6.0216E-05,   0.0348241
   6.022E-05,   0.0343719
  6.0224E-05,   0.0343719
  6.0228E-05,   0.0343719
  6.0232E-05,   0.0339196
  6.0236E-05,   0.0339196
   6.024E-05,   0.0334673
  6.0244E-05,   0.0330151
  6.0248E-05,   0.0330151
  6.0252E-05,   0.0325628
  6.0256E-05,   0.0325628
   6.026E-05,   0.0321106
  6.0264E-05,   0.0316583
  6.0268E-05,   0.0316583
  6.0272E-05,   0.0316583
  6.0276E-05,    0.031206
   6.028E-05,   0.0307538
  6.0284E-05,   0.0307538
  6.0288E-05,   0.0303015
  6.0292E-05,   0.0298492
  6.0296E-05,   0.0298492
    6.03E-05,    0.029397
  6.0304E-05,   0.0289447
  6.0308E-05,   0.0289447
  6.0312E-05,   0.0289447
  6.0316E-05,   0.0284925
   6.032E-05,   0.0280402
  6.0324E-05,   0.0275879
  6.0328E-05,   0.0275879
  6.0332E-05,   0.0271357
  6.0336E-05,   0.0266834
   6.034E-05,   0.0266834
  6.0344E-05,   0.0266834
  6.0348E-05,   0.0262312
  6.0352E-05,   0.0257789
  6.0356E-05,   0.0257789
   6.036E-05,   0.0253266
  6.0364E-05,   0.0248744
  6.0368E-05,   0.0244221
  6.0372E-05,   0.0244221
  6.0376E-05,   0.0239698
   6.038E-05,   0.0239698
  6.0384E-05,   0.0235176
  6.0388E-05,   0.0230653
  6.0392E-05,   0.0226131
  6.0396E-05,   0.0226131
    6.04E-05,   0.0221608
  6.0404E-05,   0.0221608
  6.0408E-05,   0.0217085
  6.0412E-05,   0.0212563
  6.0416E-05,   0.0212563
   6.042E-05,    0.020804
  6.0424E-05,    0.020804
  6.0428E-05,   0.0203518
  6.0432E-05,   0.0198995
  6.0436E-05,   0.0198995
   6.044E-05,   0.0194472
  6.0444E-05,   0.0194472
  6.0448E-05,    0.018995
  6.0452E-05,    0.018995
  6.0456E-05,   0.0185427
   6.046E-05,   0.0180905
  6.0464E-05,   0.0180905
  6.0468E-05,   0.0176382
  6.0472E-05,   0.0171859
  6.0476E-05,   0.0171859
   6.048E-05,   0.0171859
  6.0484E-05,   0.0167337
  6.0488E-05,   0.0167337
  6.0492E-05,   0.0162814
  6.0496E-05,   0.0158291
    6.05E-05,   0.0158291
  6.0504E-05,   0.0158291
  6.0508E-05,   0.0153769
  6.0512E-05,   0.0153769
  6.0516E-05,   0.0149246
   6.052E-05,   0.0149246
  6.0524E-05,   0.0144724
  6.0528E-05,   0.0144724
  6.0532E-05,   0.0140201
  6.0536E-05,   0.0140201
   6.054E-05,   0.0140201
  6.0544E-05,   0.0135678
  6.0548E-05,   0.0131156
  6.0552E-05,   0.0131156
  6.0556E-05,   0.0131156
   6.056E-05,   0.0126633
  6.0564E-05,   0.0126633
  6.0568E-05,   0.0126633
  6.0572E-05,   0.0122111
  6.0576E-05,   0.0122111
   6.058E-05,   0.0122111
  6.0584E-05,   0.0122111
  6.0588E-05,   0.0117588
  6.0592E-05,   0.0113065
  6.0596E-05,   0.0113065
    6.06E-05,   0.0113065
  6.0604E-05,   0.0113065
  6.0608E-05,   0.0108543
  6.0612E-05,   0.0108543
  6.0616E-05,   0.0108543
   6.062E-05,    0.010402
  6.0624E-05,    0.010402
  6.0628E-05,    0.010402
  6.0632E-05,  0.00994975
  6.0636E-05,  0.00994975
   6.064E-05,  0.00994975
  6.0644E-05,  0.00994975
  6.0648E-05,  0.00994975
  6.0652E-05,  0.00949749
  6.0656E-05,  0.00949749
   6.066E-05,  0.00949749
  6.0664E-05,  0.00949749
  6.0668E-05,  0.00949749
  6.0672E-05,  0.00949749
  6.0676E-05,  0.00949749
   6.068E-05,  0.00949749
  6.0684E-05,  0.00949749
  6.0688E-05,  0.00949749
  6.0692E-05,  0.00904523
  6.0696E-05,  0.00904523
    6.07E-05,  0.00904523
  6.0704E-05,  0.00904523
  6.0708E-05,  0.00904523
  6.0712E-05,  0.00904523
  6.0716E-05,  0.00904523
   6.072E-05,  0.00904523
  6.0724E-05,  0.00859297
  6.0728E-05,  0.00859297
  6.0732E-05,  0.00904523
  6.0736E-05,  0.00859297
   6.074E-05,  0.00859297
  6.0744E-05,  0.00859297
  6.0748E-05,  0.00904523
  6.0752E-05,  0.00859297
  6.0756E-05,  0.00859297
   6.076E-05,  0.00904523
  6.0764E-05,  0.00904523
  6.0768E-05,  0.00859297
  6.0772E-05,  0.00859297
  6.0776E-05,  0.00904523
   6.078E-05,  0.00904523
  6.0784E-05,  0.00904523
  6.0788E-05,  0.00904523
  6.0792E-05,  0.00904523
  6.0796E-05,  0.00904523
    6.08E-05,  0.00904523
  6.0804E-05,  0.00949749
  6.0808E-05,  0.00949749
  6.0812E-05,  0.00949749
  6.0816E-05,  0.00949749
   6.082E-05,  0.00949749
  6.0824E-05,  0.00949749
  6.0828E-05,  0.00949749
  6.0832E-05,  0.00949749
  6.0836E-05,  0.00994975
   6.084E-05,  0.00994975
  6.0844E-05,  0.00994975
  6.0848E-05,  0.00994975
  6.0852E-05,  0.00994975
  6.0856E-05,  0.00994975
   6.086E-05,    0.010402
  6.0864E-05,    0.010402
  6.0868E-05,    0.010402
  6.0872E-05,    0.010402
  6.0876E-05,    0.010402
   6.088E-05,   0.0108543
  6.0884E-05,   0.0108543
  6.0888E-05,   0.0108543
  6.0892E-05,   0.0108543
  6.0896E-05,   0.0108543
    6.09E-05,   0.0113065
  6.0904E-05,   0.0113065
  6.0908E-05,   0.0113065
  6.0912E-05,   0.0117588
  6.0916E-05,   0.0117588
   6.092E-05,   0.0117588
  6.0924E-05,   0.0117588
  6.0928E-05,   0.0122111
  6.0932E-05,   0.0122111
  6.0936E-05,   0.0122111
   6.094E-05,   0.0122111
  6.0944E-05,   0.0126633
  6.0948E-05,   0.0122111
  6.0952E-05,   0.0126633
  6.0956E-05,   0.0131156
   6.096E-05,   0.0126633
  6.0964E-05,   0.0126633
  6.0968E-05,   0.0131156
  6.0972E-05,   0.0135678
  6.0976E-05,   0.0135678
   6.098E-05,   0.0135678
  6.0984E-05,   0.0135678
  6.0988E-05,   0.0135678
  6.0992E-05,   0.0140201
  6.0996E-05,   0.0140201
     6.1E-05,   0.0140201
  6.1004E-05,   0.0140201
  6.1008E-05,   0.0144724
  6.1012E-05,   0.0144724
  6.1016E-05,   0.0144724
   6.102E-05,   0.0144724
  6.1024E-05,   0.0144724
  6.1028E-05,   0.0149246
  6.1032E-05,   0.0153769
  6.1036E-05,   0.0153769
   6.104E-05,   0.0153769
  6.1044E-05,   0.0153769
  6.1048E-05,   0.0158291
  6.1052E-05,   0.0158291
  6.1056E-05,   0.0158291
   6.106E-05,   0.0158291
  6.1064E-05,   0.0158291
  6.1068E-05,   0.0162814
  6.1072E-05,   0.0162814
  6.1076E-05,   0.0162814
   6.108E-05,   0.0167337
  6.1084E-05,   0.0167337
  6.1088E-05,   0.0167337
  6.1092E-05,   0.0167337
  6.1096E-05,   0.0171859
    6.11E-05,   0.0171859
  6.1104E-05,   0.0171859
  6.1108E-05,   0.0171859
  6.1112E-05,   0.0176382
  6.1116E-05,   0.0176382
   6.112E-05,   0.0176382
  6.1124E-05,   0.0176382
  6.1128E-05,   0.0176382
  6.1132E-05,   0.0180905
  6.1136E-05,   0.0180905
   6.114E-05,   0.0180905
  6.1144E-05,   0.0180905
  6.1148E-05,   0.0180905
  6.1152E-05,   0.0180905
  6.1156E-05,   0.0180905
   6.116E-05,   0.0180905
  6.1164E-05,   0.0185427
  6.1168E-05,   0.0185427
  6.1172E-05,   0.0185427
  6.1176E-05,   0.0185427
   6.118E-05,   0.0185427
  6.1184E-05,   0.0185427
  6.1188E-05,    0.018995
  6.1192E-05,   0.0185427
  6.1196E-05,   0.0185427
    6.12E-05,    0.018995
  6.1204E-05,    0.018995
  6.1208E-05,    0.018995
  6.1212E-05,    0.018995
  6.1216E-05,    0.018995
   6.122E-05,    0.018995
  6.1224E-05,    0.018995
  6.1228E-05,    0.018995
  6.1232E-05,    0.018995
  6.1236E-05,   0.0194472
   6.124E-05,   0.0194472
  6.1244E-05,   0.0194472
  6.1248E-05,   0.0194472
  6.1252E-05,   0.0194472
  6.1256E-05,   0.0194472
   6.126E-05,   0.0194472
  6.1264E-05,   0.0194472
  6.1268E-05,   0.0194472
  6.1272E-05,   0.0194472
  6.1276E-05,    0.018995
   6.128E-05,   0.0194472
  6.1284E-05,   0.0194472
  6.1288E-05,    0.018995
  6.1292E-05,    0.018995
  6.1296E-05,    0.018995
    6.13E-05,    0.018995
  6.1304E-05,    0.018995
  6.1308E-05,    0.018995
  6.1312E-05,   0.0194472
  6.1316E-05,    0.018995
   6.132E-05,    0.018995
  6.1324E-05,    0.018995
  6.1328E-05,    0.018995
  6.1332E-05,    0.018995
  6.1336E-05,   0.0185427
   6.134E-05,    0.018995
  6.1344E-05,    0.018995
  6.1348E-05,    0.018995
  6.1352E-05,   0.0185427
  6.1356E-05,   0.0185427
   6.136E-05,   0.0185427
  6.1364E-05,   0.0185427
  6.1368E-05,   0.0185427
  6.1372E-05,   0.0185427
  6.1376E-05,   0.0180905
   6.138E-05,   0.0180905
  6.1384E-05,   0.0180905
  6.1388E-05,   0.0180905
  6.1392E-05,   0.0176382
  6.1396E-05,   0.0176382
    6.14E-05,   0.0176382
  6.1404E-05,   0.0176382
  6.1408E-05,   0.0176382
  6.1412E-05,   0.0171859
  6.1416E-05,   0.0171859
   6.142E-05,   0.0171859
  6.1424E-05,   0.0167337
  6.1428E-05,   0.0167337
  6.1432E-05,   0.0167337
  6.1436E-05,   0.0167337
   6.144E-05,   0.0162814
  6.1444E-05,   0.0162814
  6.1448E-05,   0.0162814
  6.1452E-05,   0.0162814
  6.1456E-05,   0.0158291
   6.146E-05,   0.0158291
  6.1464E-05,   0.0158291
  6.1468E-05,   0.0153769
  6.1472E-05,   0.0153769
  6.1476E-05,   0.0153769
   6.148E-05,   0.0149246
  6.1484E-05,   0.0149246
  6.1488E-05,   0.0149246
  6.1492E-05,   0.0144724
  6.1496E-05,   0.0144724
    6.15E-05,   0.0140201
  6.1504E-05,   0.0140201
  6.1508E-05,   0.0140201
  6.1512E-05,   0.0135678
  6.1516E-05,   0.0135678
   6.152E-05,   0.0135678
  6.1524E-05,   0.0131156
  6.1528E-05,   0.0126633
  6.1532E-05,   0.0126633
  6.1536E-05,   0.0126633
   6.154E-05,   0.0122111
  6.1544E-05,   0.0122111
  6.1548E-05,   0.0122111
  6.1552E-05,   0.0117588
  6.1556E-05,   0.0117588
   6.156E-05,   0.0113065
  6.1564E-05,   0.0113065
  6.1568E-05,   0.0113065
  6.1572E-05,   0.0108543
  6.1576E-05,   0.0108543
   6.158E-05,   0.0108543
  6.1584E-05,    0.010402
  6.1588E-05,  0.00994975
  6.1592E-05,  0.00994975
  6.1596E-05,  0.00949749
    6.16E-05,  0.00949749
  6.1604E-05,  0.00904523
  6.1608E-05,  0.00904523
  6.1612E-05,  0.00904523
  6.1616E-05,  0.00859297
   6.162E-05,  0.00859297
  6.1624E-05,   0.0081407
  6.1628E-05,  0.00768844
  6.1632E-05,  0.00768844
  6.1636E-05,  0.00723618
   6.164E-05,  0.00723618
  6.1644E-05,  0.00678392
  6.1648E-05,  0.00678392
  6.1652E-05,  0.00678392
  6.1656E-05,  0.00633166
   6.166E-05,   0.0058794
  6.1664E-05,   0.0058794
  6.1668E-05,   0.0058794
  6.1672E-05,  0.00542714
  6.1676E-05,  0.00497487
   6.168E-05,  0.00497487
  6.1684E-05,  0.00452261
  6.1688E-05,  0.00407035
  6.1692E-05,  0.00407035
  6.1696E-05,  0.00361809
    6.17E-05,  0.00361809
  6.1704E-05,  0.00316583
  6.1708E-05,  0.00316583
  6.1712E-05,  0.00316583
  6.1716E-05,  0.00271357
   6.172E-05,  0.00226131
  6.1724E-05,  0.00180905
  6.1728E-05,  0.00180905
  6.1732E-05,  0.00180905
  6.1736E-05,  0.00135678
   6.174E-05,  0.00135678
  6.1744E-05, 0.000904523
  6.1748E-05, 0.000452261
  6.1752E-05, 0.000452261
  6.1756E-05,           0
   6.176E-05,-0.000452261
  6.1764E-05,-0.000452261
  6.1768E-05,-0.000904523
  6.1772E-05,-0.000904523
  6.1776E-05, -0.00135678
   6.178E-05, -0.00135678
  6.1784E-05, -0.00180905
  6.1788E-05, -0.00226131
  6.1792E-05, -0.00226131
  6.1796E-05, -0.00271357
    6.18E-05, -0.00271357
  6.1804E-05, -0.00316583
  6.1808E-05, -0.00316583
  6.1812E-05, -0.00316583
  6.1816E-05, -0.00361809
   6.182E-05, -0.00407035
  6.1824E-05, -0.00407035
  6.1828E-05, -0.00452261
  6.1832E-05, -0.00452261
  6.1836E-05, -0.00497487
   6.184E-05, -0.00497487
  6.1844E-05, -0.00542714
  6.1848E-05, -0.00542714
  6.1852E-05,  -0.0058794
  6.1856E-05,  -0.0058794
   6.186E-05, -0.00633166
  6.1864E-05, -0.00633166
  6.1868E-05, -0.00678392
  6.1872E-05, -0.00678392
  6.1876E-05, -0.00723618
   6.188E-05, -0.00723618
  6.1884E-05, -0.00768844
  6.1888E-05,  -0.0081407
  6.1892E-05,  -0.0081407
  6.1896E-05,  -0.0081407
    6.19E-05, -0.00859297
  6.1904E-05, -0.00859297
  6.1908E-05, -0.00904523
  6.1912E-05, -0.00904523
  6.1916E-05, -0.00949749
   6.192E-05, -0.00949749
  6.1924E-05, -0.00949749
  6.1928E-05, -0.00994975
  6.1932E-05, -0.00994975
  6.1936E-05,   -0.010402
   6.194E-05,   -0.010402
  6.1944E-05,   -0.010402
  6.1948E-05,  -0.0108543
  6.1952E-05,  -0.0108543
  6.1956E-05,  -0.0108543
   6.196E-05,  -0.0113065
  6.1964E-05,  -0.0113065
  6.1968E-05,  -0.0113065
  6.1972E-05,  -0.0117588
  6.1976E-05,  -0.0117588
   6.198E-05,  -0.0122111
  6.1984E-05,  -0.0122111
  6.1988E-05,  -0.0126633
  6.1992E-05,  -0.0126633
  6.1996E-05,  -0.0126633
