     9.7E-05, -0.00502513
  9.7004E-05, -0.00477387
  9.7008E-05, -0.00502513
  9.7012E-05, -0.00502513
  9.7016E-05, -0.00502513
   9.702E-05, -0.00477387
  9.7024E-05, -0.00502513
  9.7028E-05, -0.00527638
  9.7032E-05, -0.00477387
  9.7036E-05, -0.00452261
   9.704E-05, -0.00502513
  9.7044E-05, -0.00502513
  9.7048E-05, -0.00477387
  9.7052E-05, -0.00477387
  9.7056E-05, -0.00502513
   9.706E-05, -0.00477387
  9.7064E-05, -0.00477387
  9.7068E-05, -0.00477387
  9.7072E-05, -0.00502513
  9.7076E-05, -0.00477387
   9.708E-05, -0.00477387
  9.7084E-05, -0.00477387
  9.7088E-05, -0.00502513
  9.7092E-05, -0.00502513
  9.7096E-05, -0.00477387
    9.71E-05, -0.00502513
  9.7104E-05, -0.00502513
  9.7108E-05, -0.00477387
  9.7112E-05, -0.00477387
  9.7116E-05, -0.00477387
   9.712E-05, -0.00477387
  9.7124E-05, -0.00477387
  9.7128E-05, -0.00502513
  9.7132E-05, -0.00502513
  9.7136E-05, -0.00477387
   9.714E-05, -0.00477387
  9.7144E-05, -0.00477387
  9.7148E-05, -0.00477387
  9.7152E-05, -0.00502513
  9.7156E-05, -0.00477387
   9.716E-05, -0.00477387
  9.7164E-05, -0.00477387
  9.7168E-05, -0.00477387
  9.7172E-05, -0.00477387
  9.7176E-05, -0.00477387
   9.718E-05, -0.00477387
  9.7184E-05, -0.00477387
  9.7188E-05, -0.00477387
  9.7192E-05, -0.00477387
  9.7196E-05, -0.00477387
    9.72E-05, -0.00477387
  9.7204E-05, -0.00477387
  9.7208E-05, -0.00502513
  9.7212E-05, -0.00477387
  9.7216E-05, -0.00477387
   9.722E-05, -0.00477387
  9.7224E-05, -0.00477387
  9.7228E-05, -0.00502513
  9.7232E-05, -0.00502513
  9.7236E-05, -0.00477387
   9.724E-05, -0.00502513
  9.7244E-05, -0.00502513
  9.7248E-05, -0.00477387
  9.7252E-05, -0.00477387
  9.7256E-05, -0.00502513
   9.726E-05, -0.00502513
  9.7264E-05, -0.00477387
  9.7268E-05, -0.00477387
  9.7272E-05, -0.00502513
  9.7276E-05, -0.00477387
   9.728E-05, -0.00477387
  9.7284E-05, -0.00502513
  9.7288E-05, -0.00502513
  9.7292E-05, -0.00477387
  9.7296E-05, -0.00477387
    9.73E-05, -0.00527638
  9.7304E-05, -0.00502513
  9.7308E-05, -0.00452261
  9.7312E-05, -0.00477387
  9.7316E-05, -0.00502513
   9.732E-05, -0.00502513
  9.7324E-05, -0.00477387
  9.7328E-05, -0.00502513
  9.7332E-05, -0.00502513
  9.7336E-05, -0.00502513
   9.734E-05, -0.00502513
  9.7344E-05, -0.00527638
  9.7348E-05, -0.00502513
  9.7352E-05, -0.00502513
  9.7356E-05, -0.00502513
   9.736E-05, -0.00527638
  9.7364E-05, -0.00527638
  9.7368E-05, -0.00502513
  9.7372E-05, -0.00502513
  9.7376E-05, -0.00502513
   9.738E-05, -0.00502513
  9.7384E-05, -0.00502513
  9.7388E-05, -0.00527638
  9.7392E-05, -0.00527638
  9.7396E-05, -0.00502513
    9.74E-05, -0.00502513
  9.7404E-05, -0.00527638
  9.7408E-05, -0.00527638
  9.7412E-05, -0.00502513
  9.7416E-05, -0.00502513
   9.742E-05, -0.00527638
  9.7424E-05, -0.00527638
  9.7428E-05, -0.00527638
  9.7432E-05, -0.00552764
  9.7436E-05, -0.00527638
   9.744E-05, -0.00502513
  9.7444E-05, -0.00527638
  9.7448E-05, -0.00552764
  9.7452E-05, -0.00527638
  9.7456E-05, -0.00552764
   9.746E-05, -0.00552764
  9.7464E-05, -0.00527638
  9.7468E-05, -0.00527638
  9.7472E-05, -0.00552764
  9.7476E-05, -0.00552764
   9.748E-05, -0.00527638
  9.7484E-05, -0.00527638
  9.7488E-05, -0.00552764
  9.7492E-05, -0.00552764
  9.7496E-05, -0.00552764
    9.75E-05, -0.00527638
  9.7504E-05, -0.00527638
  9.7508E-05, -0.00552764
  9.7512E-05, -0.00552764
  9.7516E-05, -0.00552764
   9.752E-05, -0.00552764
  9.7524E-05, -0.00577889
  9.7528E-05, -0.00552764
  9.7532E-05, -0.00552764
  9.7536E-05, -0.00552764
   9.754E-05, -0.00577889
  9.7544E-05, -0.00552764
  9.7548E-05, -0.00552764
  9.7552E-05, -0.00577889
  9.7556E-05, -0.00577889
   9.756E-05, -0.00552764
  9.7564E-05, -0.00577889
  9.7568E-05, -0.00577889
  9.7572E-05, -0.00577889
  9.7576E-05, -0.00552764
   9.758E-05, -0.00577889
  9.7584E-05, -0.00577889
  9.7588E-05, -0.00577889
  9.7592E-05, -0.00577889
  9.7596E-05, -0.00603015
    9.76E-05, -0.00603015
  9.7604E-05, -0.00552764
  9.7608E-05, -0.00552764
  9.7612E-05, -0.00603015
  9.7616E-05, -0.00603015
   9.762E-05, -0.00577889
  9.7624E-05, -0.00577889
  9.7628E-05, -0.00603015
  9.7632E-05, -0.00577889
  9.7636E-05, -0.00577889
   9.764E-05, -0.00603015
  9.7644E-05, -0.00603015
  9.7648E-05, -0.00577889
  9.7652E-05, -0.00577889
  9.7656E-05, -0.00628141
   9.766E-05, -0.00628141
  9.7664E-05, -0.00603015
  9.7668E-05, -0.00603015
  9.7672E-05, -0.00628141
  9.7676E-05, -0.00628141
   9.768E-05, -0.00603015
  9.7684E-05, -0.00603015
  9.7688E-05, -0.00628141
  9.7692E-05, -0.00628141
  9.7696E-05, -0.00628141
    9.77E-05, -0.00628141
  9.7704E-05, -0.00628141
  9.7708E-05, -0.00628141
  9.7712E-05, -0.00628141
  9.7716E-05, -0.00628141
   9.772E-05, -0.00653266
  9.7724E-05, -0.00628141
  9.7728E-05, -0.00603015
  9.7732E-05, -0.00628141
  9.7736E-05, -0.00653266
   9.774E-05, -0.00653266
  9.7744E-05, -0.00603015
  9.7748E-05, -0.00628141
  9.7752E-05, -0.00628141
  9.7756E-05, -0.00603015
   9.776E-05, -0.00628141
  9.7764E-05, -0.00628141
  9.7768E-05, -0.00628141
  9.7772E-05, -0.00603015
  9.7776E-05, -0.00653266
   9.778E-05, -0.00653266
  9.7784E-05, -0.00628141
  9.7788E-05, -0.00628141
  9.7792E-05, -0.00628141
  9.7796E-05, -0.00628141
    9.78E-05, -0.00653266
  9.7804E-05, -0.00653266
  9.7808E-05, -0.00653266
  9.7812E-05, -0.00628141
  9.7816E-05, -0.00653266
   9.782E-05, -0.00653266
  9.7824E-05, -0.00653266
  9.7828E-05, -0.00678392
  9.7832E-05, -0.00653266
  9.7836E-05, -0.00653266
   9.784E-05, -0.00678392
  9.7844E-05, -0.00678392
  9.7848E-05, -0.00653266
  9.7852E-05, -0.00678392
  9.7856E-05, -0.00678392
   9.786E-05, -0.00678392
  9.7864E-05, -0.00678392
  9.7868E-05, -0.00678392
  9.7872E-05, -0.00678392
  9.7876E-05, -0.00653266
   9.788E-05, -0.00678392
  9.7884E-05, -0.00703518
  9.7888E-05, -0.00678392
  9.7892E-05, -0.00678392
  9.7896E-05, -0.00703518
    9.79E-05, -0.00703518
  9.7904E-05, -0.00678392
  9.7908E-05, -0.00678392
  9.7912E-05, -0.00678392
  9.7916E-05, -0.00678392
   9.792E-05, -0.00678392
  9.7924E-05, -0.00703518
  9.7928E-05, -0.00728643
  9.7932E-05, -0.00703518
  9.7936E-05, -0.00678392
   9.794E-05, -0.00703518
  9.7944E-05, -0.00703518
  9.7948E-05, -0.00703518
  9.7952E-05, -0.00703518
  9.7956E-05, -0.00703518
   9.796E-05, -0.00703518
  9.7964E-05, -0.00703518
  9.7968E-05, -0.00703518
  9.7972E-05, -0.00678392
  9.7976E-05, -0.00703518
   9.798E-05, -0.00703518
  9.7984E-05, -0.00678392
  9.7988E-05, -0.00703518
  9.7992E-05, -0.00728643
  9.7996E-05, -0.00728643
     9.8E-05, -0.00678392
  9.8004E-05, -0.00728643
  9.8008E-05, -0.00728643
  9.8012E-05, -0.00703518
  9.8016E-05, -0.00703518
   9.802E-05, -0.00728643
  9.8024E-05, -0.00703518
  9.8028E-05, -0.00703518
  9.8032E-05, -0.00703518
  9.8036E-05, -0.00728643
   9.804E-05, -0.00703518
  9.8044E-05, -0.00703518
  9.8048E-05, -0.00728643
  9.8052E-05, -0.00728643
  9.8056E-05, -0.00728643
   9.806E-05, -0.00728643
  9.8064E-05, -0.00728643
  9.8068E-05, -0.00728643
  9.8072E-05, -0.00728643
  9.8076E-05, -0.00728643
   9.808E-05, -0.00728643
  9.8084E-05, -0.00728643
  9.8088E-05, -0.00728643
  9.8092E-05, -0.00728643
  9.8096E-05, -0.00753769
    9.81E-05, -0.00753769
  9.8104E-05, -0.00728643
  9.8108E-05, -0.00728643
  9.8112E-05, -0.00753769
  9.8116E-05, -0.00753769
   9.812E-05, -0.00728643
  9.8124E-05, -0.00728643
  9.8128E-05, -0.00753769
  9.8132E-05, -0.00728643
  9.8136E-05, -0.00728643
   9.814E-05, -0.00753769
  9.8144E-05, -0.00728643
  9.8148E-05, -0.00728643
  9.8152E-05, -0.00728643
  9.8156E-05, -0.00753769
   9.816E-05, -0.00753769
  9.8164E-05, -0.00728643
  9.8168E-05, -0.00728643
  9.8172E-05, -0.00753769
  9.8176E-05, -0.00753769
   9.818E-05, -0.00753769
  9.8184E-05, -0.00753769
  9.8188E-05, -0.00753769
  9.8192E-05, -0.00753769
  9.8196E-05, -0.00753769
    9.82E-05, -0.00778894
  9.8204E-05, -0.00778894
  9.8208E-05, -0.00753769
  9.8212E-05, -0.00728643
  9.8216E-05, -0.00778894
   9.822E-05, -0.00778894
  9.8224E-05, -0.00778894
  9.8228E-05, -0.00753769
  9.8232E-05, -0.00753769
  9.8236E-05, -0.00753769
   9.824E-05, -0.00753769
  9.8244E-05, -0.00753769
  9.8248E-05, -0.00753769
  9.8252E-05, -0.00753769
  9.8256E-05, -0.00753769
   9.826E-05, -0.00753769
  9.8264E-05, -0.00778894
  9.8268E-05, -0.00778894
  9.8272E-05, -0.00753769
  9.8276E-05, -0.00753769
   9.828E-05, -0.00753769
  9.8284E-05, -0.00753769
  9.8288E-05, -0.00778894
  9.8292E-05, -0.00778894
  9.8296E-05, -0.00753769
    9.83E-05, -0.00753769
  9.8304E-05, -0.00778894
  9.8308E-05, -0.00778894
  9.8312E-05, -0.00753769
  9.8316E-05, -0.00753769
   9.832E-05, -0.00778894
  9.8324E-05, -0.00778894
  9.8328E-05, -0.00778894
  9.8332E-05, -0.00778894
  9.8336E-05, -0.00753769
   9.834E-05, -0.00753769
  9.8344E-05, -0.00778894
  9.8348E-05,  -0.0080402
  9.8352E-05, -0.00778894
  9.8356E-05, -0.00728643
   9.836E-05, -0.00778894
  9.8364E-05,  -0.0080402
  9.8368E-05, -0.00778894
  9.8372E-05, -0.00753769
  9.8376E-05, -0.00753769
   9.838E-05, -0.00753769
  9.8384E-05, -0.00778894
  9.8388E-05, -0.00778894
  9.8392E-05, -0.00778894
  9.8396E-05, -0.00753769
    9.84E-05, -0.00753769
  9.8404E-05, -0.00778894
  9.8408E-05, -0.00778894
  9.8412E-05, -0.00778894
  9.8416E-05, -0.00778894
   9.842E-05, -0.00753769
  9.8424E-05, -0.00753769
  9.8428E-05, -0.00778894
  9.8432E-05, -0.00778894
  9.8436E-05, -0.00753769
   9.844E-05, -0.00753769
  9.8444E-05, -0.00778894
  9.8448E-05, -0.00778894
  9.8452E-05, -0.00778894
  9.8456E-05, -0.00778894
   9.846E-05, -0.00778894
  9.8464E-05, -0.00753769
  9.8468E-05, -0.00778894
  9.8472E-05, -0.00778894
  9.8476E-05, -0.00778894
   9.848E-05, -0.00753769
  9.8484E-05, -0.00753769
  9.8488E-05, -0.00778894
  9.8492E-05, -0.00778894
  9.8496E-05, -0.00778894
    9.85E-05, -0.00778894
  9.8504E-05, -0.00753769
  9.8508E-05, -0.00753769
  9.8512E-05, -0.00778894
  9.8516E-05, -0.00778894
   9.852E-05, -0.00753769
  9.8524E-05, -0.00753769
  9.8528E-05, -0.00753769
  9.8532E-05, -0.00778894
  9.8536E-05, -0.00778894
   9.854E-05, -0.00753769
  9.8544E-05, -0.00753769
  9.8548E-05, -0.00753769
  9.8552E-05, -0.00753769
  9.8556E-05, -0.00778894
   9.856E-05, -0.00778894
  9.8564E-05, -0.00778894
  9.8568E-05, -0.00753769
  9.8572E-05, -0.00753769
  9.8576E-05, -0.00778894
   9.858E-05, -0.00778894
  9.8584E-05, -0.00728643
  9.8588E-05, -0.00753769
  9.8592E-05, -0.00778894
  9.8596E-05,  -0.0080402
    9.86E-05, -0.00778894
  9.8604E-05, -0.00753769
  9.8608E-05, -0.00778894
  9.8612E-05, -0.00753769
  9.8616E-05, -0.00778894
   9.862E-05, -0.00778894
  9.8624E-05, -0.00753769
  9.8628E-05, -0.00753769
  9.8632E-05, -0.00753769
  9.8636E-05, -0.00778894
   9.864E-05, -0.00753769
  9.8644E-05, -0.00753769
  9.8648E-05, -0.00753769
  9.8652E-05, -0.00753769
  9.8656E-05, -0.00753769
   9.866E-05, -0.00753769
  9.8664E-05, -0.00753769
  9.8668E-05, -0.00753769
  9.8672E-05, -0.00753769
  9.8676E-05, -0.00728643
   9.868E-05, -0.00753769
  9.8684E-05, -0.00753769
  9.8688E-05, -0.00753769
  9.8692E-05, -0.00728643
  9.8696E-05, -0.00728643
    9.87E-05, -0.00753769
  9.8704E-05, -0.00753769
  9.8708E-05, -0.00728643
  9.8712E-05, -0.00753769
  9.8716E-05, -0.00753769
   9.872E-05, -0.00753769
  9.8724E-05, -0.00728643
  9.8728E-05, -0.00753769
  9.8732E-05, -0.00753769
  9.8736E-05, -0.00728643
   9.874E-05, -0.00728643
  9.8744E-05, -0.00753769
  9.8748E-05, -0.00728643
  9.8752E-05, -0.00728643
  9.8756E-05, -0.00728643
   9.876E-05, -0.00728643
  9.8764E-05, -0.00728643
  9.8768E-05, -0.00728643
  9.8772E-05, -0.00728643
  9.8776E-05, -0.00703518
   9.878E-05, -0.00703518
  9.8784E-05, -0.00728643
  9.8788E-05, -0.00728643
  9.8792E-05, -0.00703518
  9.8796E-05, -0.00703518
    9.88E-05, -0.00728643
  9.8804E-05, -0.00703518
  9.8808E-05, -0.00703518
  9.8812E-05, -0.00678392
  9.8816E-05, -0.00703518
   9.882E-05, -0.00703518
  9.8824E-05, -0.00703518
  9.8828E-05, -0.00703518
  9.8832E-05, -0.00703518
  9.8836E-05, -0.00678392
   9.884E-05, -0.00678392
  9.8844E-05, -0.00678392
  9.8848E-05, -0.00703518
  9.8852E-05, -0.00678392
  9.8856E-05, -0.00678392
   9.886E-05, -0.00678392
  9.8864E-05, -0.00703518
  9.8868E-05, -0.00703518
  9.8872E-05, -0.00678392
  9.8876E-05, -0.00678392
   9.888E-05, -0.00703518
  9.8884E-05, -0.00678392
  9.8888E-05, -0.00678392
  9.8892E-05, -0.00678392
  9.8896E-05, -0.00703518
    9.89E-05, -0.00653266
  9.8904E-05, -0.00653266
  9.8908E-05, -0.00653266
  9.8912E-05, -0.00653266
  9.8916E-05, -0.00628141
   9.892E-05, -0.00628141
  9.8924E-05, -0.00653266
  9.8928E-05, -0.00628141
  9.8932E-05, -0.00603015
  9.8936E-05, -0.00628141
   9.894E-05, -0.00628141
  9.8944E-05, -0.00628141
  9.8948E-05, -0.00603015
  9.8952E-05, -0.00628141
  9.8956E-05, -0.00628141
   9.896E-05, -0.00628141
  9.8964E-05, -0.00628141
  9.8968E-05, -0.00628141
  9.8972E-05, -0.00628141
  9.8976E-05, -0.00603015
   9.898E-05, -0.00603015
  9.8984E-05, -0.00628141
  9.8988E-05, -0.00628141
  9.8992E-05, -0.00603015
  9.8996E-05, -0.00603015
     9.9E-05, -0.00628141
  9.9004E-05, -0.00603015
  9.9008E-05, -0.00577889
  9.9012E-05, -0.00603015
  9.9016E-05, -0.00628141
   9.902E-05, -0.00603015
  9.9024E-05, -0.00577889
  9.9028E-05, -0.00603015
  9.9032E-05, -0.00577889
  9.9036E-05, -0.00577889
   9.904E-05, -0.00577889
  9.9044E-05, -0.00577889
  9.9048E-05, -0.00577889
  9.9052E-05, -0.00552764
  9.9056E-05, -0.00577889
   9.906E-05, -0.00577889
  9.9064E-05, -0.00552764
  9.9068E-05, -0.00527638
  9.9072E-05, -0.00552764
  9.9076E-05, -0.00552764
   9.908E-05, -0.00552764
  9.9084E-05, -0.00552764
  9.9088E-05, -0.00552764
  9.9092E-05, -0.00552764
  9.9096E-05, -0.00527638
    9.91E-05, -0.00552764
  9.9104E-05, -0.00552764
  9.9108E-05, -0.00527638
  9.9112E-05, -0.00527638
  9.9116E-05, -0.00502513
   9.912E-05, -0.00527638
  9.9124E-05, -0.00552764
  9.9128E-05, -0.00527638
  9.9132E-05, -0.00502513
  9.9136E-05, -0.00502513
   9.914E-05, -0.00527638
  9.9144E-05, -0.00502513
  9.9148E-05, -0.00502513
  9.9152E-05, -0.00502513
  9.9156E-05, -0.00502513
   9.916E-05, -0.00502513
  9.9164E-05, -0.00527638
  9.9168E-05, -0.00527638
  9.9172E-05, -0.00477387
  9.9176E-05, -0.00477387
   9.918E-05, -0.00502513
  9.9184E-05, -0.00527638
  9.9188E-05, -0.00502513
  9.9192E-05, -0.00477387
  9.9196E-05, -0.00502513
    9.92E-05, -0.00502513
  9.9204E-05, -0.00477387
  9.9208E-05, -0.00502513
  9.9212E-05, -0.00502513
  9.9216E-05, -0.00502513
   9.922E-05, -0.00477387
  9.9224E-05, -0.00477387
  9.9228E-05, -0.00502513
  9.9232E-05, -0.00477387
  9.9236E-05, -0.00452261
   9.924E-05, -0.00477387
  9.9244E-05, -0.00502513
  9.9248E-05, -0.00477387
  9.9252E-05, -0.00427136
  9.9256E-05, -0.00477387
   9.926E-05, -0.00477387
  9.9264E-05, -0.00477387
  9.9268E-05, -0.00452261
  9.9272E-05, -0.00477387
  9.9276E-05, -0.00477387
   9.928E-05, -0.00452261
  9.9284E-05, -0.00477387
  9.9288E-05, -0.00477387
  9.9292E-05, -0.00452261
  9.9296E-05, -0.00427136
    9.93E-05, -0.00452261
  9.9304E-05, -0.00477387
  9.9308E-05, -0.00452261
  9.9312E-05, -0.00427136
  9.9316E-05, -0.00452261
   9.932E-05, -0.00452261
  9.9324E-05, -0.00427136
  9.9328E-05, -0.00452261
  9.9332E-05, -0.00427136
  9.9336E-05, -0.00427136
   9.934E-05, -0.00427136
  9.9344E-05, -0.00452261
  9.9348E-05, -0.00452261
  9.9352E-05, -0.00427136
  9.9356E-05, -0.00452261
   9.936E-05, -0.00452261
  9.9364E-05, -0.00427136
  9.9368E-05, -0.00427136
  9.9372E-05, -0.00452261
  9.9376E-05, -0.00452261
   9.938E-05, -0.00427136
  9.9384E-05, -0.00452261
  9.9388E-05, -0.00452261
  9.9392E-05, -0.00452261
  9.9396E-05, -0.00452261
    9.94E-05, -0.00452261
  9.9404E-05, -0.00427136
  9.9408E-05, -0.00427136
  9.9412E-05, -0.00452261
  9.9416E-05, -0.00452261
   9.942E-05, -0.00452261
  9.9424E-05, -0.00452261
  9.9428E-05, -0.00452261
  9.9432E-05, -0.00452261
  9.9436E-05, -0.00452261
   9.944E-05, -0.00452261
  9.9444E-05, -0.00427136
  9.9448E-05, -0.00427136
  9.9452E-05, -0.00452261
  9.9456E-05, -0.00452261
   9.946E-05, -0.00427136
  9.9464E-05, -0.00452261
  9.9468E-05, -0.00452261
  9.9472E-05, -0.00427136
  9.9476E-05, -0.00452261
   9.948E-05, -0.00452261
  9.9484E-05, -0.00427136
  9.9488E-05, -0.00427136
  9.9492E-05, -0.00477387
  9.9496E-05, -0.00452261
    9.95E-05, -0.00427136
  9.9504E-05, -0.00452261
  9.9508E-05, -0.00452261
  9.9512E-05, -0.00452261
  9.9516E-05, -0.00452261
   9.952E-05, -0.00477387
  9.9524E-05, -0.00452261
  9.9528E-05, -0.00452261
  9.9532E-05, -0.00477387
  9.9536E-05, -0.00477387
   9.954E-05, -0.00452261
  9.9544E-05, -0.00452261
  9.9548E-05, -0.00452261
  9.9552E-05, -0.00452261
  9.9556E-05, -0.00477387
   9.956E-05, -0.00477387
  9.9564E-05, -0.00452261
  9.9568E-05, -0.00452261
  9.9572E-05, -0.00477387
  9.9576E-05, -0.00477387
   9.958E-05, -0.00477387
  9.9584E-05, -0.00477387
  9.9588E-05, -0.00477387
  9.9592E-05, -0.00477387
  9.9596E-05, -0.00477387
    9.96E-05, -0.00502513
  9.9604E-05, -0.00502513
  9.9608E-05, -0.00477387
  9.9612E-05, -0.00477387
  9.9616E-05, -0.00502513
   9.962E-05, -0.00477387
  9.9624E-05, -0.00477387
  9.9628E-05, -0.00502513
  9.9632E-05, -0.00502513
  9.9636E-05, -0.00477387
   9.964E-05, -0.00477387
  9.9644E-05, -0.00502513
  9.9648E-05, -0.00502513
  9.9652E-05, -0.00477387
  9.9656E-05, -0.00502513
   9.966E-05, -0.00502513
  9.9664E-05, -0.00502513
  9.9668E-05, -0.00502513
  9.9672E-05, -0.00527638
  9.9676E-05, -0.00527638
   9.968E-05, -0.00527638
  9.9684E-05, -0.00527638
  9.9688E-05, -0.00527638
  9.9692E-05, -0.00552764
  9.9696E-05, -0.00552764
    9.97E-05, -0.00527638
  9.9704E-05, -0.00527638
  9.9708E-05, -0.00552764
  9.9712E-05, -0.00552764
  9.9716E-05, -0.00502513
   9.972E-05, -0.00552764
  9.9724E-05, -0.00577889
  9.9728E-05, -0.00527638
  9.9732E-05, -0.00527638
  9.9736E-05, -0.00552764
   9.974E-05, -0.00577889
  9.9744E-05, -0.00527638
  9.9748E-05, -0.00552764
  9.9752E-05, -0.00577889
  9.9756E-05, -0.00577889
   9.976E-05, -0.00552764
  9.9764E-05, -0.00552764
  9.9768E-05, -0.00603015
  9.9772E-05, -0.00603015
  9.9776E-05, -0.00577889
   9.978E-05, -0.00577889
  9.9784E-05, -0.00603015
  9.9788E-05, -0.00603015
  9.9792E-05, -0.00577889
  9.9796E-05, -0.00628141
    9.98E-05, -0.00628141
  9.9804E-05, -0.00603015
  9.9808E-05, -0.00577889
  9.9812E-05, -0.00628141
  9.9816E-05, -0.00628141
   9.982E-05, -0.00603015
  9.9824E-05, -0.00603015
  9.9828E-05, -0.00628141
  9.9832E-05, -0.00628141
  9.9836E-05, -0.00628141
   9.984E-05, -0.00653266
  9.9844E-05, -0.00628141
  9.9848E-05, -0.00628141
  9.9852E-05, -0.00628141
  9.9856E-05, -0.00653266
   9.986E-05, -0.00653266
  9.9864E-05, -0.00653266
  9.9868E-05, -0.00653266
  9.9872E-05, -0.00653266
  9.9876E-05, -0.00653266
   9.988E-05, -0.00653266
  9.9884E-05, -0.00678392
  9.9888E-05, -0.00678392
  9.9892E-05, -0.00653266
  9.9896E-05, -0.00678392
    9.99E-05, -0.00703518
  9.9904E-05, -0.00678392
  9.9908E-05, -0.00678392
  9.9912E-05, -0.00678392
  9.9916E-05, -0.00678392
   9.992E-05, -0.00678392
  9.9924E-05, -0.00678392
  9.9928E-05, -0.00703518
  9.9932E-05, -0.00678392
  9.9936E-05, -0.00703518
   9.994E-05, -0.00703518
  9.9944E-05, -0.00703518
  9.9948E-05, -0.00703518
  9.9952E-05, -0.00703518
  9.9956E-05, -0.00728643
   9.996E-05, -0.00703518
  9.9964E-05, -0.00703518
  9.9968E-05, -0.00703518
  9.9972E-05, -0.00728643
  9.9976E-05, -0.00728643
   9.998E-05, -0.00728643
  9.9984E-05, -0.00728643
  9.9988E-05, -0.00728643
  9.9992E-05, -0.00728643
  9.9996E-05, -0.00728643
      0.0001, -0.00728643
 0.000100004, -0.00728643
 0.000100008, -0.00728643
 0.000100012, -0.00753769
 0.000100016, -0.00728643
  0.00010002, -0.00753769
 0.000100024, -0.00753769
 0.000100028, -0.00753769
 0.000100032, -0.00753769
 0.000100036, -0.00728643
  0.00010004, -0.00753769
 0.000100044, -0.00753769
 0.000100048, -0.00753769
 0.000100052, -0.00778894
 0.000100056, -0.00778894
  0.00010006, -0.00753769
 0.000100064, -0.00778894
 0.000100068, -0.00778894
 0.000100072, -0.00778894
 0.000100076, -0.00778894
  0.00010008, -0.00753769
 0.000100084, -0.00778894
 0.000100088,  -0.0080402
 0.000100092, -0.00778894
 0.000100096, -0.00778894
   0.0001001, -0.00778894
 0.000100104,  -0.0080402
 0.000100108, -0.00778894
 0.000100112, -0.00778894
 0.000100116, -0.00778894
  0.00010012, -0.00778894
 0.000100124, -0.00778894
 0.000100128,  -0.0080402
 0.000100132, -0.00778894
 0.000100136, -0.00778894
  0.00010014, -0.00778894
 0.000100144,  -0.0080402
 0.000100148,  -0.0080402
 0.000100152,  -0.0080402
 0.000100156, -0.00778894
  0.00010016,  -0.0080402
 0.000100164,  -0.0080402
 0.000100168, -0.00778894
 0.000100172, -0.00778894
 0.000100176,  -0.0080402
  0.00010018,  -0.0080402
 0.000100184, -0.00778894
 0.000100188,  -0.0080402
 0.000100192,  -0.0080402
 0.000100196, -0.00778894
   0.0001002,  -0.0080402
 0.000100204, -0.00829146
 0.000100208,  -0.0080402
 0.000100212,  -0.0080402
 0.000100216, -0.00829146
  0.00010022, -0.00829146
 0.000100224,  -0.0080402
 0.000100228,  -0.0080402
 0.000100232, -0.00829146
 0.000100236, -0.00829146
  0.00010024,  -0.0080402
 0.000100244,  -0.0080402
 0.000100248,  -0.0080402
 0.000100252,  -0.0080402
 0.000100256,  -0.0080402
  0.00010026,  -0.0080402
 0.000100264,  -0.0080402
 0.000100268, -0.00778894
 0.000100272,  -0.0080402
 0.000100276,  -0.0080402
  0.00010028,  -0.0080402
 0.000100284,  -0.0080402
 0.000100288,  -0.0080402
 0.000100292,  -0.0080402
 0.000100296,  -0.0080402
   0.0001003,  -0.0080402
 0.000100304,  -0.0080402
 0.000100308,  -0.0080402
 0.000100312,  -0.0080402
 0.000100316,  -0.0080402
  0.00010032,  -0.0080402
 0.000100324,  -0.0080402
 0.000100328,  -0.0080402
 0.000100332, -0.00778894
 0.000100336,  -0.0080402
  0.00010034,  -0.0080402
 0.000100344, -0.00778894
 0.000100348,  -0.0080402
 0.000100352,  -0.0080402
 0.000100356,  -0.0080402
  0.00010036, -0.00778894
 0.000100364,  -0.0080402
 0.000100368,  -0.0080402
 0.000100372, -0.00778894
 0.000100376, -0.00778894
  0.00010038,  -0.0080402
 0.000100384,  -0.0080402
 0.000100388, -0.00778894
 0.000100392, -0.00778894
 0.000100396,  -0.0080402
   0.0001004,  -0.0080402
 0.000100404, -0.00778894
 0.000100408, -0.00778894
 0.000100412, -0.00778894
 0.000100416,  -0.0080402
  0.00010042, -0.00778894
 0.000100424, -0.00753769
 0.000100428, -0.00753769
 0.000100432,  -0.0080402
 0.000100436, -0.00778894
  0.00010044, -0.00753769
 0.000100444, -0.00778894
 0.000100448,  -0.0080402
 0.000100452, -0.00753769
 0.000100456, -0.00753769
  0.00010046, -0.00778894
 0.000100464, -0.00778894
 0.000100468, -0.00753769
 0.000100472, -0.00753769
 0.000100476, -0.00753769
  0.00010048, -0.00753769
 0.000100484, -0.00753769
 0.000100488, -0.00778894
 0.000100492, -0.00778894
 0.000100496, -0.00753769
   0.0001005, -0.00728643
 0.000100504, -0.00753769
 0.000100508, -0.00753769
 0.000100512, -0.00728643
 0.000100516, -0.00728643
  0.00010052, -0.00728643
 0.000100524, -0.00728643
 0.000100528, -0.00728643
 0.000100532, -0.00728643
 0.000100536, -0.00703518
  0.00010054, -0.00703518
 0.000100544, -0.00678392
 0.000100548, -0.00703518
 0.000100552, -0.00728643
 0.000100556, -0.00728643
  0.00010056, -0.00703518
 0.000100564, -0.00703518
 0.000100568, -0.00728643
 0.000100572, -0.00703518
 0.000100576, -0.00703518
  0.00010058, -0.00703518
 0.000100584, -0.00703518
 0.000100588, -0.00703518
 0.000100592, -0.00728643
 0.000100596, -0.00728643
   0.0001006, -0.00703518
 0.000100604, -0.00678392
 0.000100608, -0.00703518
 0.000100612, -0.00703518
 0.000100616, -0.00678392
  0.00010062, -0.00678392
 0.000100624, -0.00703518
 0.000100628, -0.00703518
 0.000100632, -0.00678392
 0.000100636, -0.00678392
  0.00010064, -0.00678392
 0.000100644, -0.00678392
 0.000100648, -0.00678392
 0.000100652, -0.00653266
 0.000100656, -0.00653266
  0.00010066, -0.00653266
 0.000100664, -0.00653266
 0.000100668, -0.00653266
 0.000100672, -0.00653266
 0.000100676, -0.00628141
  0.00010068, -0.00628141
 0.000100684, -0.00628141
 0.000100688, -0.00653266
 0.000100692, -0.00628141
 0.000100696, -0.00628141
   0.0001007, -0.00628141
 0.000100704, -0.00628141
 0.000100708, -0.00603015
 0.000100712, -0.00603015
 0.000100716, -0.00603015
  0.00010072, -0.00603015
 0.000100724, -0.00603015
 0.000100728, -0.00603015
 0.000100732, -0.00603015
 0.000100736, -0.00603015
  0.00010074, -0.00577889
 0.000100744, -0.00603015
 0.000100748, -0.00577889
 0.000100752, -0.00577889
 0.000100756, -0.00577889
  0.00010076, -0.00577889
 0.000100764, -0.00577889
 0.000100768, -0.00552764
 0.000100772, -0.00552764
 0.000100776, -0.00577889
  0.00010078, -0.00552764
 0.000100784, -0.00527638
 0.000100788, -0.00527638
 0.000100792, -0.00552764
 0.000100796, -0.00527638
   0.0001008, -0.00527638
 0.000100804, -0.00527638
 0.000100808, -0.00527638
 0.000100812, -0.00502513
 0.000100816, -0.00527638
  0.00010082, -0.00502513
 0.000100824, -0.00527638
 0.000100828, -0.00477387
 0.000100832, -0.00502513
 0.000100836, -0.00502513
  0.00010084, -0.00502513
 0.000100844, -0.00502513
 0.000100848, -0.00477387
 0.000100852, -0.00477387
 0.000100856, -0.00477387
  0.00010086, -0.00477387
 0.000100864, -0.00477387
 0.000100868, -0.00452261
 0.000100872, -0.00452261
 0.000100876, -0.00452261
  0.00010088, -0.00477387
 0.000100884, -0.00452261
 0.000100888, -0.00452261
 0.000100892, -0.00427136
 0.000100896, -0.00427136
   0.0001009, -0.00452261
 0.000100904,  -0.0040201
 0.000100908,  -0.0040201
 0.000100912,  -0.0040201
 0.000100916,  -0.0040201
  0.00010092,  -0.0040201
 0.000100924,  -0.0040201
 0.000100928,  -0.0040201
 0.000100932, -0.00376884
 0.000100936, -0.00351759
  0.00010094, -0.00376884
 0.000100944, -0.00376884
 0.000100948, -0.00351759
 0.000100952, -0.00326633
 0.000100956, -0.00351759
  0.00010096, -0.00351759
 0.000100964, -0.00326633
 0.000100968, -0.00351759
 0.000100972, -0.00351759
 0.000100976, -0.00326633
  0.00010098, -0.00301508
 0.000100984, -0.00351759
 0.000100988, -0.00351759
 0.000100992, -0.00301508
 0.000100996, -0.00276382
    0.000101, -0.00326633
 0.000101004, -0.00301508
 0.000101008, -0.00276382
 0.000101012, -0.00276382
 0.000101016, -0.00276382
  0.00010102, -0.00251256
 0.000101024, -0.00251256
 0.000101028, -0.00276382
 0.000101032, -0.00251256
 0.000101036, -0.00226131
  0.00010104, -0.00226131
 0.000101044, -0.00226131
 0.000101048, -0.00226131
 0.000101052, -0.00201005
 0.000101056, -0.00201005
  0.00010106, -0.00201005
 0.000101064, -0.00201005
 0.000101068, -0.00201005
 0.000101072, -0.00150754
 0.000101076, -0.00150754
  0.00010108, -0.00150754
 0.000101084, -0.00150754
 0.000101088, -0.00150754
 0.000101092, -0.00150754
 0.000101096, -0.00125628
   0.0001011, -0.00100503
 0.000101104, -0.00100503
 0.000101108, -0.00100503
 0.000101112,-0.000753769
 0.000101116,-0.000502513
  0.00010112,-0.000502513
 0.000101124,-0.000753769
 0.000101128,-0.000502513
 0.000101132,-0.000251256
 0.000101136,-0.000251256
  0.00010114,-0.000251256
 0.000101144,-0.000251256
 0.000101148,           0
 0.000101152,           0
 0.000101156,-0.000251256
  0.00010116,           0
 0.000101164, 0.000251256
 0.000101168, 0.000502513
 0.000101172, 0.000502513
 0.000101176, 0.000502513
  0.00010118, 0.000753769
 0.000101184, 0.000753769
 0.000101188,  0.00100503
 0.000101192,  0.00125628
 0.000101196,  0.00125628
   0.0001012,  0.00100503
 0.000101204,  0.00125628
 0.000101208,  0.00175879
 0.000101212,  0.00150754
 0.000101216,  0.00150754
  0.00010122,  0.00175879
 0.000101224,  0.00175879
 0.000101228,  0.00175879
 0.000101232,  0.00201005
 0.000101236,  0.00226131
  0.00010124,  0.00226131
 0.000101244,  0.00226131
 0.000101248,  0.00251256
 0.000101252,  0.00276382
 0.000101256,  0.00251256
  0.00010126,  0.00276382
 0.000101264,  0.00301508
 0.000101268,  0.00326633
 0.000101272,  0.00326633
 0.000101276,  0.00326633
  0.00010128,  0.00376884
 0.000101284,  0.00351759
 0.000101288,  0.00351759
 0.000101292,  0.00376884
 0.000101296,   0.0040201
   0.0001013,   0.0040201
 0.000101304,   0.0040201
 0.000101308,  0.00452261
 0.000101312,  0.00452261
 0.000101316,  0.00427136
  0.00010132,  0.00452261
 0.000101324,  0.00477387
 0.000101328,  0.00477387
 0.000101332,  0.00502513
 0.000101336,  0.00527638
  0.00010134,  0.00502513
 0.000101344,  0.00527638
 0.000101348,  0.00552764
 0.000101352,  0.00577889
 0.000101356,  0.00577889
  0.00010136,  0.00577889
 0.000101364,  0.00577889
 0.000101368,  0.00603015
 0.000101372,  0.00653266
 0.000101376,  0.00653266
  0.00010138,  0.00628141
 0.000101384,  0.00653266
 0.000101388,  0.00678392
 0.000101392,  0.00703518
 0.000101396,  0.00703518
   0.0001014,  0.00728643
 0.000101404,  0.00728643
 0.000101408,  0.00728643
 0.000101412,  0.00753769
 0.000101416,  0.00778894
  0.00010142,   0.0080402
 0.000101424,  0.00778894
 0.000101428,   0.0080402
 0.000101432,  0.00829146
 0.000101436,  0.00829146
  0.00010144,  0.00854271
 0.000101444,  0.00854271
 0.000101448,  0.00854271
 0.000101452,  0.00854271
 0.000101456,  0.00879397
  0.00010146,  0.00879397
 0.000101464,  0.00904523
 0.000101468,  0.00904523
 0.000101472,  0.00904523
 0.000101476,  0.00929648
  0.00010148,  0.00954774
 0.000101484,  0.00954774
 0.000101488,  0.00954774
 0.000101492,    0.009799
 0.000101496,    0.009799
   0.0001015,    0.009799
 0.000101504,   0.0103015
 0.000101508,   0.0103015
 0.000101512,   0.0103015
 0.000101516,   0.0100503
  0.00010152,   0.0105528
 0.000101524,    0.010804
 0.000101528,   0.0103015
 0.000101532,   0.0105528
 0.000101536,    0.010804
  0.00010154,   0.0110553
 0.000101544,   0.0110553
 0.000101548,   0.0113065
 0.000101552,   0.0113065
 0.000101556,   0.0110553
  0.00010156,   0.0113065
 0.000101564,    0.011809
 0.000101568,    0.011809
 0.000101572,   0.0115578
 0.000101576,   0.0115578
  0.00010158,   0.0120603
 0.000101584,   0.0120603
 0.000101588,    0.011809
 0.000101592,    0.011809
 0.000101596,   0.0120603
   0.0001016,   0.0120603
 0.000101604,    0.011809
 0.000101608,   0.0123116
 0.000101612,   0.0123116
 0.000101616,   0.0120603
  0.00010162,   0.0120603
 0.000101624,   0.0125628
 0.000101628,   0.0123116
 0.000101632,   0.0123116
 0.000101636,   0.0120603
  0.00010164,   0.0125628
 0.000101644,   0.0123116
 0.000101648,   0.0120603
 0.000101652,   0.0123116
 0.000101656,   0.0123116
  0.00010166,   0.0123116
 0.000101664,   0.0123116
 0.000101668,   0.0123116
 0.000101672,   0.0123116
 0.000101676,   0.0120603
  0.00010168,   0.0120603
 0.000101684,   0.0125628
 0.000101688,   0.0123116
 0.000101692,   0.0120603
 0.000101696,   0.0123116
   0.0001017,   0.0123116
 0.000101704,   0.0120603
 0.000101708,   0.0123116
 0.000101712,   0.0120603
 0.000101716,   0.0120603
  0.00010172,   0.0120603
 0.000101724,    0.011809
 0.000101728,   0.0120603
 0.000101732,    0.011809
 0.000101736,   0.0115578
  0.00010174,   0.0115578
 0.000101744,   0.0115578
 0.000101748,   0.0115578
 0.000101752,   0.0113065
 0.000101756,   0.0110553
  0.00010176,   0.0110553
 0.000101764,   0.0105528
 0.000101768,    0.010804
 0.000101772,    0.010804
 0.000101776,   0.0105528
  0.00010178,   0.0103015
 0.000101784,   0.0103015
 0.000101788,   0.0103015
 0.000101792,   0.0100503
 0.000101796,    0.009799
   0.0001018,    0.009799
 0.000101804,  0.00954774
 0.000101808,  0.00929648
 0.000101812,  0.00929648
 0.000101816,  0.00904523
  0.00010182,  0.00879397
 0.000101824,  0.00879397
 0.000101828,  0.00829146
 0.000101832,   0.0080402
 0.000101836,   0.0080402
  0.00010184,   0.0080402
 0.000101844,  0.00753769
 0.000101848,  0.00703518
 0.000101852,  0.00703518
 0.000101856,  0.00703518
  0.00010186,  0.00653266
 0.000101864,  0.00628141
 0.000101868,  0.00628141
 0.000101872,  0.00577889
 0.000101876,  0.00527638
  0.00010188,  0.00527638
 0.000101884,  0.00502513
 0.000101888,  0.00452261
 0.000101892,   0.0040201
 0.000101896,  0.00427136
   0.0001019,   0.0040201
 0.000101904,  0.00351759
 0.000101908,  0.00301508
 0.000101912,  0.00301508
 0.000101916,  0.00276382
  0.00010192,  0.00226131
 0.000101924,  0.00201005
 0.000101928,  0.00175879
 0.000101932,  0.00125628
 0.000101936,  0.00100503
  0.00010194, 0.000753769
 0.000101944, 0.000251256
 0.000101948,-0.000251256
 0.000101952,-0.000502513
 0.000101956,-0.000753769
  0.00010196, -0.00100503
 0.000101964, -0.00175879
 0.000101968, -0.00201005
 0.000101972, -0.00251256
 0.000101976, -0.00276382
  0.00010198, -0.00301508
 0.000101984, -0.00351759
 0.000101988,  -0.0040201
 0.000101992, -0.00452261
 0.000101996, -0.00502513
    0.000102, -0.00527638
 0.000102004, -0.00552764
 0.000102008, -0.00628141
 0.000102012, -0.00678392
 0.000102016, -0.00728643
  0.00010202, -0.00753769
 0.000102024,  -0.0080402
 0.000102028, -0.00854271
 0.000102032, -0.00904523
 0.000102036, -0.00929648
  0.00010204,   -0.009799
 0.000102044,  -0.0100503
 0.000102048,   -0.010804
 0.000102052,  -0.0115578
 0.000102056,   -0.011809
  0.00010206,  -0.0125628
 0.000102064,  -0.0128141
 0.000102068,  -0.0133166
 0.000102072,  -0.0140704
 0.000102076,  -0.0145729
  0.00010208,  -0.0150754
 0.000102084,  -0.0153266
 0.000102088,  -0.0160804
 0.000102092,  -0.0168342
 0.000102096,  -0.0170854
   0.0001021,  -0.0178392
 0.000102104,  -0.0183417
 0.000102108,   -0.018593
 0.000102112,  -0.0190955
 0.000102116,  -0.0201005
  0.00010212,  -0.0208543
 0.000102124,  -0.0211055
 0.000102128,  -0.0213568
 0.000102132,  -0.0223618
 0.000102136,  -0.0228643
  0.00010214,  -0.0231156
 0.000102144,  -0.0238693
 0.000102148,  -0.0246231
 0.000102152,  -0.0248744
 0.000102156,  -0.0256281
  0.00010216,  -0.0263819
 0.000102164,  -0.0268844
 0.000102168,  -0.0273869
 0.000102172,  -0.0276382
 0.000102176,  -0.0286432
  0.00010218,   -0.029397
 0.000102184,  -0.0298995
 0.000102188,   -0.030402
 0.000102192,  -0.0309045
 0.000102196,  -0.0316583
   0.0001022,  -0.0324121
 0.000102204,  -0.0329146
 0.000102208,  -0.0336683
 0.000102212,  -0.0341709
 0.000102216,  -0.0346734
  0.00010222,  -0.0354271
 0.000102224,  -0.0361809
 0.000102228,  -0.0364322
 0.000102232,  -0.0369347
 0.000102236,  -0.0376884
  0.00010224,   -0.038191
 0.000102244,  -0.0389447
 0.000102248,  -0.0394472
 0.000102252,  -0.0399497
 0.000102256,  -0.0404523
  0.00010226,  -0.0409548
 0.000102264,  -0.0417085
 0.000102268,  -0.0424623
 0.000102272,  -0.0432161
 0.000102276,  -0.0434673
  0.00010228,  -0.0439698
 0.000102284,  -0.0449749
 0.000102288,  -0.0454774
 0.000102292,  -0.0459799
 0.000102296,  -0.0464824
   0.0001023,  -0.0472362
 0.000102304,  -0.0479899
 0.000102308,  -0.0482412
 0.000102312,   -0.048995
 0.000102316,  -0.0494975
  0.00010232,       -0.05
 0.000102324,  -0.0507538
 0.000102328,  -0.0515075
 0.000102332,  -0.0517588
 0.000102336,  -0.0522613
  0.00010234,  -0.0530151
 0.000102344,  -0.0537688
 0.000102348,  -0.0540201
 0.000102352,  -0.0545226
 0.000102356,  -0.0552764
  0.00010236,  -0.0557789
 0.000102364,  -0.0562814
 0.000102368,  -0.0567839
 0.000102372,  -0.0572864
 0.000102376,  -0.0577889
  0.00010238,  -0.0582915
 0.000102384,  -0.0590452
 0.000102388,  -0.0592965
 0.000102392,   -0.059799
 0.000102396,  -0.0603015
   0.0001024,   -0.060804
 0.000102404,  -0.0613065
 0.000102408,   -0.061809
 0.000102412,  -0.0623116
 0.000102416,  -0.0625628
  0.00010242,  -0.0630653
 0.000102424,  -0.0635678
 0.000102428,  -0.0643216
 0.000102432,  -0.0645729
 0.000102436,  -0.0650754
  0.00010244,  -0.0650754
 0.000102444,  -0.0655779
 0.000102448,  -0.0663317
 0.000102452,  -0.0665829
 0.000102456,  -0.0668342
  0.00010246,  -0.0675879
 0.000102464,  -0.0678392
 0.000102468,  -0.0680905
 0.000102472,  -0.0683417
 0.000102476,  -0.0690955
  0.00010248,  -0.0693467
 0.000102484,  -0.0693467
 0.000102488,  -0.0698492
 0.000102492,  -0.0703518
 0.000102496,   -0.070603
   0.0001025,  -0.0708543
 0.000102504,  -0.0713568
 0.000102508,   -0.071608
 0.000102512,   -0.071608
 0.000102516,  -0.0718593
  0.00010252,  -0.0723618
 0.000102524,  -0.0728643
 0.000102528,  -0.0728643
 0.000102532,  -0.0728643
 0.000102536,  -0.0733668
  0.00010254,  -0.0736181
 0.000102544,  -0.0736181
 0.000102548,  -0.0736181
 0.000102552,  -0.0741206
 0.000102556,  -0.0743719
  0.00010256,  -0.0743719
 0.000102564,  -0.0746231
 0.000102568,  -0.0748744
 0.000102572,  -0.0748744
 0.000102576,  -0.0748744
  0.00010258,  -0.0751256
 0.000102584,  -0.0756281
 0.000102588,  -0.0753769
 0.000102592,  -0.0751256
 0.000102596,  -0.0753769
   0.0001026,  -0.0756281
 0.000102604,  -0.0756281
 0.000102608,  -0.0756281
 0.000102612,  -0.0758794
 0.000102616,  -0.0756281
  0.00010262,  -0.0758794
 0.000102624,  -0.0758794
 0.000102628,  -0.0758794
 0.000102632,  -0.0756281
 0.000102636,  -0.0756281
  0.00010264,  -0.0758794
 0.000102644,  -0.0758794
 0.000102648,  -0.0756281
 0.000102652,  -0.0756281
 0.000102656,  -0.0756281
  0.00010266,  -0.0756281
 0.000102664,  -0.0756281
 0.000102668,  -0.0753769
 0.000102672,  -0.0751256
 0.000102676,  -0.0751256
  0.00010268,  -0.0748744
 0.000102684,  -0.0748744
 0.000102688,  -0.0748744
 0.000102692,  -0.0746231
 0.000102696,  -0.0743719
   0.0001027,  -0.0741206
 0.000102704,  -0.0741206
 0.000102708,  -0.0736181
 0.000102712,  -0.0733668
 0.000102716,  -0.0733668
  0.00010272,  -0.0731156
 0.000102724,  -0.0728643
 0.000102728,  -0.0726131
 0.000102732,  -0.0721105
 0.000102736,  -0.0718593
  0.00010274,   -0.071608
 0.000102744,  -0.0713568
 0.000102748,  -0.0711055
 0.000102752,  -0.0708543
 0.000102756,  -0.0703518
  0.00010276,  -0.0698492
 0.000102764,  -0.0698492
 0.000102768,   -0.069598
 0.000102772,  -0.0688442
 0.000102776,  -0.0683417
  0.00010278,  -0.0683417
 0.000102784,  -0.0680905
 0.000102788,  -0.0673367
 0.000102792,  -0.0668342
 0.000102796,  -0.0663317
   0.0001028,  -0.0660804
 0.000102804,  -0.0655779
 0.000102808,  -0.0650754
 0.000102812,  -0.0645729
 0.000102816,  -0.0640704
  0.00010282,  -0.0635678
 0.000102824,  -0.0630653
 0.000102828,  -0.0625628
 0.000102832,  -0.0620603
 0.000102836,  -0.0615578
  0.00010284,  -0.0610553
 0.000102844,  -0.0603015
 0.000102848,   -0.059799
 0.000102852,  -0.0592965
 0.000102856,   -0.058794
  0.00010286,  -0.0582915
 0.000102864,  -0.0575377
 0.000102868,  -0.0567839
 0.000102872,  -0.0565327
 0.000102876,  -0.0557789
  0.00010288,  -0.0550251
 0.000102884,  -0.0545226
 0.000102888,  -0.0537688
 0.000102892,  -0.0532663
 0.000102896,  -0.0525126
   0.0001029,    -0.05201
 0.000102904,  -0.0512563
 0.000102908,  -0.0505025
 0.000102912,       -0.05
 0.000102916,  -0.0494975
  0.00010292,  -0.0484925
 0.000102924,  -0.0474874
 0.000102928,  -0.0469849
 0.000102932,  -0.0464824
 0.000102936,  -0.0454774
  0.00010294,  -0.0447236
 0.000102944,  -0.0442211
 0.000102948,  -0.0434673
 0.000102952,  -0.0424623
 0.000102956,  -0.0419598
  0.00010296,  -0.0414573
 0.000102964,  -0.0404523
 0.000102968,  -0.0394472
 0.000102972,  -0.0389447
 0.000102976,  -0.0379397
  0.00010298,  -0.0371859
 0.000102984,  -0.0364322
 0.000102988,  -0.0356784
 0.000102992,  -0.0346734
 0.000102996,  -0.0339196
    0.000103,  -0.0334171
 0.000103004,  -0.0324121
 0.000103008,   -0.031407
 0.000103012,  -0.0306533
 0.000103016,  -0.0298995
  0.00010302,  -0.0291457
 0.000103024,  -0.0281407
 0.000103028,  -0.0271357
 0.000103032,  -0.0266332
 0.000103036,  -0.0258794
  0.00010304,  -0.0248744
 0.000103044,  -0.0238693
 0.000103048,  -0.0231156
 0.000103052,  -0.0223618
 0.000103056,  -0.0213568
  0.00010306,   -0.020603
 0.000103064,  -0.0198492
 0.000103068,   -0.018593
 0.000103072,  -0.0178392
 0.000103076,  -0.0173367
  0.00010308,  -0.0163317
 0.000103084,  -0.0153266
 0.000103088,  -0.0145729
 0.000103092,  -0.0138191
 0.000103096,  -0.0128141
   0.0001031,   -0.011809
 0.000103104,  -0.0110553
 0.000103108,  -0.0100503
 0.000103112, -0.00929648
 0.000103116, -0.00854271
  0.00010312, -0.00753769
 0.000103124, -0.00653266
 0.000103128, -0.00603015
 0.000103132, -0.00477387
 0.000103136, -0.00376884
  0.00010314, -0.00301508
 0.000103144, -0.00226131
 0.000103148, -0.00125628
 0.000103152,-0.000502513
 0.000103156, 0.000251256
  0.00010316,  0.00125628
 0.000103164,  0.00226131
 0.000103168,  0.00276382
 0.000103172,  0.00351759
 0.000103176,  0.00452261
  0.00010318,  0.00552764
 0.000103184,  0.00628141
 0.000103188,  0.00703518
 0.000103192,   0.0080402
 0.000103196,  0.00904523
   0.0001032,    0.009799
 0.000103204,   0.0105528
 0.000103208,   0.0115578
 0.000103212,   0.0125628
 0.000103216,   0.0130653
  0.00010322,   0.0138191
 0.000103224,   0.0150754
 0.000103228,   0.0158291
 0.000103232,   0.0163317
 0.000103236,   0.0173367
  0.00010324,    0.018593
 0.000103244,   0.0190955
 0.000103248,    0.019598
 0.000103252,    0.020603
 0.000103256,    0.021608
  0.00010326,   0.0221106
 0.000103264,   0.0231156
 0.000103268,   0.0243719
 0.000103272,   0.0246231
 0.000103276,   0.0251256
  0.00010328,   0.0263819
 0.000103284,   0.0273869
 0.000103288,   0.0278894
 0.000103292,    0.028392
 0.000103296,    0.029397
   0.0001033,    0.030402
 0.000103304,   0.0309045
 0.000103308,   0.0316583
 0.000103312,   0.0324121
 0.000103316,   0.0329146
  0.00010332,   0.0336683
 0.000103324,   0.0346734
 0.000103328,   0.0354271
 0.000103332,   0.0359296
 0.000103336,   0.0364322
  0.00010334,   0.0374372
 0.000103344,    0.038191
 0.000103348,   0.0386935
 0.000103352,   0.0394472
 0.000103356,    0.040201
  0.00010336,   0.0407035
 0.000103364,    0.041206
 0.000103368,   0.0422111
 0.000103372,   0.0427136
 0.000103376,   0.0434673
  0.00010338,   0.0439698
 0.000103384,   0.0444724
 0.000103388,   0.0452261
 0.000103392,   0.0459799
 0.000103396,   0.0464824
   0.0001034,   0.0469849
 0.000103404,   0.0474874
 0.000103408,   0.0482412
 0.000103412,   0.0487437
 0.000103416,   0.0494975
  0.00010342,   0.0497487
 0.000103424,   0.0502513
 0.000103428,    0.051005
 0.000103432,   0.0515075
 0.000103436,     0.05201
  0.00010344,   0.0525126
 0.000103444,   0.0530151
 0.000103448,   0.0532663
 0.000103452,   0.0540201
 0.000103456,   0.0545226
  0.00010346,   0.0547739
 0.000103464,   0.0552764
 0.000103468,   0.0560302
 0.000103472,   0.0562814
 0.000103476,   0.0565327
  0.00010348,   0.0570352
 0.000103484,   0.0572864
 0.000103488,   0.0575377
 0.000103492,   0.0582915
 0.000103496,   0.0585427
   0.0001035,   0.0585427
 0.000103504,   0.0590452
 0.000103508,    0.059799
 0.000103512,   0.0600502
 0.000103516,   0.0600502
  0.00010352,   0.0605528
 0.000103524,   0.0610553
 0.000103528,   0.0610553
 0.000103532,   0.0615578
 0.000103536,    0.061809
  0.00010354,   0.0620603
 0.000103544,   0.0623116
 0.000103548,   0.0625628
 0.000103552,   0.0628141
 0.000103556,   0.0630653
  0.00010356,   0.0630653
 0.000103564,   0.0633166
 0.000103568,   0.0635678
 0.000103572,   0.0638191
 0.000103576,   0.0638191
  0.00010358,   0.0640704
 0.000103584,   0.0643216
 0.000103588,   0.0643216
 0.000103592,   0.0645729
 0.000103596,   0.0648241
   0.0001036,   0.0648241
 0.000103604,   0.0650754
 0.000103608,   0.0650754
 0.000103612,   0.0653266
 0.000103616,   0.0653266
  0.00010362,   0.0655779
 0.000103624,   0.0655779
 0.000103628,   0.0655779
 0.000103632,   0.0655779
 0.000103636,   0.0655779
  0.00010364,   0.0655779
 0.000103644,   0.0658291
 0.000103648,   0.0658291
 0.000103652,   0.0655779
 0.000103656,   0.0655779
  0.00010366,   0.0658291
 0.000103664,   0.0655779
 0.000103668,   0.0655779
 0.000103672,   0.0655779
 0.000103676,   0.0655779
  0.00010368,   0.0655779
 0.000103684,   0.0653266
 0.000103688,   0.0653266
 0.000103692,   0.0653266
 0.000103696,   0.0650754
   0.0001037,   0.0650754
 0.000103704,   0.0650754
 0.000103708,   0.0648241
 0.000103712,   0.0648241
 0.000103716,   0.0645729
  0.00010372,   0.0648241
 0.000103724,   0.0643216
 0.000103728,   0.0640704
 0.000103732,   0.0643216
 0.000103736,   0.0640704
  0.00010374,   0.0638191
 0.000103744,   0.0638191
 0.000103748,   0.0635678
 0.000103752,   0.0633166
 0.000103756,   0.0630653
  0.00010376,   0.0628141
 0.000103764,   0.0628141
 0.000103768,   0.0625628
 0.000103772,   0.0623116
 0.000103776,   0.0620603
  0.00010378,   0.0620603
 0.000103784,   0.0615578
 0.000103788,   0.0613065
 0.000103792,   0.0610553
 0.000103796,    0.060804
   0.0001038,   0.0605528
 0.000103804,   0.0603015
 0.000103808,   0.0600502
 0.000103812,    0.059799
 0.000103816,   0.0595477
  0.00010382,   0.0590452
 0.000103824,    0.058794
 0.000103828,   0.0585427
 0.000103832,   0.0582915
 0.000103836,   0.0577889
  0.00010384,   0.0577889
 0.000103844,   0.0572864
 0.000103848,   0.0567839
 0.000103852,   0.0567839
 0.000103856,   0.0562814
  0.00010386,   0.0560302
 0.000103864,   0.0555276
 0.000103868,   0.0552764
 0.000103872,   0.0550251
 0.000103876,   0.0545226
  0.00010388,   0.0542714
 0.000103884,   0.0540201
 0.000103888,   0.0535176
 0.000103892,   0.0530151
 0.000103896,   0.0525126
   0.0001039,   0.0525126
 0.000103904,   0.0522613
 0.000103908,   0.0517588
 0.000103912,   0.0512563
 0.000103916,   0.0507538
  0.00010392,   0.0505025
 0.000103924,        0.05
 0.000103928,   0.0494975
 0.000103932,   0.0492462
 0.000103936,    0.048995
  0.00010394,   0.0482412
 0.000103944,   0.0477387
 0.000103948,   0.0477387
 0.000103952,   0.0472362
 0.000103956,   0.0464824
  0.00010396,   0.0462312
 0.000103964,   0.0459799
 0.000103968,   0.0452261
 0.000103972,   0.0444724
 0.000103976,   0.0447236
  0.00010398,   0.0444724
 0.000103984,   0.0434673
 0.000103988,   0.0429648
 0.000103992,   0.0427136
 0.000103996,   0.0424623
    0.000104,   0.0417085
 0.000104004,   0.0414573
 0.000104008,    0.041206
 0.000104012,   0.0404523
 0.000104016,   0.0399497
  0.00010402,   0.0396985
 0.000104024,    0.039196
 0.000104028,   0.0384422
 0.000104032,    0.038191
 0.000104036,   0.0379397
  0.00010404,   0.0374372
 0.000104044,   0.0369347
 0.000104048,   0.0366834
 0.000104052,   0.0361809
 0.000104056,   0.0356784
  0.00010406,   0.0351759
 0.000104064,   0.0346734
 0.000104068,   0.0341709
 0.000104072,   0.0336683
 0.000104076,   0.0331658
  0.00010408,   0.0329146
 0.000104084,   0.0324121
 0.000104088,   0.0316583
 0.000104092,   0.0311558
 0.000104096,   0.0311558
   0.0001041,   0.0306533
 0.000104104,   0.0301508
 0.000104108,   0.0296482
 0.000104112,   0.0291457
 0.000104116,   0.0288945
  0.00010412,    0.028392
 0.000104124,   0.0281407
 0.000104128,   0.0276382
 0.000104132,   0.0268844
 0.000104136,   0.0268844
  0.00010414,   0.0263819
 0.000104144,   0.0261307
 0.000104148,   0.0253769
 0.000104152,   0.0248744
 0.000104156,   0.0246231
  0.00010416,   0.0241206
 0.000104164,   0.0236181
 0.000104168,   0.0231156
 0.000104172,   0.0226131
 0.000104176,   0.0221106
  0.00010418,   0.0218593
 0.000104184,   0.0213568
 0.000104188,   0.0208543
 0.000104192,    0.020603
 0.000104196,   0.0201005
   0.0001042,   0.0198492
 0.000104204,    0.019598
 0.000104208,   0.0190955
 0.000104212,    0.018593
 0.000104216,   0.0180905
  0.00010422,   0.0180905
 0.000104224,   0.0175879
 0.000104228,   0.0168342
 0.000104232,   0.0168342
 0.000104236,   0.0163317
  0.00010424,   0.0158291
 0.000104244,   0.0153266
 0.000104248,   0.0153266
 0.000104252,   0.0148241
 0.000104256,   0.0140704
  0.00010426,   0.0138191
 0.000104264,   0.0135678
 0.000104268,   0.0130653
 0.000104272,   0.0125628
 0.000104276,   0.0125628
  0.00010428,   0.0120603
 0.000104284,   0.0115578
 0.000104288,   0.0113065
 0.000104292,   0.0113065
 0.000104296,    0.010804
   0.0001043,   0.0100503
 0.000104304,   0.0100503
 0.000104308,   0.0100503
 0.000104312,  0.00929648
 0.000104316,  0.00879397
  0.00010432,  0.00854271
 0.000104324,  0.00829146
 0.000104328,  0.00778894
 0.000104332,  0.00753769
 0.000104336,  0.00728643
  0.00010434,  0.00678392
 0.000104344,  0.00628141
 0.000104348,  0.00603015
 0.000104352,  0.00603015
 0.000104356,  0.00552764
  0.00010436,  0.00502513
 0.000104364,  0.00477387
 0.000104368,  0.00477387
 0.000104372,  0.00452261
 0.000104376,   0.0040201
  0.00010438,  0.00376884
 0.000104384,  0.00326633
 0.000104388,  0.00301508
 0.000104392,  0.00276382
 0.000104396,  0.00251256
   0.0001044,  0.00251256
 0.000104404,  0.00175879
 0.000104408,  0.00175879
 0.000104412,  0.00150754
 0.000104416,  0.00125628
  0.00010442, 0.000753769
 0.000104424, 0.000502513
 0.000104428, 0.000251256
 0.000104432,           0
 0.000104436,-0.000251256
  0.00010444,-0.000502513
 0.000104444,-0.000753769
 0.000104448, -0.00100503
 0.000104452, -0.00125628
 0.000104456, -0.00125628
  0.00010446, -0.00201005
 0.000104464, -0.00226131
 0.000104468, -0.00226131
 0.000104472, -0.00251256
 0.000104476, -0.00276382
  0.00010448, -0.00301508
 0.000104484, -0.00351759
 0.000104488, -0.00376884
 0.000104492, -0.00376884
 0.000104496,  -0.0040201
   0.0001045, -0.00452261
 0.000104504, -0.00477387
 0.000104508, -0.00502513
 0.000104512, -0.00502513
 0.000104516, -0.00527638
  0.00010452, -0.00527638
 0.000104524, -0.00577889
 0.000104528, -0.00603015
 0.000104532, -0.00628141
 0.000104536, -0.00628141
  0.00010454, -0.00653266
 0.000104544, -0.00653266
 0.000104548, -0.00678392
 0.000104552, -0.00728643
 0.000104556, -0.00753769
  0.00010456, -0.00753769
 0.000104564, -0.00778894
 0.000104568,  -0.0080402
 0.000104572, -0.00829146
 0.000104576, -0.00829146
  0.00010458, -0.00854271
 0.000104584, -0.00879397
 0.000104588, -0.00904523
 0.000104592, -0.00904523
 0.000104596, -0.00929648
   0.0001046, -0.00954774
 0.000104604, -0.00954774
 0.000104608,   -0.009799
 0.000104612,  -0.0100503
 0.000104616,  -0.0103015
  0.00010462,  -0.0105528
 0.000104624,  -0.0103015
 0.000104628,  -0.0105528
 0.000104632,  -0.0110553
 0.000104636,  -0.0110553
  0.00010464,  -0.0110553
 0.000104644,  -0.0115578
 0.000104648,   -0.011809
 0.000104652,  -0.0115578
 0.000104656,   -0.011809
  0.00010466,  -0.0123116
 0.000104664,  -0.0125628
 0.000104668,  -0.0120603
 0.000104672,  -0.0123116
 0.000104676,  -0.0130653
  0.00010468,  -0.0130653
 0.000104684,  -0.0128141
 0.000104688,  -0.0130653
 0.000104692,  -0.0135678
 0.000104696,  -0.0135678
   0.0001047,  -0.0135678
 0.000104704,  -0.0138191
 0.000104708,  -0.0138191
 0.000104712,  -0.0138191
 0.000104716,  -0.0140704
  0.00010472,  -0.0145729
 0.000104724,  -0.0145729
 0.000104728,  -0.0145729
 0.000104732,  -0.0148241
 0.000104736,  -0.0150754
  0.00010474,  -0.0150754
 0.000104744,  -0.0150754
 0.000104748,  -0.0150754
 0.000104752,  -0.0153266
 0.000104756,  -0.0155779
  0.00010476,  -0.0158291
 0.000104764,  -0.0158291
 0.000104768,  -0.0158291
 0.000104772,  -0.0158291
 0.000104776,  -0.0160804
  0.00010478,  -0.0163317
 0.000104784,  -0.0165829
 0.000104788,  -0.0165829
 0.000104792,  -0.0165829
 0.000104796,  -0.0168342
   0.0001048,  -0.0170854
 0.000104804,  -0.0173367
 0.000104808,  -0.0170854
 0.000104812,  -0.0173367
 0.000104816,  -0.0175879
  0.00010482,  -0.0175879
 0.000104824,  -0.0178392
 0.000104828,  -0.0180905
 0.000104832,  -0.0178392
 0.000104836,  -0.0178392
  0.00010484,  -0.0183417
 0.000104844,   -0.018593
 0.000104848,  -0.0183417
 0.000104852,  -0.0180905
 0.000104856,   -0.018593
  0.00010486,  -0.0188442
 0.000104864,   -0.018593
 0.000104868,  -0.0188442
 0.000104872,  -0.0190955
 0.000104876,  -0.0190955
  0.00010488,  -0.0190955
 0.000104884,  -0.0193467
 0.000104888,   -0.019598
 0.000104892,  -0.0193467
 0.000104896,  -0.0193467
   0.0001049,  -0.0198492
 0.000104904,  -0.0198492
 0.000104908,   -0.019598
 0.000104912,  -0.0198492
 0.000104916,  -0.0201005
  0.00010492,  -0.0201005
 0.000104924,  -0.0201005
 0.000104928,  -0.0203518
 0.000104932,   -0.020603
 0.000104936,  -0.0203518
  0.00010494,  -0.0203518
 0.000104944,  -0.0208543
 0.000104948,  -0.0208543
 0.000104952,  -0.0208543
 0.000104956,  -0.0208543
  0.00010496,  -0.0208543
 0.000104964,  -0.0211055
 0.000104968,  -0.0211055
 0.000104972,  -0.0211055
 0.000104976,  -0.0213568
  0.00010498,  -0.0211055
 0.000104984,  -0.0213568
 0.000104988,   -0.021608
 0.000104992,   -0.021608
 0.000104996,   -0.021608
    0.000105,   -0.021608
 0.000105004,   -0.021608
 0.000105008,  -0.0218593
 0.000105012,  -0.0221106
 0.000105016,  -0.0218593
  0.00010502,  -0.0218593
 0.000105024,  -0.0221106
 0.000105028,  -0.0221106
 0.000105032,  -0.0221106
 0.000105036,  -0.0223618
  0.00010504,  -0.0223618
 0.000105044,  -0.0221106
 0.000105048,  -0.0223618
 0.000105052,  -0.0226131
 0.000105056,  -0.0226131
  0.00010506,  -0.0226131
 0.000105064,  -0.0226131
 0.000105068,  -0.0228643
 0.000105072,  -0.0231156
 0.000105076,  -0.0228643
  0.00010508,  -0.0231156
 0.000105084,  -0.0231156
 0.000105088,  -0.0231156
 0.000105092,  -0.0233668
 0.000105096,  -0.0233668
   0.0001051,  -0.0236181
 0.000105104,  -0.0233668
 0.000105108,  -0.0233668
 0.000105112,  -0.0236181
 0.000105116,  -0.0236181
  0.00010512,  -0.0236181
 0.000105124,  -0.0236181
 0.000105128,  -0.0238693
 0.000105132,  -0.0238693
 0.000105136,  -0.0238693
  0.00010514,  -0.0238693
 0.000105144,  -0.0238693
 0.000105148,  -0.0238693
 0.000105152,  -0.0238693
 0.000105156,  -0.0241206
  0.00010516,  -0.0241206
 0.000105164,  -0.0241206
 0.000105168,  -0.0241206
 0.000105172,  -0.0241206
 0.000105176,  -0.0243719
  0.00010518,  -0.0243719
 0.000105184,  -0.0243719
 0.000105188,  -0.0243719
 0.000105192,  -0.0243719
 0.000105196,  -0.0243719
   0.0001052,  -0.0246231
 0.000105204,  -0.0246231
 0.000105208,  -0.0246231
 0.000105212,  -0.0243719
 0.000105216,  -0.0246231
  0.00010522,  -0.0248744
 0.000105224,  -0.0246231
 0.000105228,  -0.0246231
 0.000105232,  -0.0248744
 0.000105236,  -0.0248744
  0.00010524,  -0.0248744
 0.000105244,  -0.0248744
 0.000105248,  -0.0253769
 0.000105252,  -0.0248744
 0.000105256,  -0.0248744
  0.00010526,  -0.0256281
 0.000105264,  -0.0256281
 0.000105268,  -0.0251256
 0.000105272,  -0.0251256
 0.000105276,  -0.0256281
  0.00010528,  -0.0256281
 0.000105284,  -0.0253769
 0.000105288,  -0.0253769
 0.000105292,  -0.0253769
 0.000105296,  -0.0253769
   0.0001053,  -0.0256281
 0.000105304,  -0.0258794
 0.000105308,  -0.0256281
 0.000105312,  -0.0253769
 0.000105316,  -0.0253769
  0.00010532,  -0.0256281
 0.000105324,  -0.0258794
 0.000105328,  -0.0256281
 0.000105332,  -0.0253769
 0.000105336,  -0.0256281
  0.00010534,  -0.0258794
 0.000105344,  -0.0256281
 0.000105348,  -0.0256281
 0.000105352,  -0.0258794
 0.000105356,  -0.0258794
  0.00010536,  -0.0256281
 0.000105364,  -0.0256281
 0.000105368,  -0.0261307
 0.000105372,  -0.0258794
 0.000105376,  -0.0258794
  0.00010538,  -0.0256281
 0.000105384,  -0.0258794
 0.000105388,  -0.0261307
 0.000105392,  -0.0258794
 0.000105396,  -0.0258794
   0.0001054,  -0.0261307
 0.000105404,  -0.0261307
 0.000105408,  -0.0258794
 0.000105412,  -0.0258794
 0.000105416,  -0.0261307
  0.00010542,  -0.0261307
 0.000105424,  -0.0261307
 0.000105428,  -0.0261307
 0.000105432,  -0.0263819
 0.000105436,  -0.0261307
  0.00010544,  -0.0261307
 0.000105444,  -0.0261307
 0.000105448,  -0.0263819
 0.000105452,  -0.0261307
 0.000105456,  -0.0261307
  0.00010546,  -0.0263819
 0.000105464,  -0.0261307
 0.000105468,  -0.0261307
 0.000105472,  -0.0263819
 0.000105476,  -0.0263819
  0.00010548,  -0.0263819
 0.000105484,  -0.0261307
 0.000105488,  -0.0266332
 0.000105492,  -0.0266332
 0.000105496,  -0.0263819
   0.0001055,  -0.0263819
 0.000105504,  -0.0266332
 0.000105508,  -0.0266332
 0.000105512,  -0.0263819
 0.000105516,  -0.0266332
  0.00010552,  -0.0266332
 0.000105524,  -0.0263819
 0.000105528,  -0.0263819
 0.000105532,  -0.0266332
 0.000105536,  -0.0266332
  0.00010554,  -0.0263819
 0.000105544,  -0.0263819
 0.000105548,  -0.0263819
 0.000105552,  -0.0266332
 0.000105556,  -0.0266332
  0.00010556,  -0.0263819
 0.000105564,  -0.0263819
 0.000105568,  -0.0266332
 0.000105572,  -0.0266332
 0.000105576,  -0.0266332
  0.00010558,  -0.0266332
 0.000105584,  -0.0266332
 0.000105588,  -0.0266332
 0.000105592,  -0.0266332
 0.000105596,  -0.0266332
   0.0001056,  -0.0266332
 0.000105604,  -0.0263819
 0.000105608,  -0.0263819
 0.000105612,  -0.0263819
 0.000105616,  -0.0263819
  0.00010562,  -0.0263819
 0.000105624,  -0.0263819
 0.000105628,  -0.0263819
 0.000105632,  -0.0263819
 0.000105636,  -0.0263819
  0.00010564,  -0.0263819
 0.000105644,  -0.0263819
 0.000105648,  -0.0261307
 0.000105652,  -0.0263819
 0.000105656,  -0.0263819
  0.00010566,  -0.0263819
 0.000105664,  -0.0263819
 0.000105668,  -0.0263819
 0.000105672,  -0.0266332
 0.000105676,  -0.0263819
  0.00010568,  -0.0263819
 0.000105684,  -0.0266332
 0.000105688,  -0.0263819
 0.000105692,  -0.0261307
 0.000105696,  -0.0263819
   0.0001057,  -0.0266332
 0.000105704,  -0.0263819
 0.000105708,  -0.0261307
 0.000105712,  -0.0263819
 0.000105716,  -0.0263819
  0.00010572,  -0.0263819
 0.000105724,  -0.0263819
 0.000105728,  -0.0263819
 0.000105732,  -0.0263819
 0.000105736,  -0.0263819
  0.00010574,  -0.0261307
 0.000105744,  -0.0261307
 0.000105748,  -0.0263819
 0.000105752,  -0.0263819
 0.000105756,  -0.0261307
  0.00010576,  -0.0258794
 0.000105764,  -0.0261307
 0.000105768,  -0.0261307
 0.000105772,  -0.0261307
 0.000105776,  -0.0261307
  0.00010578,  -0.0258794
 0.000105784,  -0.0258794
 0.000105788,  -0.0261307
 0.000105792,  -0.0261307
 0.000105796,  -0.0258794
   0.0001058,  -0.0258794
 0.000105804,  -0.0258794
 0.000105808,  -0.0261307
 0.000105812,  -0.0258794
 0.000105816,  -0.0261307
  0.00010582,  -0.0258794
 0.000105824,  -0.0258794
 0.000105828,  -0.0258794
 0.000105832,  -0.0258794
 0.000105836,  -0.0258794
  0.00010584,  -0.0256281
 0.000105844,  -0.0256281
 0.000105848,  -0.0258794
 0.000105852,  -0.0256281
 0.000105856,  -0.0256281
  0.00010586,  -0.0253769
 0.000105864,  -0.0258794
 0.000105868,  -0.0256281
 0.000105872,  -0.0253769
 0.000105876,  -0.0256281
  0.00010588,  -0.0256281
 0.000105884,  -0.0253769
 0.000105888,  -0.0253769
 0.000105892,  -0.0256281
 0.000105896,  -0.0256281
   0.0001059,  -0.0253769
 0.000105904,  -0.0253769
 0.000105908,  -0.0253769
 0.000105912,  -0.0251256
 0.000105916,  -0.0253769
  0.00010592,  -0.0251256
 0.000105924,  -0.0248744
 0.000105928,  -0.0251256
 0.000105932,  -0.0251256
 0.000105936,  -0.0251256
  0.00010594,  -0.0248744
 0.000105944,  -0.0248744
 0.000105948,  -0.0248744
 0.000105952,  -0.0246231
 0.000105956,  -0.0248744
  0.00010596,  -0.0248744
 0.000105964,  -0.0246231
 0.000105968,  -0.0243719
 0.000105972,  -0.0246231
 0.000105976,  -0.0248744
  0.00010598,  -0.0243719
 0.000105984,  -0.0243719
 0.000105988,  -0.0246231
 0.000105992,  -0.0243719
 0.000105996,  -0.0243719
    0.000106,  -0.0246231
 0.000106004,  -0.0243719
 0.000106008,  -0.0238693
 0.000106012,  -0.0241206
 0.000106016,  -0.0243719
  0.00010602,  -0.0241206
 0.000106024,  -0.0238693
 0.000106028,  -0.0241206
 0.000106032,  -0.0241206
 0.000106036,  -0.0238693
  0.00010604,  -0.0238693
 0.000106044,  -0.0238693
 0.000106048,  -0.0238693
 0.000106052,  -0.0233668
 0.000106056,  -0.0236181
  0.00010606,  -0.0238693
 0.000106064,  -0.0236181
 0.000106068,  -0.0233668
 0.000106072,  -0.0231156
 0.000106076,  -0.0233668
  0.00010608,  -0.0233668
 0.000106084,  -0.0233668
 0.000106088,  -0.0233668
 0.000106092,  -0.0231156
 0.000106096,  -0.0231156
   0.0001061,  -0.0231156
 0.000106104,  -0.0231156
 0.000106108,  -0.0228643
 0.000106112,  -0.0228643
 0.000106116,  -0.0226131
  0.00010612,  -0.0228643
 0.000106124,  -0.0228643
 0.000106128,  -0.0226131
 0.000106132,  -0.0223618
 0.000106136,  -0.0223618
  0.00010614,  -0.0223618
 0.000106144,  -0.0221106
 0.000106148,  -0.0223618
 0.000106152,  -0.0223618
 0.000106156,  -0.0221106
  0.00010616,  -0.0221106
 0.000106164,  -0.0221106
 0.000106168,  -0.0221106
 0.000106172,   -0.021608
 0.000106176,   -0.021608
  0.00010618,  -0.0218593
 0.000106184,  -0.0218593
 0.000106188,   -0.021608
 0.000106192,  -0.0213568
 0.000106196,  -0.0213568
   0.0001062,  -0.0213568
 0.000106204,  -0.0211055
 0.000106208,  -0.0211055
 0.000106212,  -0.0213568
 0.000106216,  -0.0211055
  0.00010622,  -0.0208543
 0.000106224,  -0.0208543
 0.000106228,  -0.0211055
 0.000106232,  -0.0208543
 0.000106236,   -0.020603
  0.00010624,   -0.020603
 0.000106244,   -0.020603
 0.000106248,  -0.0203518
 0.000106252,  -0.0203518
 0.000106256,  -0.0203518
  0.00010626,   -0.020603
 0.000106264,  -0.0203518
 0.000106268,  -0.0203518
 0.000106272,  -0.0203518
 0.000106276,  -0.0201005
  0.00010628,  -0.0201005
 0.000106284,  -0.0198492
 0.000106288,  -0.0198492
 0.000106292,  -0.0198492
 0.000106296,  -0.0193467
   0.0001063,  -0.0193467
 0.000106304,   -0.019598
 0.000106308,  -0.0193467
 0.000106312,  -0.0190955
 0.000106316,  -0.0193467
  0.00010632,  -0.0193467
 0.000106324,  -0.0188442
 0.000106328,  -0.0188442
 0.000106332,  -0.0190955
 0.000106336,  -0.0188442
  0.00010634,   -0.018593
 0.000106344,  -0.0188442
 0.000106348,  -0.0188442
 0.000106352,  -0.0183417
 0.000106356,  -0.0183417
  0.00010636,   -0.018593
 0.000106364,  -0.0183417
 0.000106368,  -0.0180905
 0.000106372,  -0.0180905
 0.000106376,  -0.0183417
  0.00010638,  -0.0180905
 0.000106384,  -0.0178392
 0.000106388,  -0.0178392
 0.000106392,  -0.0178392
 0.000106396,  -0.0178392
   0.0001064,  -0.0175879
 0.000106404,  -0.0175879
 0.000106408,  -0.0175879
 0.000106412,  -0.0173367
 0.000106416,  -0.0173367
  0.00010642,  -0.0173367
 0.000106424,  -0.0170854
 0.000106428,  -0.0170854
 0.000106432,  -0.0170854
 0.000106436,  -0.0168342
  0.00010644,  -0.0168342
 0.000106444,  -0.0168342
 0.000106448,  -0.0165829
 0.000106452,  -0.0165829
 0.000106456,  -0.0165829
  0.00010646,  -0.0165829
 0.000106464,  -0.0163317
 0.000106468,  -0.0163317
 0.000106472,  -0.0163317
 0.000106476,  -0.0163317
  0.00010648,  -0.0160804
 0.000106484,  -0.0160804
 0.000106488,  -0.0160804
 0.000106492,  -0.0158291
 0.000106496,  -0.0158291
   0.0001065,  -0.0155779
 0.000106504,  -0.0158291
 0.000106508,  -0.0155779
 0.000106512,  -0.0153266
 0.000106516,  -0.0153266
  0.00010652,  -0.0153266
 0.000106524,  -0.0153266
 0.000106528,  -0.0153266
 0.000106532,  -0.0150754
 0.000106536,  -0.0148241
  0.00010654,  -0.0148241
 0.000106544,  -0.0148241
 0.000106548,  -0.0148241
 0.000106552,  -0.0148241
 0.000106556,  -0.0145729
  0.00010656,  -0.0145729
 0.000106564,  -0.0145729
 0.000106568,  -0.0145729
 0.000106572,  -0.0143216
 0.000106576,  -0.0143216
  0.00010658,  -0.0140704
 0.000106584,  -0.0140704
 0.000106588,  -0.0140704
 0.000106592,  -0.0140704
 0.000106596,  -0.0138191
   0.0001066,  -0.0138191
 0.000106604,  -0.0138191
 0.000106608,  -0.0138191
 0.000106612,  -0.0135678
 0.000106616,  -0.0133166
  0.00010662,  -0.0133166
 0.000106624,  -0.0135678
 0.000106628,  -0.0135678
 0.000106632,  -0.0133166
 0.000106636,  -0.0130653
  0.00010664,  -0.0130653
 0.000106644,  -0.0130653
 0.000106648,  -0.0128141
 0.000106652,  -0.0128141
 0.000106656,  -0.0128141
  0.00010666,  -0.0128141
 0.000106664,  -0.0125628
 0.000106668,  -0.0128141
 0.000106672,  -0.0125628
 0.000106676,  -0.0123116
  0.00010668,  -0.0123116
 0.000106684,  -0.0125628
 0.000106688,  -0.0123116
 0.000106692,  -0.0123116
 0.000106696,  -0.0123116
   0.0001067,  -0.0120603
 0.000106704,   -0.011809
 0.000106708,  -0.0120603
 0.000106712,  -0.0120603
 0.000106716,   -0.011809
  0.00010672,   -0.011809
 0.000106724,   -0.011809
 0.000106728,  -0.0115578
 0.000106732,  -0.0115578
 0.000106736,   -0.011809
  0.00010674,   -0.011809
 0.000106744,  -0.0113065
 0.000106748,  -0.0113065
 0.000106752,  -0.0115578
 0.000106756,  -0.0115578
  0.00010676,  -0.0110553
 0.000106764,  -0.0110553
 0.000106768,  -0.0113065
 0.000106772,  -0.0113065
 0.000106776,  -0.0110553
  0.00010678,   -0.010804
 0.000106784,   -0.010804
 0.000106788,   -0.010804
 0.000106792,   -0.010804
 0.000106796,   -0.010804
   0.0001068,  -0.0105528
 0.000106804,  -0.0103015
 0.000106808,  -0.0103015
 0.000106812,  -0.0105528
 0.000106816,  -0.0105528
  0.00010682,  -0.0100503
 0.000106824,  -0.0103015
 0.000106828,  -0.0103015
 0.000106832,  -0.0100503
 0.000106836,   -0.009799
  0.00010684,  -0.0100503
 0.000106844,   -0.009799
 0.000106848,   -0.009799
 0.000106852, -0.00954774
 0.000106856,   -0.009799
  0.00010686,   -0.009799
 0.000106864, -0.00954774
 0.000106868, -0.00954774
 0.000106872, -0.00954774
 0.000106876,   -0.009799
  0.00010688, -0.00954774
 0.000106884, -0.00929648
 0.000106888, -0.00929648
 0.000106892, -0.00929648
 0.000106896, -0.00929648
   0.0001069, -0.00929648
 0.000106904, -0.00929648
 0.000106908, -0.00904523
 0.000106912, -0.00879397
 0.000106916, -0.00904523
  0.00010692, -0.00929648
 0.000106924, -0.00904523
 0.000106928, -0.00879397
 0.000106932, -0.00879397
 0.000106936, -0.00904523
  0.00010694, -0.00879397
 0.000106944, -0.00879397
 0.000106948, -0.00879397
 0.000106952, -0.00854271
 0.000106956, -0.00854271
  0.00010696, -0.00854271
 0.000106964, -0.00879397
 0.000106968, -0.00854271
 0.000106972, -0.00829146
 0.000106976, -0.00829146
  0.00010698, -0.00829146
 0.000106984, -0.00829146
 0.000106988, -0.00829146
 0.000106992,  -0.0080402
 0.000106996,  -0.0080402
