    0.000122,   0.0979899
 0.000122004,   0.0983668
 0.000122008,   0.0983668
 0.000122012,   0.0987437
 0.000122016,   0.0983668
  0.00012202,   0.0987437
 0.000122024,   0.0987437
 0.000122028,   0.0987437
 0.000122032,   0.0987437
 0.000122036,   0.0987437
  0.00012204,   0.0991206
 0.000122044,   0.0991206
 0.000122048,   0.0991206
 0.000122052,   0.0994975
 0.000122056,   0.0991206
  0.00012206,   0.0991206
 0.000122064,   0.0991206
 0.000122068,   0.0994975
 0.000122072,   0.0994975
 0.000122076,   0.0991206
  0.00012208,   0.0994975
 0.000122084,   0.0994975
 0.000122088,   0.0994975
 0.000122092,   0.0994975
 0.000122096,   0.0991206
   0.0001221,   0.0994975
 0.000122104,   0.0994975
 0.000122108,   0.0994975
 0.000122112,   0.0998744
 0.000122116,   0.0998744
  0.00012212,   0.0998744
 0.000122124,   0.0994975
 0.000122128,   0.0998744
 0.000122132,   0.0998744
 0.000122136,   0.0998744
  0.00012214,   0.0998744
 0.000122144,   0.0998744
 0.000122148,    0.100251
 0.000122152,    0.100251
 0.000122156,    0.100251
  0.00012216,    0.100251
 0.000122164,    0.100251
 0.000122168,   0.0998744
 0.000122172,    0.100251
 0.000122176,    0.100251
  0.00012218,    0.100251
 0.000122184,    0.100251
 0.000122188,    0.100628
 0.000122192,    0.100628
 0.000122196,    0.100251
   0.0001222,    0.100251
 0.000122204,    0.100251
 0.000122208,    0.100251
 0.000122212,    0.100251
 0.000122216,    0.100628
  0.00012222,    0.100251
 0.000122224,    0.100251
 0.000122228,    0.100251
 0.000122232,    0.100628
 0.000122236,    0.100628
  0.00012224,    0.100628
 0.000122244,    0.100628
 0.000122248,    0.100628
 0.000122252,    0.100628
 0.000122256,    0.100628
  0.00012226,    0.100628
 0.000122264,    0.100628
 0.000122268,    0.100628
 0.000122272,    0.101005
 0.000122276,    0.101005
  0.00012228,    0.101005
 0.000122284,    0.101005
 0.000122288,    0.101005
 0.000122292,    0.101005
 0.000122296,    0.101382
   0.0001223,    0.101005
 0.000122304,    0.101005
 0.000122308,    0.101005
 0.000122312,    0.101005
 0.000122316,    0.101005
  0.00012232,    0.101005
 0.000122324,    0.101382
 0.000122328,    0.101005
 0.000122332,    0.101382
 0.000122336,    0.101382
  0.00012234,    0.101382
 0.000122344,    0.101382
 0.000122348,    0.101382
 0.000122352,    0.101382
 0.000122356,    0.101382
  0.00012236,    0.101382
 0.000122364,    0.101382
 0.000122368,    0.101382
 0.000122372,    0.101382
 0.000122376,    0.101759
  0.00012238,    0.101759
 0.000122384,    0.101759
 0.000122388,    0.101382
 0.000122392,    0.101759
 0.000122396,    0.101759
   0.0001224,    0.101759
 0.000122404,    0.101759
 0.000122408,    0.101759
 0.000122412,    0.101759
 0.000122416,    0.101759
  0.00012242,    0.101759
 0.000122424,    0.102136
 0.000122428,    0.101759
 0.000122432,    0.102136
 0.000122436,    0.102136
  0.00012244,    0.102136
 0.000122444,    0.102136
 0.000122448,    0.102136
 0.000122452,    0.102513
 0.000122456,    0.102513
  0.00012246,    0.102136
 0.000122464,    0.102513
 0.000122468,    0.102513
 0.000122472,    0.102513
 0.000122476,    0.102513
  0.00012248,    0.102513
 0.000122484,    0.102889
 0.000122488,    0.102513
 0.000122492,    0.102513
 0.000122496,    0.102889
   0.0001225,    0.102889
 0.000122504,    0.103266
 0.000122508,    0.103266
 0.000122512,    0.103266
 0.000122516,    0.103266
  0.00012252,    0.102889
 0.000122524,    0.103266
 0.000122528,    0.103266
 0.000122532,    0.103266
 0.000122536,    0.103266
  0.00012254,    0.103266
 0.000122544,    0.103643
 0.000122548,    0.103266
 0.000122552,    0.103643
 0.000122556,    0.103643
  0.00012256,    0.103643
 0.000122564,    0.103643
 0.000122568,     0.10402
 0.000122572,     0.10402
 0.000122576,    0.103643
  0.00012258,     0.10402
 0.000122584,     0.10402
 0.000122588,    0.104397
 0.000122592,     0.10402
 0.000122596,    0.104397
   0.0001226,    0.104397
 0.000122604,    0.104397
 0.000122608,    0.104397
 0.000122612,    0.104397
 0.000122616,    0.104774
  0.00012262,    0.104774
 0.000122624,    0.104774
 0.000122628,    0.104774
 0.000122632,    0.104774
 0.000122636,    0.104774
  0.00012264,    0.105151
 0.000122644,    0.105151
 0.000122648,    0.105528
 0.000122652,    0.105151
 0.000122656,    0.105151
  0.00012266,    0.105528
 0.000122664,    0.105528
 0.000122668,    0.105528
 0.000122672,    0.105528
 0.000122676,    0.105528
  0.00012268,    0.105905
 0.000122684,    0.105905
 0.000122688,    0.105905
 0.000122692,    0.105905
 0.000122696,    0.105905
   0.0001227,    0.105905
 0.000122704,    0.105905
 0.000122708,    0.106281
 0.000122712,    0.105905
 0.000122716,    0.105905
  0.00012272,    0.106281
 0.000122724,    0.106658
 0.000122728,    0.106658
 0.000122732,    0.106281
 0.000122736,    0.106658
  0.00012274,    0.107035
 0.000122744,    0.106658
 0.000122748,    0.107035
 0.000122752,    0.106658
 0.000122756,    0.107035
  0.00012276,    0.107035
 0.000122764,    0.106658
 0.000122768,    0.107035
 0.000122772,    0.107035
 0.000122776,    0.107035
  0.00012278,    0.107035
 0.000122784,    0.107035
 0.000122788,    0.107412
 0.000122792,    0.107035
 0.000122796,    0.107035
   0.0001228,    0.107412
 0.000122804,    0.107412
 0.000122808,    0.107412
 0.000122812,    0.107412
 0.000122816,    0.107412
  0.00012282,    0.107412
 0.000122824,    0.107412
 0.000122828,    0.107789
 0.000122832,    0.107789
 0.000122836,    0.107789
  0.00012284,    0.107789
 0.000122844,    0.107789
 0.000122848,    0.108166
 0.000122852,    0.107789
 0.000122856,    0.107789
  0.00012286,    0.107789
 0.000122864,    0.107789
 0.000122868,    0.107789
 0.000122872,    0.107789
 0.000122876,    0.108166
  0.00012288,    0.107789
 0.000122884,    0.107789
 0.000122888,    0.108166
 0.000122892,    0.107789
 0.000122896,    0.107789
   0.0001229,    0.107789
 0.000122904,    0.108166
 0.000122908,    0.108166
 0.000122912,    0.107789
 0.000122916,    0.108166
  0.00012292,    0.107789
 0.000122924,    0.108166
 0.000122928,    0.107789
 0.000122932,    0.107789
 0.000122936,    0.107789
  0.00012294,    0.108166
 0.000122944,    0.107789
 0.000122948,    0.107789
 0.000122952,    0.108166
 0.000122956,    0.108166
  0.00012296,    0.108166
 0.000122964,    0.107789
 0.000122968,    0.107789
 0.000122972,    0.108166
 0.000122976,    0.108166
  0.00012298,    0.108166
 0.000122984,    0.107789
 0.000122988,    0.107789
 0.000122992,    0.107789
 0.000122996,    0.107789
    0.000123,    0.107789
 0.000123004,    0.107789
 0.000123008,    0.107789
 0.000123012,    0.107789
 0.000123016,    0.107412
  0.00012302,    0.107789
 0.000123024,    0.107412
 0.000123028,    0.107412
 0.000123032,    0.107412
 0.000123036,    0.107412
  0.00012304,    0.107412
 0.000123044,    0.107035
 0.000123048,    0.107412
 0.000123052,    0.107412
 0.000123056,    0.107035
  0.00012306,    0.107035
 0.000123064,    0.107035
 0.000123068,    0.106658
 0.000123072,    0.106658
 0.000123076,    0.106658
  0.00012308,    0.107035
 0.000123084,    0.106658
 0.000123088,    0.106658
 0.000123092,    0.106658
 0.000123096,    0.106658
   0.0001231,    0.106281
 0.000123104,    0.106281
 0.000123108,    0.106658
 0.000123112,    0.106281
 0.000123116,    0.105905
  0.00012312,    0.106281
 0.000123124,    0.105905
 0.000123128,    0.105905
 0.000123132,    0.105905
 0.000123136,    0.105905
  0.00012314,    0.105905
 0.000123144,    0.105528
 0.000123148,    0.105528
 0.000123152,    0.105528
 0.000123156,    0.105151
  0.00012316,    0.105151
 0.000123164,    0.104774
 0.000123168,    0.104774
 0.000123172,    0.104774
 0.000123176,    0.104397
  0.00012318,    0.104774
 0.000123184,    0.104774
 0.000123188,    0.104397
 0.000123192,    0.104397
 0.000123196,     0.10402
   0.0001232,     0.10402
 0.000123204,    0.103643
 0.000123208,    0.103643
 0.000123212,     0.10402
 0.000123216,    0.103266
  0.00012322,    0.103266
 0.000123224,    0.103266
 0.000123228,    0.103266
 0.000123232,    0.103266
 0.000123236,    0.102889
  0.00012324,    0.102889
 0.000123244,    0.102889
 0.000123248,    0.102513
 0.000123252,    0.102513
 0.000123256,    0.102136
  0.00012326,    0.102136
 0.000123264,    0.102136
 0.000123268,    0.101759
 0.000123272,    0.101759
 0.000123276,    0.101759
  0.00012328,    0.101382
 0.000123284,    0.101382
 0.000123288,    0.101005
 0.000123292,    0.101005
 0.000123296,    0.100628
   0.0001233,    0.100628
 0.000123304,    0.100251
 0.000123308,    0.100251
 0.000123312,    0.100251
 0.000123316,   0.0998744
  0.00012332,   0.0998744
 0.000123324,   0.0998744
 0.000123328,   0.0994975
 0.000123332,   0.0991206
 0.000123336,   0.0991206
  0.00012334,   0.0991206
 0.000123344,   0.0987437
 0.000123348,   0.0987437
 0.000123352,   0.0983668
 0.000123356,   0.0983668
  0.00012336,   0.0979899
 0.000123364,   0.0979899
 0.000123368,   0.0979899
 0.000123372,   0.0976131
 0.000123376,   0.0972362
  0.00012338,   0.0972362
 0.000123384,   0.0972362
 0.000123388,   0.0964824
 0.000123392,   0.0964824
 0.000123396,   0.0964824
   0.0001234,   0.0961055
 0.000123404,   0.0961055
 0.000123408,   0.0957286
 0.000123412,   0.0957286
 0.000123416,   0.0953518
  0.00012342,   0.0953518
 0.000123424,   0.0953518
 0.000123428,   0.0949749
 0.000123432,    0.094598
 0.000123436,    0.094598
  0.00012344,   0.0942211
 0.000123444,   0.0942211
 0.000123448,   0.0938442
 0.000123452,   0.0934673
 0.000123456,   0.0934673
  0.00012346,   0.0930905
 0.000123464,   0.0930905
 0.000123468,   0.0927136
 0.000123472,   0.0923367
 0.000123476,   0.0923367
  0.00012348,   0.0919598
 0.000123484,   0.0919598
 0.000123488,   0.0915829
 0.000123492,   0.0915829
 0.000123496,    0.091206
   0.0001235,   0.0908291
 0.000123504,   0.0908291
 0.000123508,   0.0908291
 0.000123512,   0.0904523
 0.000123516,   0.0900754
  0.00012352,   0.0896985
 0.000123524,   0.0896985
 0.000123528,   0.0893216
 0.000123532,   0.0889447
 0.000123536,   0.0889447
  0.00012354,   0.0885678
 0.000123544,   0.0885678
 0.000123548,    0.088191
 0.000123552,    0.088191
 0.000123556,   0.0874372
  0.00012356,   0.0874372
 0.000123564,   0.0870603
 0.000123568,   0.0870603
 0.000123572,   0.0866834
 0.000123576,   0.0863065
  0.00012358,   0.0859296
 0.000123584,   0.0859296
 0.000123588,   0.0855528
 0.000123592,   0.0855528
 0.000123596,   0.0855528
   0.0001236,    0.084799
 0.000123604,    0.084799
 0.000123608,   0.0844221
 0.000123612,   0.0844221
 0.000123616,   0.0840452
  0.00012362,   0.0836683
 0.000123624,   0.0832915
 0.000123628,   0.0832915
 0.000123632,   0.0829146
 0.000123636,   0.0829146
  0.00012364,   0.0825377
 0.000123644,   0.0821608
 0.000123648,   0.0821608
 0.000123652,   0.0817839
 0.000123656,    0.081407
  0.00012366,   0.0810302
 0.000123664,   0.0806533
 0.000123668,   0.0802764
 0.000123672,   0.0802764
 0.000123676,   0.0802764
  0.00012368,   0.0795226
 0.000123684,   0.0795226
 0.000123688,   0.0791457
 0.000123692,   0.0791457
 0.000123696,   0.0787688
   0.0001237,    0.078392
 0.000123704,   0.0780151
 0.000123708,   0.0780151
 0.000123712,   0.0776382
 0.000123716,   0.0776382
  0.00012372,   0.0772613
 0.000123724,   0.0768844
 0.000123728,   0.0765075
 0.000123732,   0.0761307
 0.000123736,   0.0765075
  0.00012374,   0.0757538
 0.000123744,   0.0753769
 0.000123748,   0.0753769
 0.000123752,       0.075
 0.000123756,   0.0746231
  0.00012376,   0.0742462
 0.000123764,   0.0738693
 0.000123768,   0.0738693
 0.000123772,   0.0734925
 0.000123776,   0.0734925
  0.00012378,   0.0731156
 0.000123784,   0.0727387
 0.000123788,   0.0723618
 0.000123792,   0.0723618
 0.000123796,   0.0719849
   0.0001238,    0.071608
 0.000123804,   0.0712312
 0.000123808,   0.0712312
 0.000123812,   0.0708543
 0.000123816,   0.0708543
  0.00012382,   0.0704774
 0.000123824,   0.0701005
 0.000123828,   0.0701005
 0.000123832,   0.0693467
 0.000123836,   0.0693467
  0.00012384,   0.0689698
 0.000123844,    0.068593
 0.000123848,    0.068593
 0.000123852,   0.0682161
 0.000123856,   0.0682161
  0.00012386,   0.0678392
 0.000123864,   0.0674623
 0.000123868,   0.0670854
 0.000123872,   0.0667085
 0.000123876,   0.0667085
  0.00012388,   0.0663317
 0.000123884,   0.0659548
 0.000123888,   0.0663317
 0.000123892,   0.0655779
 0.000123896,    0.065201
   0.0001239,    0.065201
 0.000123904,   0.0648241
 0.000123908,   0.0648241
 0.000123912,   0.0640704
 0.000123916,   0.0640704
  0.00012392,   0.0640704
 0.000123924,   0.0636935
 0.000123928,   0.0633166
 0.000123932,   0.0629397
 0.000123936,   0.0629397
  0.00012394,   0.0625628
 0.000123944,   0.0621859
 0.000123948,   0.0621859
 0.000123952,    0.061809
 0.000123956,   0.0614322
  0.00012396,   0.0610553
 0.000123964,   0.0610553
 0.000123968,   0.0610553
 0.000123972,   0.0606784
 0.000123976,   0.0603015
  0.00012398,   0.0603015
 0.000123984,   0.0599246
 0.000123988,   0.0595477
 0.000123992,   0.0595477
 0.000123996,   0.0591709
    0.000124,    0.058794
 0.000124004,    0.058794
 0.000124008,    0.058794
 0.000124012,   0.0584171
 0.000124016,   0.0580402
  0.00012402,   0.0580402
 0.000124024,   0.0580402
 0.000124028,   0.0576633
 0.000124032,   0.0569095
 0.000124036,   0.0569095
  0.00012404,   0.0569095
 0.000124044,   0.0565327
 0.000124048,   0.0561558
 0.000124052,   0.0561558
 0.000124056,   0.0557789
  0.00012406,    0.055402
 0.000124064,    0.055402
 0.000124068,    0.055402
 0.000124072,   0.0550251
 0.000124076,   0.0546482
  0.00012408,   0.0546482
 0.000124084,   0.0546482
 0.000124088,   0.0542714
 0.000124092,   0.0538945
 0.000124096,   0.0535176
   0.0001241,   0.0538945
 0.000124104,   0.0535176
 0.000124108,   0.0535176
 0.000124112,   0.0531407
 0.000124116,   0.0527638
  0.00012412,   0.0527638
 0.000124124,   0.0527638
 0.000124128,   0.0523869
 0.000124132,   0.0527638
 0.000124136,     0.05201
  0.00012414,     0.05201
 0.000124144,   0.0516332
 0.000124148,   0.0516332
 0.000124152,   0.0516332
 0.000124156,   0.0512563
  0.00012416,   0.0512563
 0.000124164,   0.0512563
 0.000124168,   0.0508794
 0.000124172,   0.0508794
 0.000124176,   0.0508794
  0.00012418,   0.0508794
 0.000124184,   0.0505025
 0.000124188,   0.0501256
 0.000124192,   0.0501256
 0.000124196,   0.0497487
   0.0001242,   0.0497487
 0.000124204,   0.0497487
 0.000124208,   0.0493719
 0.000124212,   0.0497487
 0.000124216,   0.0493719
  0.00012422,   0.0493719
 0.000124224,    0.048995
 0.000124228,    0.048995
 0.000124232,    0.048995
 0.000124236,   0.0486181
  0.00012424,   0.0486181
 0.000124244,   0.0486181
 0.000124248,   0.0486181
 0.000124252,   0.0482412
 0.000124256,   0.0482412
  0.00012426,   0.0486181
 0.000124264,   0.0478643
 0.000124268,   0.0478643
 0.000124272,   0.0482412
 0.000124276,   0.0482412
  0.00012428,   0.0478643
 0.000124284,   0.0474874
 0.000124288,   0.0478643
 0.000124292,   0.0478643
 0.000124296,   0.0474874
   0.0001243,   0.0474874
 0.000124304,   0.0474874
 0.000124308,   0.0474874
 0.000124312,   0.0474874
 0.000124316,   0.0474874
  0.00012432,   0.0474874
 0.000124324,   0.0474874
 0.000124328,   0.0471106
 0.000124332,   0.0474874
 0.000124336,   0.0471106
  0.00012434,   0.0471106
 0.000124344,   0.0471106
 0.000124348,   0.0471106
 0.000124352,   0.0471106
 0.000124356,   0.0471106
  0.00012436,   0.0471106
 0.000124364,   0.0474874
 0.000124368,   0.0474874
 0.000124372,   0.0474874
 0.000124376,   0.0474874
  0.00012438,   0.0471106
 0.000124384,   0.0474874
 0.000124388,   0.0471106
 0.000124392,   0.0471106
 0.000124396,   0.0474874
   0.0001244,   0.0474874
 0.000124404,   0.0474874
 0.000124408,   0.0474874
 0.000124412,   0.0478643
 0.000124416,   0.0478643
  0.00012442,   0.0478643
 0.000124424,   0.0478643
 0.000124428,   0.0478643
 0.000124432,   0.0478643
 0.000124436,   0.0478643
  0.00012444,   0.0482412
 0.000124444,   0.0482412
 0.000124448,   0.0482412
 0.000124452,   0.0482412
 0.000124456,   0.0486181
  0.00012446,   0.0482412
 0.000124464,   0.0482412
 0.000124468,   0.0482412
 0.000124472,   0.0486181
 0.000124476,    0.048995
  0.00012448,   0.0486181
 0.000124484,    0.048995
 0.000124488,    0.048995
 0.000124492,   0.0493719
 0.000124496,    0.048995
   0.0001245,   0.0493719
 0.000124504,   0.0497487
 0.000124508,   0.0497487
 0.000124512,   0.0497487
 0.000124516,   0.0497487
  0.00012452,   0.0497487
 0.000124524,   0.0501256
 0.000124528,   0.0501256
 0.000124532,   0.0505025
 0.000124536,   0.0505025
  0.00012454,   0.0505025
 0.000124544,   0.0508794
 0.000124548,   0.0508794
 0.000124552,   0.0512563
 0.000124556,   0.0512563
  0.00012456,   0.0512563
 0.000124564,   0.0516332
 0.000124568,   0.0516332
 0.000124572,   0.0516332
 0.000124576,     0.05201
  0.00012458,     0.05201
 0.000124584,   0.0523869
 0.000124588,     0.05201
 0.000124592,   0.0523869
 0.000124596,   0.0523869
   0.0001246,   0.0523869
 0.000124604,   0.0527638
 0.000124608,   0.0531407
 0.000124612,   0.0531407
 0.000124616,   0.0531407
  0.00012462,   0.0535176
 0.000124624,   0.0538945
 0.000124628,   0.0538945
 0.000124632,   0.0538945
 0.000124636,   0.0538945
  0.00012464,   0.0542714
 0.000124644,   0.0542714
 0.000124648,   0.0542714
 0.000124652,   0.0546482
 0.000124656,   0.0546482
  0.00012466,   0.0546482
 0.000124664,   0.0550251
 0.000124668,   0.0550251
 0.000124672,   0.0550251
 0.000124676,   0.0550251
  0.00012468,    0.055402
 0.000124684,    0.055402
 0.000124688,    0.055402
 0.000124692,    0.055402
 0.000124696,    0.055402
   0.0001247,   0.0557789
 0.000124704,   0.0557789
 0.000124708,   0.0557789
 0.000124712,   0.0557789
 0.000124716,   0.0557789
  0.00012472,   0.0557789
 0.000124724,   0.0561558
 0.000124728,   0.0561558
 0.000124732,   0.0561558
 0.000124736,   0.0557789
  0.00012474,   0.0557789
 0.000124744,   0.0561558
 0.000124748,   0.0561558
 0.000124752,   0.0561558
 0.000124756,   0.0561558
  0.00012476,   0.0561558
 0.000124764,   0.0561558
 0.000124768,   0.0561558
 0.000124772,   0.0557789
 0.000124776,   0.0557789
  0.00012478,   0.0557789
 0.000124784,   0.0557789
 0.000124788,    0.055402
 0.000124792,    0.055402
 0.000124796,    0.055402
   0.0001248,   0.0550251
 0.000124804,    0.055402
 0.000124808,   0.0550251
 0.000124812,   0.0546482
 0.000124816,   0.0546482
  0.00012482,   0.0542714
 0.000124824,   0.0538945
 0.000124828,   0.0538945
 0.000124832,   0.0535176
 0.000124836,   0.0535176
  0.00012484,   0.0531407
 0.000124844,   0.0527638
 0.000124848,   0.0527638
 0.000124852,   0.0523869
 0.000124856,     0.05201
  0.00012486,   0.0516332
 0.000124864,   0.0508794
 0.000124868,   0.0508794
 0.000124872,   0.0505025
 0.000124876,   0.0497487
  0.00012488,   0.0493719
 0.000124884,    0.048995
 0.000124888,   0.0486181
 0.000124892,   0.0482412
 0.000124896,   0.0474874
   0.0001249,   0.0471106
 0.000124904,   0.0467337
 0.000124908,   0.0459799
 0.000124912,    0.045603
 0.000124916,   0.0448492
  0.00012492,   0.0440955
 0.000124924,   0.0433417
 0.000124928,   0.0425879
 0.000124932,   0.0422111
 0.000124936,   0.0414573
  0.00012494,   0.0407035
 0.000124944,   0.0399497
 0.000124948,   0.0388191
 0.000124952,   0.0380653
 0.000124956,   0.0373116
  0.00012496,   0.0361809
 0.000124964,   0.0354271
 0.000124968,   0.0346734
 0.000124972,   0.0335427
 0.000124976,   0.0327889
  0.00012498,   0.0312814
 0.000124984,   0.0305276
 0.000124988,   0.0297739
 0.000124992,   0.0282663
 0.000124996,   0.0275126
    0.000125,    0.026005
 0.000125004,   0.0248744
 0.000125008,   0.0241206
 0.000125012,   0.0226131
 0.000125016,   0.0218593
  0.00012502,   0.0203518
 0.000125024,   0.0188442
 0.000125028,   0.0177136
 0.000125032,   0.0165829
 0.000125036,   0.0150754
  0.00012504,   0.0135678
 0.000125044,   0.0120603
 0.000125048,   0.0109296
 0.000125052,  0.00942211
 0.000125056,  0.00753769
  0.00012506,  0.00603015
 0.000125064,  0.00452261
 0.000125068,  0.00301508
 0.000125072,  0.00150754
 0.000125076,           0
  0.00012508, -0.00188442
 0.000125084, -0.00376884
 0.000125088, -0.00527638
 0.000125092,  -0.0071608
 0.000125096, -0.00904523
   0.0001251,  -0.0109296
 0.000125104,  -0.0128141
 0.000125108,  -0.0146985
 0.000125112,  -0.0165829
 0.000125116,  -0.0184673
  0.00012512,  -0.0203518
 0.000125124,  -0.0226131
 0.000125128,  -0.0244975
 0.000125132,  -0.0267588
 0.000125136,  -0.0290201
  0.00012514,  -0.0309045
 0.000125144,  -0.0331658
 0.000125148,  -0.0354271
 0.000125152,  -0.0380653
 0.000125156,  -0.0399497
  0.00012516,  -0.0422111
 0.000125164,  -0.0452261
 0.000125168,  -0.0474874
 0.000125172,  -0.0497487
 0.000125176,    -0.05201
  0.00012518,  -0.0546482
 0.000125184,  -0.0572864
 0.000125188,  -0.0595477
 0.000125192,  -0.0621859
 0.000125196,  -0.0648241
   0.0001252,  -0.0674623
 0.000125204,  -0.0701005
 0.000125208,  -0.0727387
 0.000125212,  -0.0753769
 0.000125216,  -0.0780151
  0.00012522,  -0.0806533
 0.000125224,  -0.0840452
 0.000125228,  -0.0866834
 0.000125232,  -0.0896985
 0.000125236,  -0.0927136
  0.00012524,  -0.0953518
 0.000125244,  -0.0983668
 0.000125248,   -0.101382
 0.000125252,   -0.104397
 0.000125256,   -0.107412
  0.00012526,   -0.110427
 0.000125264,   -0.113442
 0.000125268,   -0.116457
 0.000125272,   -0.119472
 0.000125276,   -0.122864
  0.00012528,   -0.125503
 0.000125284,   -0.128894
 0.000125288,   -0.132286
 0.000125292,   -0.135302
 0.000125296,   -0.138693
   0.0001253,   -0.141709
 0.000125304,   -0.145101
 0.000125308,   -0.148116
 0.000125312,   -0.151508
 0.000125316,   -0.155276
  0.00012532,   -0.158291
 0.000125324,   -0.161307
 0.000125328,   -0.164698
 0.000125332,    -0.16809
 0.000125336,   -0.171482
  0.00012534,   -0.174497
 0.000125344,   -0.177889
 0.000125348,   -0.181281
 0.000125352,   -0.184673
 0.000125356,   -0.188442
  0.00012536,   -0.191457
 0.000125364,   -0.194849
 0.000125368,   -0.198241
 0.000125372,   -0.201633
 0.000125376,   -0.205025
  0.00012538,    -0.20804
 0.000125384,   -0.211809
 0.000125388,   -0.214824
 0.000125392,   -0.218216
 0.000125396,   -0.221608
   0.0001254,      -0.225
 0.000125404,   -0.228015
 0.000125408,   -0.231407
 0.000125412,   -0.235176
 0.000125416,   -0.238191
  0.00012542,   -0.241583
 0.000125424,   -0.244975
 0.000125428,    -0.24799
 0.000125432,   -0.251382
 0.000125436,   -0.254774
  0.00012544,   -0.257789
 0.000125444,   -0.261181
 0.000125448,   -0.264196
 0.000125452,   -0.267211
 0.000125456,   -0.270603
  0.00012546,   -0.273995
 0.000125464,    -0.27701
 0.000125468,   -0.280025
 0.000125472,    -0.28304
 0.000125476,   -0.286055
  0.00012548,    -0.28907
 0.000125484,   -0.292085
 0.000125488,   -0.295101
 0.000125492,   -0.298116
 0.000125496,   -0.301131
   0.0001255,   -0.304146
 0.000125504,   -0.306784
 0.000125508,   -0.309799
 0.000125512,   -0.312437
 0.000125516,   -0.315452
  0.00012552,    -0.31809
 0.000125524,   -0.320729
 0.000125528,   -0.323744
 0.000125532,   -0.326005
 0.000125536,   -0.328643
  0.00012554,   -0.331281
 0.000125544,   -0.333543
 0.000125548,   -0.336181
 0.000125552,   -0.338819
 0.000125556,   -0.340704
  0.00012556,   -0.343342
 0.000125564,   -0.345603
 0.000125568,   -0.347487
 0.000125572,   -0.349749
 0.000125576,    -0.35201
  0.00012558,   -0.353894
 0.000125584,   -0.355779
 0.000125588,    -0.35804
 0.000125592,   -0.359925
 0.000125596,   -0.361432
   0.0001256,   -0.363317
 0.000125604,   -0.365201
 0.000125608,   -0.367085
 0.000125612,   -0.368216
 0.000125616,   -0.369724
  0.00012562,   -0.371608
 0.000125624,   -0.373116
 0.000125628,   -0.374623
 0.000125632,   -0.375754
 0.000125636,   -0.376884
  0.00012564,   -0.378392
 0.000125644,   -0.379146
 0.000125648,   -0.380276
 0.000125652,    -0.38103
 0.000125656,   -0.382161
  0.00012566,   -0.382915
 0.000125664,   -0.383668
 0.000125668,   -0.384422
 0.000125672,   -0.384799
 0.000125676,   -0.385176
  0.00012568,    -0.38593
 0.000125684,   -0.386307
 0.000125688,   -0.386683
 0.000125692,   -0.386683
 0.000125696,    -0.38706
   0.0001257,   -0.387437
 0.000125704,    -0.38706
 0.000125708,    -0.38706
 0.000125712,   -0.386683
 0.000125716,   -0.386307
  0.00012572,   -0.386307
 0.000125724,    -0.38593
 0.000125728,   -0.385553
 0.000125732,   -0.384799
 0.000125736,   -0.384045
  0.00012574,   -0.383668
 0.000125744,   -0.382915
 0.000125748,   -0.381784
 0.000125752,    -0.38103
 0.000125756,     -0.3799
  0.00012576,   -0.378769
 0.000125764,   -0.377638
 0.000125768,   -0.376131
 0.000125772,      -0.375
 0.000125776,   -0.373492
  0.00012578,   -0.371985
 0.000125784,   -0.370477
 0.000125788,   -0.368216
 0.000125792,   -0.366709
 0.000125796,   -0.364447
   0.0001258,   -0.362563
 0.000125804,   -0.360678
 0.000125808,   -0.358417
 0.000125812,   -0.356156
 0.000125816,   -0.353894
  0.00012582,   -0.351633
 0.000125824,   -0.348995
 0.000125828,   -0.346357
 0.000125832,   -0.343719
 0.000125836,    -0.34108
  0.00012584,   -0.338065
 0.000125844,    -0.33505
 0.000125848,   -0.332035
 0.000125852,    -0.32902
 0.000125856,   -0.326005
  0.00012586,    -0.32299
 0.000125864,   -0.319598
 0.000125868,   -0.316206
 0.000125872,   -0.312437
 0.000125876,   -0.309045
  0.00012588,   -0.305653
 0.000125884,   -0.301508
 0.000125888,   -0.298116
 0.000125892,   -0.294347
 0.000125896,   -0.290201
   0.0001259,   -0.286055
 0.000125904,    -0.28191
 0.000125908,   -0.277764
 0.000125912,   -0.273618
 0.000125916,   -0.269095
  0.00012592,   -0.264573
 0.000125924,    -0.26005
 0.000125928,   -0.255528
 0.000125932,   -0.251005
 0.000125936,   -0.246106
  0.00012594,   -0.241206
 0.000125944,   -0.236683
 0.000125948,   -0.231784
 0.000125952,   -0.226884
 0.000125956,   -0.221608
  0.00012596,   -0.216709
 0.000125964,   -0.211809
 0.000125968,   -0.206156
 0.000125972,   -0.200879
 0.000125976,   -0.195603
  0.00012598,   -0.190327
 0.000125984,   -0.184673
 0.000125988,    -0.17902
 0.000125992,   -0.174121
 0.000125996,    -0.16809
    0.000126,   -0.162437
 0.000126004,   -0.156407
 0.000126008,   -0.150754
 0.000126012,   -0.145101
 0.000126016,    -0.13907
  0.00012602,    -0.13304
 0.000126024,    -0.12701
 0.000126028,    -0.12098
 0.000126032,    -0.11495
 0.000126036,    -0.10892
  0.00012604,   -0.102889
 0.000126044,  -0.0964824
 0.000126048,  -0.0900754
 0.000126052,  -0.0840452
 0.000126056,  -0.0780151
  0.00012606,   -0.071608
 0.000126064,   -0.065201
 0.000126068,  -0.0591709
 0.000126072,  -0.0531407
 0.000126076,  -0.0463568
  0.00012608,  -0.0399497
 0.000126084,  -0.0339196
 0.000126088,  -0.0275126
 0.000126092,  -0.0214824
 0.000126096,  -0.0150754
   0.0001261, -0.00904523
 0.000126104, -0.00226131
 0.000126108,  0.00414573
 0.000126112,   0.0101759
 0.000126116,    0.016206
  0.00012612,   0.0226131
 0.000126124,   0.0290201
 0.000126128,    0.035804
 0.000126132,   0.0418342
 0.000126136,   0.0482412
  0.00012614,   0.0550251
 0.000126144,   0.0614322
 0.000126148,   0.0678392
 0.000126152,   0.0742462
 0.000126156,   0.0806533
  0.00012616,   0.0870603
 0.000126164,   0.0934673
 0.000126168,   0.0998744
 0.000126172,    0.105905
 0.000126176,    0.111935
  0.00012618,    0.118342
 0.000126184,    0.124372
 0.000126188,    0.130779
 0.000126192,    0.136809
 0.000126196,    0.142839
   0.0001262,    0.149623
 0.000126204,    0.155653
 0.000126208,    0.161683
 0.000126212,    0.167714
 0.000126216,    0.173744
  0.00012622,    0.179774
 0.000126224,    0.185427
 0.000126228,     0.19108
 0.000126232,    0.197111
 0.000126236,    0.202764
  0.00012624,    0.208794
 0.000126244,    0.214447
 0.000126248,    0.220101
 0.000126252,    0.225377
 0.000126256,     0.23103
  0.00012626,    0.236307
 0.000126264,    0.241583
 0.000126268,    0.246482
 0.000126272,    0.251759
 0.000126276,    0.257035
  0.00012628,    0.262312
 0.000126284,    0.267211
 0.000126288,    0.272111
 0.000126292,     0.27701
 0.000126296,     0.28191
   0.0001263,    0.286432
 0.000126304,    0.290955
 0.000126308,    0.295854
 0.000126312,         0.3
 0.000126316,    0.304523
  0.00012632,    0.308668
 0.000126324,    0.312814
 0.000126328,    0.317337
 0.000126332,    0.321106
 0.000126336,    0.325251
  0.00012634,    0.329397
 0.000126344,    0.332789
 0.000126348,    0.336935
 0.000126352,    0.340704
 0.000126356,    0.344095
  0.00012636,    0.347864
 0.000126364,    0.350879
 0.000126368,    0.354648
 0.000126372,    0.357663
 0.000126376,    0.360678
  0.00012638,    0.364447
 0.000126384,    0.366709
 0.000126388,    0.369724
 0.000126392,    0.372739
 0.000126396,       0.375
   0.0001264,    0.377638
 0.000126404,      0.3799
 0.000126408,    0.382538
 0.000126412,    0.384799
 0.000126416,    0.386683
  0.00012642,    0.388945
 0.000126424,    0.390829
 0.000126428,    0.392714
 0.000126432,    0.394598
 0.000126436,    0.396106
  0.00012644,    0.397613
 0.000126444,    0.399121
 0.000126448,    0.400251
 0.000126452,    0.401759
 0.000126456,    0.402889
  0.00012646,    0.403643
 0.000126464,    0.404397
 0.000126468,    0.405528
 0.000126472,    0.406281
 0.000126476,    0.406658
  0.00012648,    0.407035
 0.000126484,    0.407412
 0.000126488,    0.407789
 0.000126492,    0.407789
 0.000126496,    0.408166
   0.0001265,    0.407789
 0.000126504,    0.407789
 0.000126508,    0.407412
 0.000126512,    0.407035
 0.000126516,    0.407035
  0.00012652,    0.405905
 0.000126524,    0.405528
 0.000126528,    0.404774
 0.000126532,     0.40402
 0.000126536,    0.402889
  0.00012654,    0.401759
 0.000126544,    0.400251
 0.000126548,    0.399121
 0.000126552,     0.39799
 0.000126556,    0.396106
  0.00012656,    0.394598
 0.000126564,    0.392337
 0.000126568,    0.390829
 0.000126572,    0.389322
 0.000126576,    0.386683
  0.00012658,    0.384799
 0.000126584,    0.382538
 0.000126588,      0.3799
 0.000126592,    0.377638
 0.000126596,    0.375377
   0.0001266,    0.372739
 0.000126604,    0.369724
 0.000126608,    0.366709
 0.000126612,    0.364447
 0.000126616,    0.361055
  0.00012662,    0.357663
 0.000126624,    0.355025
 0.000126628,    0.351256
 0.000126632,    0.348241
 0.000126636,    0.344472
  0.00012664,     0.34108
 0.000126644,    0.337688
 0.000126648,    0.333543
 0.000126652,    0.330151
 0.000126656,    0.326005
  0.00012666,    0.321859
 0.000126664,    0.317714
 0.000126668,    0.313568
 0.000126672,    0.309422
 0.000126676,    0.305276
  0.00012668,    0.300754
 0.000126684,    0.296608
 0.000126688,    0.292085
 0.000126692,    0.287186
 0.000126696,    0.282663
   0.0001267,    0.278141
 0.000126704,    0.273618
 0.000126708,    0.268719
 0.000126712,    0.263442
 0.000126716,     0.25892
  0.00012672,     0.25402
 0.000126724,    0.248744
 0.000126728,    0.243467
 0.000126732,    0.238191
 0.000126736,    0.232915
  0.00012674,    0.227638
 0.000126744,    0.221985
 0.000126748,    0.216709
 0.000126752,    0.211055
 0.000126756,    0.205025
  0.00012676,    0.199749
 0.000126764,    0.194095
 0.000126768,    0.187688
 0.000126772,    0.182035
 0.000126776,    0.176005
  0.00012678,    0.170352
 0.000126784,    0.164322
 0.000126788,    0.157915
 0.000126792,    0.151884
 0.000126796,    0.145477
   0.0001268,    0.139447
 0.000126804,    0.133417
 0.000126808,     0.12701
 0.000126812,     0.12098
 0.000126816,    0.114573
  0.00012682,    0.108166
 0.000126824,    0.102136
 0.000126828,   0.0957286
 0.000126832,   0.0893216
 0.000126836,   0.0832915
  0.00012684,   0.0768844
 0.000126844,   0.0704774
 0.000126848,   0.0636935
 0.000126852,   0.0569095
 0.000126856,   0.0505025
  0.00012686,   0.0437186
 0.000126864,   0.0373116
 0.000126868,   0.0309045
 0.000126872,   0.0248744
 0.000126876,   0.0184673
  0.00012688,   0.0120603
 0.000126884,  0.00527638
 0.000126888, -0.00113065
 0.000126892, -0.00753769
 0.000126896,  -0.0143216
   0.0001269,  -0.0207286
 0.000126904,  -0.0275126
 0.000126908,  -0.0339196
 0.000126912,  -0.0407035
 0.000126916,  -0.0471106
  0.00012692,  -0.0535176
 0.000126924,  -0.0603015
 0.000126928,  -0.0663317
 0.000126932,  -0.0731156
 0.000126936,  -0.0795226
  0.00012694,  -0.0863065
 0.000126944,  -0.0930905
 0.000126948,  -0.0994975
 0.000126952,   -0.106281
 0.000126956,   -0.112688
  0.00012696,   -0.119095
 0.000126964,   -0.125503
 0.000126968,    -0.13191
 0.000126972,    -0.13794
 0.000126976,   -0.144347
  0.00012698,   -0.150754
 0.000126984,   -0.156784
 0.000126988,   -0.163191
 0.000126992,   -0.169598
 0.000126996,   -0.175628
    0.000127,   -0.182035
 0.000127004,   -0.188065
 0.000127008,   -0.194095
 0.000127012,   -0.199749
 0.000127016,   -0.205779
  0.00012702,   -0.211809
 0.000127024,   -0.217462
 0.000127028,   -0.223116
 0.000127032,   -0.229146
 0.000127036,   -0.234422
  0.00012704,   -0.240075
 0.000127044,   -0.245729
 0.000127048,   -0.251382
 0.000127052,   -0.256658
 0.000127056,   -0.261935
  0.00012706,   -0.267588
 0.000127064,   -0.272487
 0.000127068,   -0.277764
 0.000127072,    -0.28304
 0.000127076,    -0.28794
  0.00012708,   -0.293216
 0.000127084,   -0.298116
 0.000127088,   -0.302638
 0.000127092,   -0.307915
 0.000127096,   -0.312814
   0.0001271,   -0.317714
 0.000127104,   -0.322613
 0.000127108,   -0.326759
 0.000127112,   -0.331658
 0.000127116,   -0.335804
  0.00012712,   -0.340327
 0.000127124,   -0.344849
 0.000127128,   -0.348618
 0.000127132,   -0.352764
 0.000127136,    -0.35691
  0.00012714,   -0.361055
 0.000127144,   -0.364824
 0.000127148,   -0.368593
 0.000127152,   -0.372362
 0.000127156,   -0.376508
  0.00012716,     -0.3799
 0.000127164,   -0.383668
 0.000127168,    -0.38706
 0.000127172,   -0.390452
 0.000127176,   -0.393844
  0.00012718,   -0.397236
 0.000127184,   -0.400251
 0.000127188,   -0.403643
 0.000127192,   -0.406281
 0.000127196,   -0.409296
   0.0001272,   -0.412688
 0.000127204,   -0.415327
 0.000127208,   -0.417965
 0.000127212,   -0.420226
 0.000127216,   -0.422864
  0.00012722,   -0.425879
 0.000127224,   -0.427764
 0.000127228,   -0.430025
 0.000127232,   -0.432286
 0.000127236,   -0.434548
  0.00012724,   -0.436432
 0.000127244,   -0.438317
 0.000127248,   -0.440201
 0.000127252,   -0.442085
 0.000127256,   -0.443593
  0.00012726,     -0.4451
 0.000127264,   -0.446985
 0.000127268,   -0.448116
 0.000127272,   -0.449246
 0.000127276,   -0.450754
  0.00012728,   -0.451884
 0.000127284,   -0.453015
 0.000127288,   -0.453769
 0.000127292,   -0.454523
 0.000127296,   -0.455653
   0.0001273,    -0.45603
 0.000127304,   -0.456784
 0.000127308,   -0.457161
 0.000127312,   -0.457538
 0.000127316,   -0.457915
  0.00012732,   -0.457915
 0.000127324,   -0.458291
 0.000127328,   -0.458291
 0.000127332,   -0.458291
 0.000127336,   -0.458291
  0.00012734,   -0.457915
 0.000127344,   -0.457915
 0.000127348,   -0.457538
 0.000127352,   -0.457161
 0.000127356,   -0.456784
  0.00012736,    -0.45603
 0.000127364,   -0.455276
 0.000127368,   -0.454523
 0.000127372,   -0.453392
 0.000127376,   -0.452638
  0.00012738,   -0.451508
 0.000127384,   -0.450377
 0.000127388,   -0.449623
 0.000127392,   -0.448116
 0.000127396,   -0.446608
   0.0001274,   -0.445477
 0.000127404,   -0.443593
 0.000127408,   -0.442462
 0.000127412,   -0.440578
 0.000127416,    -0.43907
  0.00012742,   -0.437186
 0.000127424,   -0.435302
 0.000127428,    -0.43304
 0.000127432,   -0.431533
 0.000127436,   -0.429271
  0.00012744,    -0.42701
 0.000127444,   -0.424749
 0.000127448,   -0.422111
 0.000127452,   -0.420226
 0.000127456,   -0.417588
  0.00012746,    -0.41495
 0.000127464,   -0.412688
 0.000127468,    -0.41005
 0.000127472,   -0.407412
 0.000127476,   -0.404397
  0.00012748,   -0.401382
 0.000127484,   -0.398744
 0.000127488,   -0.395729
 0.000127492,    -0.39309
 0.000127496,   -0.390075
   0.0001275,   -0.386683
 0.000127504,   -0.383668
 0.000127508,   -0.380276
 0.000127512,   -0.377261
 0.000127516,   -0.373869
  0.00012752,     -0.3701
 0.000127524,   -0.367085
 0.000127528,    -0.36407
 0.000127532,   -0.359925
 0.000127536,    -0.35691
  0.00012754,   -0.353141
 0.000127544,   -0.349372
 0.000127548,   -0.345603
 0.000127552,   -0.341834
 0.000127556,   -0.338442
  0.00012756,   -0.334296
 0.000127564,   -0.330528
 0.000127568,   -0.327136
 0.000127572,    -0.32299
 0.000127576,   -0.318844
  0.00012758,   -0.315075
 0.000127584,    -0.31093
 0.000127588,   -0.306784
 0.000127592,   -0.302638
 0.000127596,   -0.298492
   0.0001276,   -0.294347
 0.000127604,   -0.290201
 0.000127608,   -0.286055
 0.000127612,    -0.28191
 0.000127616,   -0.277764
  0.00012762,   -0.273241
 0.000127624,   -0.269095
 0.000127628,    -0.26495
 0.000127632,   -0.260427
 0.000127636,   -0.255905
  0.00012764,   -0.251759
 0.000127644,   -0.247236
 0.000127648,   -0.242714
 0.000127652,   -0.238568
 0.000127656,   -0.234422
  0.00012766,   -0.229899
 0.000127664,   -0.225754
 0.000127668,   -0.221231
 0.000127672,   -0.216709
 0.000127676,   -0.212186
  0.00012768,   -0.207663
 0.000127684,   -0.203141
 0.000127688,   -0.198995
 0.000127692,   -0.194472
 0.000127696,    -0.18995
   0.0001277,   -0.185427
 0.000127704,   -0.181281
 0.000127708,   -0.176759
 0.000127712,   -0.171859
 0.000127716,    -0.16809
  0.00012772,   -0.163568
 0.000127724,   -0.159045
 0.000127728,   -0.154899
 0.000127732,       -0.15
 0.000127736,   -0.145854
  0.00012774,   -0.141332
 0.000127744,   -0.137186
 0.000127748,    -0.13304
 0.000127752,   -0.128518
 0.000127756,   -0.124372
  0.00012776,   -0.120226
 0.000127764,    -0.11608
 0.000127768,   -0.111935
 0.000127772,   -0.107789
 0.000127776,   -0.103643
  0.00012778,  -0.0994975
 0.000127784,  -0.0953518
 0.000127788,   -0.091206
 0.000127792,  -0.0870603
 0.000127796,  -0.0829146
   0.0001278,  -0.0795226
 0.000127804,      -0.075
 0.000127808,  -0.0712312
 0.000127812,  -0.0674623
 0.000127816,  -0.0636935
  0.00012782,  -0.0603015
 0.000127824,  -0.0565327
 0.000127828,  -0.0527638
 0.000127832,   -0.048995
 0.000127836,   -0.045603
  0.00012784,  -0.0422111
 0.000127844,  -0.0388191
 0.000127848,  -0.0350503
 0.000127852,  -0.0320352
 0.000127856,  -0.0286432
  0.00012786,  -0.0252513
 0.000127864,  -0.0222362
 0.000127868,  -0.0188442
 0.000127872,  -0.0158291
 0.000127876,  -0.0128141
  0.00012788,   -0.009799
 0.000127884, -0.00678392
 0.000127888, -0.00414573
 0.000127892, -0.00113065
 0.000127896,  0.00150754
   0.0001279,  0.00414573
 0.000127904,   0.0071608
 0.000127908,    0.009799
 0.000127912,   0.0128141
 0.000127916,   0.0146985
  0.00012792,   0.0173367
 0.000127924,   0.0199749
 0.000127928,   0.0222362
 0.000127932,   0.0244975
 0.000127936,   0.0267588
  0.00012794,    0.029397
 0.000127944,   0.0316583
 0.000127948,   0.0335427
 0.000127952,    0.035804
 0.000127956,   0.0380653
  0.00012796,   0.0399497
 0.000127964,   0.0418342
 0.000127968,   0.0437186
 0.000127972,    0.045603
 0.000127976,   0.0474874
  0.00012798,   0.0486181
 0.000127984,   0.0508794
 0.000127988,   0.0523869
 0.000127992,   0.0538945
 0.000127996,   0.0557789
    0.000128,   0.0572864
 0.000128004,   0.0584171
 0.000128008,   0.0595477
 0.000128012,   0.0610553
 0.000128016,   0.0625628
  0.00012802,   0.0633166
 0.000128024,   0.0644472
 0.000128028,   0.0659548
 0.000128032,   0.0663317
 0.000128036,   0.0678392
  0.00012804,    0.068593
 0.000128044,   0.0693467
 0.000128048,   0.0704774
 0.000128052,   0.0708543
 0.000128056,    0.071608
  0.00012806,   0.0723618
 0.000128064,   0.0727387
 0.000128068,   0.0734925
 0.000128072,   0.0738693
 0.000128076,   0.0742462
  0.00012808,       0.075
 0.000128084,   0.0753769
 0.000128088,   0.0753769
 0.000128092,   0.0757538
 0.000128096,   0.0761307
   0.0001281,   0.0765075
 0.000128104,   0.0765075
 0.000128108,   0.0761307
 0.000128112,   0.0765075
 0.000128116,   0.0761307
  0.00012812,   0.0765075
 0.000128124,   0.0765075
 0.000128128,   0.0761307
 0.000128132,   0.0761307
 0.000128136,   0.0757538
  0.00012814,   0.0753769
 0.000128144,   0.0757538
 0.000128148,   0.0746231
 0.000128152,   0.0742462
 0.000128156,   0.0742462
  0.00012816,   0.0738693
 0.000128164,   0.0731156
 0.000128168,   0.0723618
 0.000128172,   0.0719849
 0.000128176,    0.071608
  0.00012818,   0.0704774
 0.000128184,   0.0704774
 0.000128188,   0.0697236
 0.000128192,    0.068593
 0.000128196,   0.0678392
   0.0001282,   0.0674623
 0.000128204,   0.0667085
 0.000128208,   0.0659548
 0.000128212,   0.0644472
 0.000128216,   0.0640704
  0.00012822,   0.0633166
 0.000128224,    0.061809
 0.000128228,   0.0614322
 0.000128232,   0.0599246
 0.000128236,   0.0591709
  0.00012824,   0.0584171
 0.000128244,   0.0572864
 0.000128248,   0.0561558
 0.000128252,   0.0550251
 0.000128256,   0.0535176
  0.00012826,   0.0527638
 0.000128264,   0.0516332
 0.000128268,   0.0505025
 0.000128272,   0.0493719
 0.000128276,   0.0482412
  0.00012828,   0.0471106
 0.000128284,   0.0459799
 0.000128288,   0.0448492
 0.000128292,   0.0437186
 0.000128296,   0.0422111
   0.0001283,   0.0410804
 0.000128304,   0.0399497
 0.000128308,   0.0388191
 0.000128312,   0.0376884
 0.000128316,   0.0361809
  0.00012832,   0.0350503
 0.000128324,   0.0339196
 0.000128328,   0.0327889
 0.000128332,   0.0312814
 0.000128336,   0.0301508
  0.00012834,   0.0290201
 0.000128344,   0.0278894
 0.000128348,    0.026005
 0.000128352,   0.0252513
 0.000128356,   0.0241206
  0.00012836,   0.0226131
 0.000128364,   0.0214824
 0.000128368,   0.0203518
 0.000128372,   0.0192211
 0.000128376,   0.0180905
  0.00012838,   0.0169598
 0.000128384,   0.0154523
 0.000128388,   0.0146985
 0.000128392,    0.013191
 0.000128396,   0.0124372
   0.0001284,   0.0113065
 0.000128404,    0.009799
 0.000128408,  0.00904523
 0.000128412,  0.00791457
 0.000128416,  0.00678392
  0.00012842,  0.00565327
 0.000128424,  0.00452261
 0.000128428,  0.00376884
 0.000128432,  0.00263819
 0.000128436,  0.00150754
  0.00012844, 0.000753769
 0.000128444,-0.000753769
 0.000128448, -0.00150754
 0.000128452, -0.00226131
 0.000128456, -0.00339196
  0.00012846, -0.00414573
 0.000128464, -0.00527638
 0.000128468, -0.00603015
 0.000128472, -0.00678392
 0.000128476, -0.00791457
  0.00012848, -0.00866834
 0.000128484, -0.00942211
 0.000128488,  -0.0105528
 0.000128492,  -0.0109296
 0.000128496,  -0.0120603
   0.0001285,  -0.0124372
 0.000128504,   -0.013191
 0.000128508,  -0.0139447
 0.000128512,  -0.0143216
 0.000128516,  -0.0154523
  0.00012852,   -0.016206
 0.000128524,  -0.0165829
 0.000128528,  -0.0173367
 0.000128532,  -0.0177136
 0.000128536,  -0.0184673
  0.00012854,  -0.0188442
 0.000128544,   -0.019598
 0.000128548,  -0.0199749
 0.000128552,  -0.0203518
 0.000128556,  -0.0207286
  0.00012856,  -0.0214824
 0.000128564,  -0.0218593
 0.000128568,  -0.0218593
 0.000128572,  -0.0226131
 0.000128576,  -0.0229899
  0.00012858,  -0.0233668
 0.000128584,  -0.0237437
 0.000128588,  -0.0237437
 0.000128592,  -0.0244975
 0.000128596,  -0.0244975
   0.0001286,  -0.0244975
 0.000128604,  -0.0252513
 0.000128608,  -0.0252513
 0.000128612,  -0.0252513
 0.000128616,  -0.0252513
  0.00012862,  -0.0256281
 0.000128624,  -0.0256281
 0.000128628,  -0.0252513
 0.000128632,  -0.0256281
 0.000128636,   -0.026005
  0.00012864,  -0.0256281
 0.000128644,  -0.0256281
 0.000128648,   -0.026005
 0.000128652,  -0.0256281
 0.000128656,  -0.0256281
  0.00012866,  -0.0256281
 0.000128664,  -0.0256281
 0.000128668,  -0.0256281
 0.000128672,  -0.0248744
 0.000128676,  -0.0252513
  0.00012868,  -0.0248744
 0.000128684,  -0.0248744
 0.000128688,  -0.0244975
 0.000128692,  -0.0241206
 0.000128696,  -0.0241206
   0.0001287,  -0.0241206
 0.000128704,  -0.0237437
 0.000128708,  -0.0237437
 0.000128712,  -0.0233668
 0.000128716,  -0.0229899
  0.00012872,  -0.0226131
 0.000128724,  -0.0222362
 0.000128728,  -0.0222362
 0.000128732,  -0.0214824
 0.000128736,  -0.0211055
  0.00012874,  -0.0207286
 0.000128744,  -0.0207286
 0.000128748,  -0.0203518
 0.000128752,   -0.019598
 0.000128756,  -0.0192211
  0.00012876,  -0.0188442
 0.000128764,  -0.0184673
 0.000128768,  -0.0177136
 0.000128772,  -0.0177136
 0.000128776,  -0.0169598
  0.00012878,   -0.016206
 0.000128784,  -0.0158291
 0.000128788,  -0.0154523
 0.000128792,  -0.0154523
 0.000128796,  -0.0146985
   0.0001288,  -0.0139447
 0.000128804,  -0.0135678
 0.000128808,  -0.0128141
 0.000128812,  -0.0120603
 0.000128816,  -0.0116834
  0.00012882,  -0.0109296
 0.000128824,  -0.0105528
 0.000128828,   -0.009799
 0.000128832, -0.00942211
 0.000128836, -0.00904523
  0.00012884, -0.00791457
 0.000128844, -0.00753769
 0.000128848,  -0.0071608
 0.000128852, -0.00640704
 0.000128856, -0.00603015
  0.00012886, -0.00527638
 0.000128864, -0.00452261
 0.000128868, -0.00414573
 0.000128872, -0.00339196
 0.000128876, -0.00301508
  0.00012888, -0.00226131
 0.000128884, -0.00150754
 0.000128888, -0.00113065
 0.000128892,-0.000376884
 0.000128896, 0.000376884
   0.0001289, 0.000753769
 0.000128904,  0.00188442
 0.000128908,  0.00226131
 0.000128912,  0.00263819
 0.000128916,  0.00339196
  0.00012892,  0.00376884
 0.000128924,   0.0048995
 0.000128928,  0.00527638
 0.000128932,  0.00565327
 0.000128936,  0.00678392
  0.00012894,   0.0071608
 0.000128944,  0.00791457
 0.000128948,  0.00866834
 0.000128952,  0.00904523
 0.000128956,    0.009799
  0.00012896,   0.0105528
 0.000128964,   0.0109296
 0.000128968,   0.0116834
 0.000128972,   0.0120603
 0.000128976,   0.0128141
  0.00012898,   0.0135678
 0.000128984,   0.0139447
 0.000128988,   0.0146985
 0.000128992,   0.0154523
 0.000128996,    0.016206
    0.000129,   0.0165829
 0.000129004,   0.0173367
 0.000129008,   0.0180905
 0.000129012,   0.0184673
 0.000129016,   0.0188442
  0.00012902,    0.019598
 0.000129024,   0.0203518
 0.000129028,   0.0207286
 0.000129032,   0.0214824
 0.000129036,   0.0222362
  0.00012904,   0.0226131
 0.000129044,   0.0233668
 0.000129048,   0.0237437
 0.000129052,   0.0248744
 0.000129056,   0.0248744
  0.00012906,   0.0252513
 0.000129064,    0.026005
 0.000129068,   0.0263819
 0.000129072,   0.0271357
 0.000129076,   0.0278894
  0.00012908,   0.0286432
 0.000129084,    0.029397
 0.000129088,    0.029397
 0.000129092,   0.0301508
 0.000129096,   0.0309045
   0.0001291,   0.0309045
 0.000129104,   0.0316583
 0.000129108,   0.0324121
 0.000129112,   0.0327889
 0.000129116,   0.0331658
  0.00012912,   0.0335427
 0.000129124,   0.0346734
 0.000129128,   0.0350503
 0.000129132,   0.0354271
 0.000129136,   0.0361809
  0.00012914,   0.0365578
 0.000129144,   0.0369347
 0.000129148,   0.0376884
 0.000129152,   0.0384422
 0.000129156,    0.039196
  0.00012916,    0.039196
 0.000129164,   0.0395729
 0.000129168,   0.0403266
 0.000129172,   0.0407035
 0.000129176,   0.0414573
  0.00012918,   0.0418342
 0.000129184,   0.0422111
 0.000129188,   0.0429648
 0.000129192,   0.0433417
 0.000129196,   0.0437186
   0.0001292,   0.0444724
 0.000129204,   0.0448492
 0.000129208,    0.045603
 0.000129212,   0.0463568
 0.000129216,   0.0463568
  0.00012922,   0.0471106
 0.000129224,   0.0474874
 0.000129228,   0.0478643
 0.000129232,   0.0486181
 0.000129236,    0.048995
  0.00012924,   0.0493719
 0.000129244,   0.0501256
 0.000129248,   0.0505025
 0.000129252,   0.0508794
 0.000129256,   0.0512563
  0.00012926,     0.05201
 0.000129264,   0.0523869
 0.000129268,   0.0531407
 0.000129272,   0.0535176
 0.000129276,   0.0538945
  0.00012928,   0.0542714
 0.000129284,   0.0550251
 0.000129288,   0.0550251
 0.000129292,   0.0557789
 0.000129296,   0.0561558
   0.0001293,   0.0565327
 0.000129304,   0.0572864
 0.000129308,   0.0576633
 0.000129312,   0.0580402
 0.000129316,   0.0584171
  0.00012932,    0.058794
 0.000129324,   0.0591709
 0.000129328,   0.0599246
 0.000129332,   0.0603015
 0.000129336,   0.0610553
  0.00012934,   0.0614322
 0.000129344,    0.061809
 0.000129348,   0.0625628
 0.000129352,   0.0625628
 0.000129356,   0.0633166
  0.00012936,   0.0636935
 0.000129364,   0.0640704
 0.000129368,   0.0644472
 0.000129372,   0.0648241
 0.000129376,   0.0655779
  0.00012938,   0.0659548
 0.000129384,   0.0659548
 0.000129388,   0.0667085
 0.000129392,   0.0670854
 0.000129396,   0.0674623
   0.0001294,   0.0682161
 0.000129404,    0.068593
 0.000129408,   0.0689698
 0.000129412,   0.0693467
 0.000129416,   0.0693467
  0.00012942,   0.0701005
 0.000129424,   0.0704774
 0.000129428,   0.0708543
 0.000129432,   0.0712312
 0.000129436,    0.071608
  0.00012944,   0.0723618
 0.000129444,   0.0727387
 0.000129448,   0.0731156
 0.000129452,   0.0734925
 0.000129456,   0.0734925
  0.00012946,   0.0738693
 0.000129464,   0.0742462
 0.000129468,       0.075
 0.000129472,       0.075
 0.000129476,   0.0753769
  0.00012948,   0.0757538
 0.000129484,   0.0765075
 0.000129488,   0.0765075
 0.000129492,   0.0765075
 0.000129496,   0.0772613
   0.0001295,   0.0776382
 0.000129504,   0.0780151
 0.000129508,   0.0780151
 0.000129512,    0.078392
 0.000129516,   0.0787688
  0.00012952,   0.0791457
 0.000129524,   0.0791457
 0.000129528,   0.0798995
 0.000129532,   0.0798995
 0.000129536,   0.0802764
  0.00012954,   0.0806533
 0.000129544,   0.0806533
 0.000129548,   0.0810302
 0.000129552,   0.0810302
 0.000129556,    0.081407
  0.00012956,   0.0817839
 0.000129564,   0.0817839
 0.000129568,   0.0821608
 0.000129572,   0.0821608
 0.000129576,   0.0821608
  0.00012958,   0.0829146
 0.000129584,   0.0829146
 0.000129588,   0.0829146
 0.000129592,   0.0829146
 0.000129596,   0.0832915
   0.0001296,   0.0836683
 0.000129604,   0.0832915
 0.000129608,   0.0836683
 0.000129612,   0.0840452
 0.000129616,   0.0840452
  0.00012962,   0.0840452
 0.000129624,   0.0840452
 0.000129628,   0.0840452
 0.000129632,   0.0844221
 0.000129636,   0.0840452
  0.00012964,   0.0844221
 0.000129644,   0.0844221
 0.000129648,   0.0840452
 0.000129652,   0.0844221
 0.000129656,   0.0844221
  0.00012966,   0.0840452
 0.000129664,   0.0840452
 0.000129668,   0.0840452
 0.000129672,   0.0840452
 0.000129676,   0.0840452
  0.00012968,   0.0836683
 0.000129684,   0.0840452
 0.000129688,   0.0836683
 0.000129692,   0.0836683
 0.000129696,   0.0836683
   0.0001297,   0.0832915
 0.000129704,   0.0832915
 0.000129708,   0.0832915
 0.000129712,   0.0829146
 0.000129716,   0.0829146
  0.00012972,   0.0825377
 0.000129724,   0.0825377
 0.000129728,   0.0825377
 0.000129732,   0.0821608
 0.000129736,   0.0817839
  0.00012974,    0.081407
 0.000129744,   0.0810302
 0.000129748,   0.0810302
 0.000129752,   0.0806533
 0.000129756,   0.0802764
  0.00012976,   0.0798995
 0.000129764,   0.0795226
 0.000129768,   0.0791457
 0.000129772,   0.0791457
 0.000129776,    0.078392
  0.00012978,    0.078392
 0.000129784,   0.0780151
 0.000129788,   0.0772613
 0.000129792,   0.0772613
 0.000129796,   0.0765075
   0.0001298,   0.0761307
 0.000129804,   0.0761307
 0.000129808,   0.0753769
 0.000129812,       0.075
 0.000129816,   0.0742462
  0.00012982,   0.0738693
 0.000129824,   0.0734925
 0.000129828,   0.0731156
 0.000129832,   0.0727387
 0.000129836,   0.0719849
  0.00012984,    0.071608
 0.000129844,   0.0712312
 0.000129848,   0.0708543
 0.000129852,   0.0701005
 0.000129856,   0.0697236
  0.00012986,    0.068593
 0.000129864,   0.0682161
 0.000129868,   0.0674623
 0.000129872,   0.0670854
 0.000129876,   0.0667085
  0.00012988,   0.0659548
 0.000129884,    0.065201
 0.000129888,   0.0648241
 0.000129892,   0.0640704
 0.000129896,   0.0633166
   0.0001299,   0.0625628
 0.000129904,   0.0621859
 0.000129908,   0.0614322
 0.000129912,   0.0606784
 0.000129916,   0.0599246
  0.00012992,   0.0591709
 0.000129924,   0.0584171
 0.000129928,   0.0580402
 0.000129932,   0.0572864
 0.000129936,   0.0565327
  0.00012994,   0.0557789
 0.000129944,   0.0550251
 0.000129948,   0.0542714
 0.000129952,   0.0535176
 0.000129956,   0.0527638
  0.00012996,     0.05201
 0.000129964,   0.0512563
 0.000129968,   0.0505025
 0.000129972,   0.0497487
 0.000129976,    0.048995
  0.00012998,   0.0486181
 0.000129984,   0.0474874
 0.000129988,   0.0467337
 0.000129992,   0.0463568
 0.000129996,    0.045603
     0.00013,   0.0444724
 0.000130004,   0.0437186
 0.000130008,   0.0429648
 0.000130012,   0.0422111
 0.000130016,   0.0414573
  0.00013002,   0.0403266
 0.000130024,   0.0403266
 0.000130028,   0.0388191
 0.000130032,   0.0380653
 0.000130036,   0.0376884
  0.00013004,   0.0365578
 0.000130044,   0.0361809
 0.000130048,   0.0350503
 0.000130052,   0.0346734
 0.000130056,   0.0335427
  0.00013006,   0.0324121
 0.000130064,   0.0320352
 0.000130068,   0.0316583
 0.000130072,   0.0305276
 0.000130076,   0.0301508
  0.00013008,   0.0290201
 0.000130084,   0.0282663
 0.000130088,   0.0275126
 0.000130092,   0.0267588
 0.000130096,    0.026005
   0.0001301,   0.0256281
 0.000130104,   0.0244975
 0.000130108,   0.0241206
 0.000130112,   0.0229899
 0.000130116,   0.0226131
  0.00013012,   0.0218593
 0.000130124,   0.0211055
 0.000130128,   0.0203518
 0.000130132,    0.019598
 0.000130136,   0.0188442
  0.00013014,   0.0184673
 0.000130144,   0.0177136
 0.000130148,   0.0169598
 0.000130152,   0.0165829
 0.000130156,   0.0158291
  0.00013016,   0.0150754
 0.000130164,   0.0143216
 0.000130168,   0.0135678
 0.000130172,    0.013191
 0.000130176,   0.0124372
  0.00013018,   0.0120603
 0.000130184,   0.0113065
 0.000130188,   0.0105528
 0.000130192,   0.0101759
 0.000130196,    0.009799
   0.0001302,  0.00904523
 0.000130204,  0.00829146
 0.000130208,  0.00753769
 0.000130212,   0.0071608
 0.000130216,   0.0071608
  0.00013022,  0.00640704
 0.000130224,  0.00565327
 0.000130228,  0.00527638
 0.000130232,  0.00452261
 0.000130236,  0.00414573
  0.00013024,  0.00376884
 0.000130244,  0.00339196
 0.000130248,  0.00263819
 0.000130252,  0.00226131
 0.000130256,  0.00226131
  0.00013026,  0.00150754
 0.000130264,  0.00113065
 0.000130268, 0.000376884
 0.000130272,           0
 0.000130276,           0
  0.00013028,-0.000753769
 0.000130284, -0.00113065
 0.000130288, -0.00150754
 0.000130292, -0.00226131
 0.000130296, -0.00226131
   0.0001303, -0.00226131
 0.000130304, -0.00301508
 0.000130308, -0.00339196
 0.000130312, -0.00376884
 0.000130316, -0.00376884
  0.00013032, -0.00414573
 0.000130324,  -0.0048995
 0.000130328,  -0.0048995
 0.000130332, -0.00527638
 0.000130336, -0.00527638
  0.00013034, -0.00527638
 0.000130344, -0.00565327
 0.000130348, -0.00603015
 0.000130352, -0.00640704
 0.000130356, -0.00640704
  0.00013036, -0.00678392
 0.000130364, -0.00753769
 0.000130368, -0.00753769
 0.000130372, -0.00753769
 0.000130376, -0.00791457
  0.00013038, -0.00791457
 0.000130384, -0.00791457
 0.000130388, -0.00791457
 0.000130392, -0.00829146
 0.000130396, -0.00829146
   0.0001304, -0.00866834
 0.000130404, -0.00866834
 0.000130408, -0.00866834
 0.000130412, -0.00866834
 0.000130416, -0.00904523
  0.00013042, -0.00904523
 0.000130424, -0.00904523
 0.000130428, -0.00904523
 0.000130432, -0.00904523
 0.000130436, -0.00904523
  0.00013044, -0.00904523
 0.000130444, -0.00942211
 0.000130448, -0.00904523
 0.000130452, -0.00942211
 0.000130456, -0.00942211
  0.00013046, -0.00942211
 0.000130464,   -0.009799
 0.000130468, -0.00904523
 0.000130472, -0.00942211
 0.000130476, -0.00904523
  0.00013048, -0.00942211
 0.000130484, -0.00942211
 0.000130488, -0.00904523
 0.000130492, -0.00942211
 0.000130496, -0.00904523
   0.0001305, -0.00904523
 0.000130504, -0.00904523
 0.000130508, -0.00904523
 0.000130512, -0.00866834
 0.000130516, -0.00866834
  0.00013052, -0.00866834
 0.000130524, -0.00866834
 0.000130528, -0.00829146
 0.000130532, -0.00829146
 0.000130536, -0.00829146
  0.00013054, -0.00829146
 0.000130544, -0.00829146
 0.000130548, -0.00791457
 0.000130552, -0.00753769
 0.000130556, -0.00791457
  0.00013056, -0.00753769
 0.000130564, -0.00753769
 0.000130568, -0.00753769
 0.000130572,  -0.0071608
 0.000130576,  -0.0071608
  0.00013058, -0.00678392
 0.000130584, -0.00678392
 0.000130588, -0.00678392
 0.000130592, -0.00640704
 0.000130596, -0.00678392
   0.0001306, -0.00640704
 0.000130604, -0.00603015
 0.000130608, -0.00565327
 0.000130612, -0.00565327
 0.000130616, -0.00565327
  0.00013062, -0.00565327
 0.000130624, -0.00527638
 0.000130628,  -0.0048995
 0.000130632,  -0.0048995
 0.000130636, -0.00452261
  0.00013064, -0.00452261
 0.000130644, -0.00452261
 0.000130648, -0.00414573
 0.000130652, -0.00414573
 0.000130656, -0.00376884
  0.00013066, -0.00376884
 0.000130664, -0.00376884
 0.000130668, -0.00301508
 0.000130672, -0.00339196
 0.000130676, -0.00339196
  0.00013068, -0.00301508
 0.000130684, -0.00301508
 0.000130688, -0.00263819
 0.000130692, -0.00226131
 0.000130696, -0.00226131
   0.0001307, -0.00226131
 0.000130704, -0.00226131
 0.000130708, -0.00188442
 0.000130712, -0.00150754
 0.000130716, -0.00188442
  0.00013072, -0.00150754
 0.000130724, -0.00150754
 0.000130728, -0.00113065
 0.000130732,-0.000753769
 0.000130736,-0.000753769
  0.00013074,-0.000376884
 0.000130744,-0.000376884
 0.000130748,-0.000376884
 0.000130752,           0
 0.000130756,           0
  0.00013076,           0
 0.000130764, 0.000376884
 0.000130768, 0.000376884
 0.000130772, 0.000753769
 0.000130776, 0.000753769
  0.00013078, 0.000753769
 0.000130784, 0.000753769
 0.000130788, 0.000753769
 0.000130792,  0.00113065
 0.000130796,  0.00113065
   0.0001308,  0.00113065
 0.000130804,  0.00150754
 0.000130808,  0.00113065
 0.000130812,  0.00113065
 0.000130816,  0.00150754
  0.00013082,  0.00150754
 0.000130824,  0.00150754
 0.000130828,  0.00150754
 0.000130832,  0.00150754
 0.000130836,  0.00188442
  0.00013084,  0.00226131
 0.000130844,  0.00188442
 0.000130848,  0.00226131
 0.000130852,  0.00226131
 0.000130856,  0.00226131
  0.00013086,  0.00226131
 0.000130864,  0.00226131
 0.000130868,  0.00226131
 0.000130872,  0.00226131
 0.000130876,  0.00226131
  0.00013088,  0.00263819
 0.000130884,  0.00263819
 0.000130888,  0.00226131
 0.000130892,  0.00226131
 0.000130896,  0.00226131
   0.0001309,  0.00263819
 0.000130904,  0.00226131
 0.000130908,  0.00188442
 0.000130912,  0.00226131
 0.000130916,  0.00226131
  0.00013092,  0.00226131
 0.000130924,  0.00226131
 0.000130928,  0.00188442
 0.000130932,  0.00226131
 0.000130936,  0.00188442
  0.00013094,  0.00188442
 0.000130944,  0.00188442
 0.000130948,  0.00150754
 0.000130952,  0.00188442
 0.000130956,  0.00188442
  0.00013096,  0.00150754
 0.000130964,  0.00188442
 0.000130968,  0.00150754
 0.000130972,  0.00150754
 0.000130976,  0.00150754
  0.00013098,  0.00113065
 0.000130984,  0.00113065
 0.000130988,  0.00113065
 0.000130992,  0.00113065
 0.000130996, 0.000753769
    0.000131, 0.000753769
 0.000131004, 0.000753769
 0.000131008, 0.000753769
 0.000131012, 0.000376884
 0.000131016, 0.000376884
  0.00013102,           0
 0.000131024,           0
 0.000131028,           0
 0.000131032,-0.000376884
 0.000131036,-0.000376884
  0.00013104,-0.000753769
 0.000131044, -0.00113065
 0.000131048, -0.00113065
 0.000131052, -0.00113065
 0.000131056, -0.00113065
  0.00013106, -0.00150754
 0.000131064, -0.00150754
 0.000131068, -0.00150754
 0.000131072, -0.00188442
 0.000131076, -0.00226131
  0.00013108, -0.00226131
 0.000131084, -0.00226131
 0.000131088, -0.00263819
 0.000131092, -0.00301508
 0.000131096, -0.00301508
   0.0001311, -0.00301508
 0.000131104, -0.00339196
 0.000131108, -0.00376884
 0.000131112, -0.00376884
 0.000131116, -0.00414573
  0.00013112, -0.00414573
 0.000131124, -0.00452261
 0.000131128, -0.00452261
 0.000131132, -0.00452261
 0.000131136,  -0.0048995
  0.00013114, -0.00527638
 0.000131144, -0.00527638
 0.000131148, -0.00527638
 0.000131152, -0.00565327
 0.000131156, -0.00603015
  0.00013116, -0.00603015
 0.000131164, -0.00640704
 0.000131168, -0.00678392
 0.000131172, -0.00678392
 0.000131176, -0.00678392
  0.00013118,  -0.0071608
 0.000131184, -0.00753769
 0.000131188, -0.00791457
 0.000131192, -0.00791457
 0.000131196, -0.00791457
   0.0001312, -0.00829146
 0.000131204, -0.00866834
 0.000131208, -0.00866834
 0.000131212, -0.00904523
 0.000131216, -0.00904523
  0.00013122, -0.00942211
 0.000131224,   -0.009799
 0.000131228,   -0.009799
 0.000131232,  -0.0101759
 0.000131236,  -0.0101759
  0.00013124,  -0.0105528
 0.000131244,  -0.0109296
 0.000131248,  -0.0109296
 0.000131252,  -0.0113065
 0.000131256,  -0.0116834
  0.00013126,  -0.0120603
 0.000131264,  -0.0124372
 0.000131268,  -0.0124372
 0.000131272,  -0.0128141
 0.000131276,  -0.0128141
  0.00013128,  -0.0128141
 0.000131284,   -0.013191
 0.000131288,  -0.0135678
 0.000131292,  -0.0135678
 0.000131296,  -0.0139447
   0.0001313,  -0.0143216
 0.000131304,  -0.0143216
 0.000131308,  -0.0146985
 0.000131312,  -0.0146985
 0.000131316,  -0.0150754
  0.00013132,  -0.0154523
 0.000131324,  -0.0154523
 0.000131328,  -0.0158291
 0.000131332,   -0.016206
 0.000131336,   -0.016206
  0.00013134,  -0.0165829
 0.000131344,  -0.0165829
 0.000131348,  -0.0169598
 0.000131352,  -0.0169598
 0.000131356,  -0.0169598
  0.00013136,  -0.0177136
 0.000131364,  -0.0177136
 0.000131368,  -0.0177136
 0.000131372,  -0.0180905
 0.000131376,  -0.0180905
  0.00013138,  -0.0184673
 0.000131384,  -0.0188442
 0.000131388,  -0.0188442
 0.000131392,  -0.0192211
 0.000131396,  -0.0192211
   0.0001314,  -0.0199749
 0.000131404,   -0.019598
 0.000131408,  -0.0199749
 0.000131412,  -0.0203518
 0.000131416,  -0.0203518
  0.00013142,  -0.0207286
 0.000131424,  -0.0211055
 0.000131428,  -0.0207286
 0.000131432,  -0.0214824
 0.000131436,  -0.0214824
  0.00013144,  -0.0218593
 0.000131444,  -0.0222362
 0.000131448,  -0.0218593
 0.000131452,  -0.0222362
 0.000131456,  -0.0226131
  0.00013146,  -0.0226131
 0.000131464,  -0.0229899
 0.000131468,  -0.0226131
 0.000131472,  -0.0229899
 0.000131476,  -0.0233668
  0.00013148,  -0.0233668
 0.000131484,  -0.0233668
 0.000131488,  -0.0237437
 0.000131492,  -0.0237437
 0.000131496,  -0.0241206
   0.0001315,  -0.0241206
 0.000131504,  -0.0241206
 0.000131508,  -0.0244975
 0.000131512,  -0.0244975
 0.000131516,  -0.0244975
  0.00013152,  -0.0248744
 0.000131524,  -0.0248744
 0.000131528,  -0.0252513
 0.000131532,  -0.0252513
 0.000131536,  -0.0252513
  0.00013154,  -0.0256281
 0.000131544,  -0.0256281
 0.000131548,  -0.0256281
 0.000131552,   -0.026005
 0.000131556,   -0.026005
  0.00013156,  -0.0263819
 0.000131564,  -0.0263819
 0.000131568,  -0.0263819
 0.000131572,  -0.0267588
 0.000131576,  -0.0267588
  0.00013158,  -0.0267588
 0.000131584,  -0.0267588
 0.000131588,  -0.0267588
 0.000131592,  -0.0271357
 0.000131596,  -0.0271357
   0.0001316,  -0.0271357
 0.000131604,  -0.0275126
 0.000131608,  -0.0275126
 0.000131612,  -0.0275126
 0.000131616,  -0.0275126
  0.00013162,  -0.0275126
 0.000131624,  -0.0278894
 0.000131628,  -0.0278894
 0.000131632,  -0.0278894
 0.000131636,  -0.0282663
  0.00013164,  -0.0278894
 0.000131644,  -0.0282663
 0.000131648,  -0.0278894
 0.000131652,  -0.0278894
 0.000131656,  -0.0282663
  0.00013166,  -0.0282663
 0.000131664,  -0.0282663
 0.000131668,  -0.0282663
 0.000131672,  -0.0282663
 0.000131676,  -0.0286432
  0.00013168,  -0.0282663
 0.000131684,  -0.0282663
 0.000131688,  -0.0286432
 0.000131692,  -0.0282663
 0.000131696,  -0.0282663
   0.0001317,  -0.0282663
 0.000131704,  -0.0282663
 0.000131708,  -0.0282663
 0.000131712,  -0.0282663
 0.000131716,  -0.0286432
  0.00013172,  -0.0286432
 0.000131724,  -0.0282663
 0.000131728,  -0.0282663
 0.000131732,  -0.0282663
 0.000131736,  -0.0282663
  0.00013174,  -0.0282663
 0.000131744,  -0.0282663
 0.000131748,  -0.0282663
 0.000131752,  -0.0278894
 0.000131756,  -0.0278894
  0.00013176,  -0.0282663
 0.000131764,  -0.0282663
 0.000131768,  -0.0278894
 0.000131772,  -0.0282663
 0.000131776,  -0.0278894
  0.00013178,  -0.0278894
 0.000131784,  -0.0278894
 0.000131788,  -0.0278894
 0.000131792,  -0.0278894
 0.000131796,  -0.0275126
   0.0001318,  -0.0275126
 0.000131804,  -0.0275126
 0.000131808,  -0.0275126
 0.000131812,  -0.0271357
 0.000131816,  -0.0271357
  0.00013182,  -0.0271357
 0.000131824,  -0.0271357
 0.000131828,  -0.0267588
 0.000131832,  -0.0267588
 0.000131836,  -0.0267588
  0.00013184,  -0.0267588
 0.000131844,  -0.0263819
 0.000131848,  -0.0263819
 0.000131852,   -0.026005
 0.000131856,  -0.0263819
  0.00013186,   -0.026005
 0.000131864,   -0.026005
 0.000131868,   -0.026005
 0.000131872,  -0.0252513
 0.000131876,  -0.0252513
  0.00013188,  -0.0252513
 0.000131884,  -0.0252513
 0.000131888,  -0.0252513
 0.000131892,  -0.0248744
 0.000131896,  -0.0248744
   0.0001319,  -0.0248744
 0.000131904,  -0.0244975
 0.000131908,  -0.0241206
 0.000131912,  -0.0237437
 0.000131916,  -0.0237437
  0.00013192,  -0.0237437
 0.000131924,  -0.0233668
 0.000131928,  -0.0233668
 0.000131932,  -0.0229899
 0.000131936,  -0.0229899
  0.00013194,  -0.0229899
 0.000131944,  -0.0226131
 0.000131948,  -0.0226131
 0.000131952,  -0.0222362
 0.000131956,  -0.0218593
  0.00013196,  -0.0218593
 0.000131964,  -0.0214824
 0.000131968,  -0.0211055
 0.000131972,  -0.0211055
 0.000131976,  -0.0207286
  0.00013198,  -0.0203518
 0.000131984,  -0.0203518
 0.000131988,  -0.0199749
 0.000131992,  -0.0199749
 0.000131996,   -0.019598
