    0.000112,  -0.0802764
 0.000112004,  -0.0802764
 0.000112008,  -0.0802764
 0.000112012,  -0.0798995
 0.000112016,  -0.0802764
  0.00011202,  -0.0802764
 0.000112024,  -0.0798995
 0.000112028,  -0.0802764
 0.000112032,  -0.0798995
 0.000112036,  -0.0798995
  0.00011204,  -0.0795226
 0.000112044,  -0.0795226
 0.000112048,  -0.0795226
 0.000112052,  -0.0791457
 0.000112056,  -0.0791457
  0.00011206,  -0.0795226
 0.000112064,  -0.0787688
 0.000112068,  -0.0787688
 0.000112072,  -0.0787688
 0.000112076,  -0.0787688
  0.00011208,   -0.078392
 0.000112084,   -0.078392
 0.000112088,   -0.078392
 0.000112092,   -0.078392
 0.000112096,   -0.078392
   0.0001121,   -0.078392
 0.000112104,  -0.0780151
 0.000112108,  -0.0776382
 0.000112112,  -0.0776382
 0.000112116,  -0.0776382
  0.00011212,  -0.0776382
 0.000112124,  -0.0776382
 0.000112128,  -0.0772613
 0.000112132,  -0.0776382
 0.000112136,  -0.0772613
  0.00011214,  -0.0772613
 0.000112144,  -0.0772613
 0.000112148,  -0.0768844
 0.000112152,  -0.0768844
 0.000112156,  -0.0768844
  0.00011216,  -0.0765075
 0.000112164,  -0.0768844
 0.000112168,  -0.0765075
 0.000112172,  -0.0761307
 0.000112176,  -0.0765075
  0.00011218,  -0.0761307
 0.000112184,  -0.0757538
 0.000112188,  -0.0761307
 0.000112192,  -0.0757538
 0.000112196,  -0.0757538
   0.0001122,  -0.0753769
 0.000112204,  -0.0753769
 0.000112208,  -0.0753769
 0.000112212,      -0.075
 0.000112216,      -0.075
  0.00011222,      -0.075
 0.000112224,  -0.0746231
 0.000112228,  -0.0746231
 0.000112232,  -0.0742462
 0.000112236,  -0.0742462
  0.00011224,  -0.0738693
 0.000112244,  -0.0738693
 0.000112248,  -0.0738693
 0.000112252,  -0.0738693
 0.000112256,  -0.0734925
  0.00011226,  -0.0734925
 0.000112264,  -0.0731156
 0.000112268,  -0.0731156
 0.000112272,  -0.0731156
 0.000112276,  -0.0723618
  0.00011228,  -0.0727387
 0.000112284,  -0.0723618
 0.000112288,  -0.0719849
 0.000112292,  -0.0723618
 0.000112296,  -0.0719849
   0.0001123,  -0.0719849
 0.000112304,  -0.0719849
 0.000112308,   -0.071608
 0.000112312,   -0.071608
 0.000112316,  -0.0712312
  0.00011232,  -0.0708543
 0.000112324,  -0.0708543
 0.000112328,  -0.0708543
 0.000112332,  -0.0704774
 0.000112336,  -0.0704774
  0.00011234,  -0.0704774
 0.000112344,  -0.0704774
 0.000112348,  -0.0697236
 0.000112352,  -0.0697236
 0.000112356,  -0.0697236
  0.00011236,  -0.0697236
 0.000112364,  -0.0693467
 0.000112368,  -0.0693467
 0.000112372,  -0.0689698
 0.000112376,  -0.0689698
  0.00011238,   -0.068593
 0.000112384,  -0.0682161
 0.000112388,   -0.068593
 0.000112392,  -0.0682161
 0.000112396,  -0.0678392
   0.0001124,  -0.0678392
 0.000112404,  -0.0674623
 0.000112408,  -0.0678392
 0.000112412,  -0.0670854
 0.000112416,  -0.0670854
  0.00011242,  -0.0670854
 0.000112424,  -0.0667085
 0.000112428,  -0.0667085
 0.000112432,  -0.0663317
 0.000112436,  -0.0663317
  0.00011244,  -0.0663317
 0.000112444,  -0.0655779
 0.000112448,  -0.0659548
 0.000112452,  -0.0655779
 0.000112456,   -0.065201
  0.00011246,   -0.065201
 0.000112464,   -0.065201
 0.000112468,  -0.0648241
 0.000112472,  -0.0648241
 0.000112476,  -0.0644472
  0.00011248,  -0.0644472
 0.000112484,  -0.0640704
 0.000112488,  -0.0636935
 0.000112492,  -0.0640704
 0.000112496,  -0.0633166
   0.0001125,  -0.0633166
 0.000112504,  -0.0633166
 0.000112508,  -0.0629397
 0.000112512,  -0.0629397
 0.000112516,  -0.0625628
  0.00011252,  -0.0625628
 0.000112524,  -0.0625628
 0.000112528,  -0.0621859
 0.000112532,  -0.0621859
 0.000112536,  -0.0621859
  0.00011254,   -0.061809
 0.000112544,  -0.0614322
 0.000112548,  -0.0614322
 0.000112552,  -0.0610553
 0.000112556,  -0.0610553
  0.00011256,  -0.0606784
 0.000112564,  -0.0606784
 0.000112568,  -0.0606784
 0.000112572,  -0.0603015
 0.000112576,  -0.0603015
  0.00011258,  -0.0599246
 0.000112584,  -0.0599246
 0.000112588,  -0.0599246
 0.000112592,  -0.0591709
 0.000112596,  -0.0591709
   0.0001126,  -0.0591709
 0.000112604,   -0.058794
 0.000112608,   -0.058794
 0.000112612,   -0.058794
 0.000112616,  -0.0584171
  0.00011262,  -0.0584171
 0.000112624,  -0.0580402
 0.000112628,  -0.0580402
 0.000112632,  -0.0580402
 0.000112636,  -0.0576633
  0.00011264,  -0.0576633
 0.000112644,  -0.0576633
 0.000112648,  -0.0572864
 0.000112652,  -0.0572864
 0.000112656,  -0.0569095
  0.00011266,  -0.0572864
 0.000112664,  -0.0569095
 0.000112668,  -0.0565327
 0.000112672,  -0.0565327
 0.000112676,  -0.0565327
  0.00011268,  -0.0565327
 0.000112684,  -0.0561558
 0.000112688,  -0.0561558
 0.000112692,  -0.0561558
 0.000112696,  -0.0557789
   0.0001127,  -0.0557789
 0.000112704,   -0.055402
 0.000112708,  -0.0550251
 0.000112712,   -0.055402
 0.000112716,   -0.055402
  0.00011272,  -0.0550251
 0.000112724,  -0.0550251
 0.000112728,  -0.0550251
 0.000112732,  -0.0546482
 0.000112736,  -0.0546482
  0.00011274,  -0.0542714
 0.000112744,  -0.0546482
 0.000112748,  -0.0542714
 0.000112752,  -0.0538945
 0.000112756,  -0.0542714
  0.00011276,  -0.0538945
 0.000112764,  -0.0538945
 0.000112768,  -0.0538945
 0.000112772,  -0.0535176
 0.000112776,  -0.0538945
  0.00011278,  -0.0535176
 0.000112784,  -0.0535176
 0.000112788,  -0.0531407
 0.000112792,  -0.0531407
 0.000112796,  -0.0531407
   0.0001128,  -0.0531407
 0.000112804,  -0.0531407
 0.000112808,  -0.0527638
 0.000112812,  -0.0527638
 0.000112816,  -0.0523869
  0.00011282,  -0.0527638
 0.000112824,  -0.0527638
 0.000112828,  -0.0523869
 0.000112832,  -0.0527638
 0.000112836,  -0.0523869
  0.00011284,  -0.0523869
 0.000112844,  -0.0523869
 0.000112848,    -0.05201
 0.000112852,  -0.0523869
 0.000112856,    -0.05201
  0.00011286,    -0.05201
 0.000112864,    -0.05201
 0.000112868,    -0.05201
 0.000112872,    -0.05201
 0.000112876,  -0.0516332
  0.00011288,  -0.0516332
 0.000112884,    -0.05201
 0.000112888,  -0.0516332
 0.000112892,  -0.0516332
 0.000112896,  -0.0516332
   0.0001129,  -0.0516332
 0.000112904,  -0.0516332
 0.000112908,  -0.0512563
 0.000112912,  -0.0512563
 0.000112916,  -0.0516332
  0.00011292,  -0.0512563
 0.000112924,  -0.0512563
 0.000112928,  -0.0512563
 0.000112932,  -0.0512563
 0.000112936,  -0.0512563
  0.00011294,  -0.0508794
 0.000112944,  -0.0512563
 0.000112948,  -0.0512563
 0.000112952,  -0.0508794
 0.000112956,  -0.0512563
  0.00011296,  -0.0512563
 0.000112964,  -0.0512563
 0.000112968,  -0.0512563
 0.000112972,  -0.0512563
 0.000112976,  -0.0512563
  0.00011298,  -0.0512563
 0.000112984,  -0.0512563
 0.000112988,  -0.0512563
 0.000112992,  -0.0512563
 0.000112996,  -0.0508794
    0.000113,  -0.0512563
 0.000113004,  -0.0508794
 0.000113008,  -0.0512563
 0.000113012,  -0.0512563
 0.000113016,  -0.0508794
  0.00011302,  -0.0508794
 0.000113024,  -0.0508794
 0.000113028,  -0.0508794
 0.000113032,  -0.0508794
 0.000113036,  -0.0505025
  0.00011304,  -0.0508794
 0.000113044,  -0.0508794
 0.000113048,  -0.0505025
 0.000113052,  -0.0508794
 0.000113056,  -0.0508794
  0.00011306,  -0.0512563
 0.000113064,  -0.0508794
 0.000113068,  -0.0508794
 0.000113072,  -0.0512563
 0.000113076,  -0.0512563
  0.00011308,  -0.0508794
 0.000113084,  -0.0512563
 0.000113088,  -0.0508794
 0.000113092,  -0.0508794
 0.000113096,  -0.0512563
   0.0001131,  -0.0508794
 0.000113104,  -0.0508794
 0.000113108,  -0.0508794
 0.000113112,  -0.0508794
 0.000113116,  -0.0508794
  0.00011312,  -0.0508794
 0.000113124,  -0.0508794
 0.000113128,  -0.0508794
 0.000113132,  -0.0508794
 0.000113136,  -0.0508794
  0.00011314,  -0.0508794
 0.000113144,  -0.0508794
 0.000113148,  -0.0508794
 0.000113152,  -0.0508794
 0.000113156,  -0.0512563
  0.00011316,  -0.0508794
 0.000113164,  -0.0508794
 0.000113168,  -0.0512563
 0.000113172,  -0.0508794
 0.000113176,  -0.0508794
  0.00011318,  -0.0512563
 0.000113184,  -0.0508794
 0.000113188,  -0.0508794
 0.000113192,  -0.0512563
 0.000113196,  -0.0512563
   0.0001132,  -0.0512563
 0.000113204,  -0.0512563
 0.000113208,  -0.0512563
 0.000113212,  -0.0508794
 0.000113216,  -0.0508794
  0.00011322,  -0.0512563
 0.000113224,  -0.0508794
 0.000113228,  -0.0508794
 0.000113232,  -0.0512563
 0.000113236,  -0.0512563
  0.00011324,  -0.0512563
 0.000113244,  -0.0512563
 0.000113248,  -0.0512563
 0.000113252,  -0.0512563
 0.000113256,  -0.0512563
  0.00011326,  -0.0512563
 0.000113264,  -0.0512563
 0.000113268,  -0.0512563
 0.000113272,  -0.0512563
 0.000113276,  -0.0512563
  0.00011328,  -0.0508794
 0.000113284,  -0.0512563
 0.000113288,  -0.0512563
 0.000113292,  -0.0512563
 0.000113296,  -0.0512563
   0.0001133,  -0.0508794
 0.000113304,  -0.0512563
 0.000113308,  -0.0512563
 0.000113312,  -0.0508794
 0.000113316,  -0.0512563
  0.00011332,  -0.0512563
 0.000113324,  -0.0508794
 0.000113328,  -0.0508794
 0.000113332,  -0.0508794
 0.000113336,  -0.0512563
  0.00011334,  -0.0508794
 0.000113344,  -0.0505025
 0.000113348,  -0.0512563
 0.000113352,  -0.0508794
 0.000113356,  -0.0508794
  0.00011336,  -0.0508794
 0.000113364,  -0.0508794
 0.000113368,  -0.0508794
 0.000113372,  -0.0508794
 0.000113376,  -0.0508794
  0.00011338,  -0.0512563
 0.000113384,  -0.0508794
 0.000113388,  -0.0508794
 0.000113392,  -0.0508794
 0.000113396,  -0.0508794
   0.0001134,  -0.0508794
 0.000113404,  -0.0505025
 0.000113408,  -0.0508794
 0.000113412,  -0.0508794
 0.000113416,  -0.0508794
  0.00011342,  -0.0508794
 0.000113424,  -0.0508794
 0.000113428,  -0.0508794
 0.000113432,  -0.0508794
 0.000113436,  -0.0508794
  0.00011344,  -0.0508794
 0.000113444,  -0.0508794
 0.000113448,  -0.0508794
 0.000113452,  -0.0508794
 0.000113456,  -0.0508794
  0.00011346,  -0.0508794
 0.000113464,  -0.0508794
 0.000113468,  -0.0508794
 0.000113472,  -0.0508794
 0.000113476,  -0.0508794
  0.00011348,  -0.0508794
 0.000113484,  -0.0508794
 0.000113488,  -0.0505025
 0.000113492,  -0.0508794
 0.000113496,  -0.0508794
   0.0001135,  -0.0505025
 0.000113504,  -0.0505025
 0.000113508,  -0.0505025
 0.000113512,  -0.0505025
 0.000113516,  -0.0505025
  0.00011352,  -0.0508794
 0.000113524,  -0.0505025
 0.000113528,  -0.0508794
 0.000113532,  -0.0505025
 0.000113536,  -0.0505025
  0.00011354,  -0.0505025
 0.000113544,  -0.0505025
 0.000113548,  -0.0505025
 0.000113552,  -0.0505025
 0.000113556,  -0.0505025
  0.00011356,  -0.0505025
 0.000113564,  -0.0505025
 0.000113568,  -0.0505025
 0.000113572,  -0.0505025
 0.000113576,  -0.0501256
  0.00011358,  -0.0505025
 0.000113584,  -0.0501256
 0.000113588,  -0.0505025
 0.000113592,  -0.0505025
 0.000113596,  -0.0501256
   0.0001136,  -0.0501256
 0.000113604,  -0.0501256
 0.000113608,  -0.0501256
 0.000113612,  -0.0501256
 0.000113616,  -0.0501256
  0.00011362,  -0.0501256
 0.000113624,  -0.0501256
 0.000113628,  -0.0501256
 0.000113632,  -0.0505025
 0.000113636,  -0.0501256
  0.00011364,  -0.0497487
 0.000113644,  -0.0501256
 0.000113648,  -0.0501256
 0.000113652,  -0.0501256
 0.000113656,  -0.0501256
  0.00011366,  -0.0501256
 0.000113664,  -0.0505025
 0.000113668,  -0.0501256
 0.000113672,  -0.0501256
 0.000113676,  -0.0501256
  0.00011368,  -0.0501256
 0.000113684,  -0.0497487
 0.000113688,  -0.0501256
 0.000113692,  -0.0501256
 0.000113696,  -0.0501256
   0.0001137,  -0.0497487
 0.000113704,  -0.0497487
 0.000113708,  -0.0501256
 0.000113712,  -0.0497487
 0.000113716,  -0.0497487
  0.00011372,  -0.0497487
 0.000113724,  -0.0497487
 0.000113728,  -0.0501256
 0.000113732,  -0.0497487
 0.000113736,  -0.0497487
  0.00011374,  -0.0501256
 0.000113744,  -0.0497487
 0.000113748,  -0.0497487
 0.000113752,  -0.0497487
 0.000113756,  -0.0497487
  0.00011376,  -0.0501256
 0.000113764,  -0.0497487
 0.000113768,  -0.0497487
 0.000113772,  -0.0501256
 0.000113776,  -0.0497487
  0.00011378,  -0.0497487
 0.000113784,  -0.0497487
 0.000113788,  -0.0497487
 0.000113792,  -0.0497487
 0.000113796,  -0.0497487
   0.0001138,  -0.0497487
 0.000113804,  -0.0497487
 0.000113808,  -0.0493719
 0.000113812,  -0.0497487
 0.000113816,  -0.0497487
  0.00011382,  -0.0493719
 0.000113824,  -0.0497487
 0.000113828,  -0.0493719
 0.000113832,  -0.0497487
 0.000113836,  -0.0497487
  0.00011384,  -0.0493719
 0.000113844,  -0.0497487
 0.000113848,  -0.0493719
 0.000113852,  -0.0493719
 0.000113856,  -0.0493719
  0.00011386,  -0.0493719
 0.000113864,  -0.0493719
 0.000113868,  -0.0493719
 0.000113872,  -0.0497487
 0.000113876,  -0.0497487
  0.00011388,  -0.0493719
 0.000113884,  -0.0493719
 0.000113888,  -0.0497487
 0.000113892,  -0.0497487
 0.000113896,  -0.0493719
   0.0001139,  -0.0497487
 0.000113904,  -0.0497487
 0.000113908,  -0.0497487
 0.000113912,  -0.0493719
 0.000113916,  -0.0497487
  0.00011392,  -0.0497487
 0.000113924,  -0.0493719
 0.000113928,  -0.0493719
 0.000113932,  -0.0497487
 0.000113936,  -0.0497487
  0.00011394,  -0.0493719
 0.000113944,  -0.0493719
 0.000113948,  -0.0493719
 0.000113952,  -0.0493719
 0.000113956,  -0.0493719
  0.00011396,  -0.0493719
 0.000113964,  -0.0493719
 0.000113968,  -0.0493719
 0.000113972,  -0.0493719
 0.000113976,   -0.048995
  0.00011398,  -0.0493719
 0.000113984,  -0.0493719
 0.000113988,  -0.0493719
 0.000113992,  -0.0497487
 0.000113996,  -0.0493719
    0.000114,  -0.0493719
 0.000114004,  -0.0493719
 0.000114008,   -0.048995
 0.000114012,  -0.0493719
 0.000114016,  -0.0493719
  0.00011402,   -0.048995
 0.000114024,  -0.0493719
 0.000114028,   -0.048995
 0.000114032,  -0.0493719
 0.000114036,  -0.0493719
  0.00011404,   -0.048995
 0.000114044,   -0.048995
 0.000114048,  -0.0493719
 0.000114052,  -0.0493719
 0.000114056,  -0.0493719
  0.00011406,   -0.048995
 0.000114064,  -0.0493719
 0.000114068,  -0.0493719
 0.000114072,   -0.048995
 0.000114076,  -0.0493719
  0.00011408,   -0.048995
 0.000114084,   -0.048995
 0.000114088,  -0.0493719
 0.000114092,   -0.048995
 0.000114096,  -0.0493719
   0.0001141,  -0.0493719
 0.000114104,   -0.048995
 0.000114108,   -0.048995
 0.000114112,   -0.048995
 0.000114116,   -0.048995
  0.00011412,   -0.048995
 0.000114124,   -0.048995
 0.000114128,  -0.0493719
 0.000114132,   -0.048995
 0.000114136,   -0.048995
  0.00011414,  -0.0493719
 0.000114144,  -0.0493719
 0.000114148,   -0.048995
 0.000114152,  -0.0493719
 0.000114156,  -0.0493719
  0.00011416,  -0.0493719
 0.000114164,  -0.0493719
 0.000114168,   -0.048995
 0.000114172,  -0.0497487
 0.000114176,  -0.0493719
  0.00011418,  -0.0493719
 0.000114184,  -0.0493719
 0.000114188,  -0.0493719
 0.000114192,  -0.0493719
 0.000114196,  -0.0493719
   0.0001142,  -0.0493719
 0.000114204,  -0.0493719
 0.000114208,  -0.0493719
 0.000114212,  -0.0493719
 0.000114216,  -0.0493719
  0.00011422,  -0.0493719
 0.000114224,  -0.0497487
 0.000114228,  -0.0493719
 0.000114232,  -0.0493719
 0.000114236,  -0.0497487
  0.00011424,  -0.0493719
 0.000114244,  -0.0493719
 0.000114248,  -0.0493719
 0.000114252,  -0.0493719
 0.000114256,  -0.0497487
  0.00011426,  -0.0493719
 0.000114264,  -0.0493719
 0.000114268,  -0.0497487
 0.000114272,  -0.0493719
 0.000114276,  -0.0497487
  0.00011428,  -0.0493719
 0.000114284,  -0.0493719
 0.000114288,  -0.0497487
 0.000114292,  -0.0493719
 0.000114296,  -0.0497487
   0.0001143,  -0.0497487
 0.000114304,  -0.0497487
 0.000114308,  -0.0497487
 0.000114312,  -0.0497487
 0.000114316,  -0.0497487
  0.00011432,  -0.0501256
 0.000114324,  -0.0497487
 0.000114328,  -0.0497487
 0.000114332,  -0.0501256
 0.000114336,  -0.0497487
  0.00011434,  -0.0497487
 0.000114344,  -0.0497487
 0.000114348,  -0.0501256
 0.000114352,  -0.0501256
 0.000114356,  -0.0497487
  0.00011436,  -0.0501256
 0.000114364,  -0.0505025
 0.000114368,  -0.0501256
 0.000114372,  -0.0501256
 0.000114376,  -0.0501256
  0.00011438,  -0.0501256
 0.000114384,  -0.0501256
 0.000114388,  -0.0501256
 0.000114392,  -0.0505025
 0.000114396,  -0.0505025
   0.0001144,  -0.0501256
 0.000114404,  -0.0505025
 0.000114408,  -0.0505025
 0.000114412,  -0.0505025
 0.000114416,  -0.0505025
  0.00011442,  -0.0501256
 0.000114424,  -0.0505025
 0.000114428,  -0.0505025
 0.000114432,  -0.0505025
 0.000114436,  -0.0508794
  0.00011444,  -0.0505025
 0.000114444,  -0.0508794
 0.000114448,  -0.0505025
 0.000114452,  -0.0505025
 0.000114456,  -0.0508794
  0.00011446,  -0.0508794
 0.000114464,  -0.0505025
 0.000114468,  -0.0508794
 0.000114472,  -0.0508794
 0.000114476,  -0.0508794
  0.00011448,  -0.0508794
 0.000114484,  -0.0508794
 0.000114488,  -0.0512563
 0.000114492,  -0.0508794
 0.000114496,  -0.0508794
   0.0001145,  -0.0512563
 0.000114504,  -0.0508794
 0.000114508,  -0.0508794
 0.000114512,  -0.0508794
 0.000114516,  -0.0508794
  0.00011452,  -0.0512563
 0.000114524,  -0.0508794
 0.000114528,  -0.0512563
 0.000114532,  -0.0512563
 0.000114536,  -0.0508794
  0.00011454,  -0.0512563
 0.000114544,  -0.0512563
 0.000114548,  -0.0512563
 0.000114552,  -0.0512563
 0.000114556,  -0.0512563
  0.00011456,  -0.0516332
 0.000114564,  -0.0516332
 0.000114568,  -0.0512563
 0.000114572,  -0.0516332
 0.000114576,  -0.0516332
  0.00011458,  -0.0512563
 0.000114584,  -0.0516332
 0.000114588,  -0.0516332
 0.000114592,    -0.05201
 0.000114596,  -0.0516332
   0.0001146,  -0.0516332
 0.000114604,  -0.0516332
 0.000114608,  -0.0516332
 0.000114612,  -0.0512563
 0.000114616,  -0.0516332
  0.00011462,  -0.0516332
 0.000114624,  -0.0516332
 0.000114628,  -0.0516332
 0.000114632,  -0.0516332
 0.000114636,    -0.05201
  0.00011464,  -0.0516332
 0.000114644,  -0.0512563
 0.000114648,  -0.0516332
 0.000114652,  -0.0516332
 0.000114656,  -0.0516332
  0.00011466,  -0.0516332
 0.000114664,  -0.0516332
 0.000114668,    -0.05201
 0.000114672,  -0.0516332
 0.000114676,  -0.0516332
  0.00011468,  -0.0516332
 0.000114684,  -0.0516332
 0.000114688,  -0.0516332
 0.000114692,  -0.0516332
 0.000114696,  -0.0516332
   0.0001147,  -0.0516332
 0.000114704,  -0.0512563
 0.000114708,  -0.0516332
 0.000114712,  -0.0516332
 0.000114716,  -0.0516332
  0.00011472,  -0.0516332
 0.000114724,  -0.0516332
 0.000114728,  -0.0512563
 0.000114732,  -0.0516332
 0.000114736,  -0.0512563
  0.00011474,  -0.0512563
 0.000114744,  -0.0512563
 0.000114748,  -0.0512563
 0.000114752,  -0.0512563
 0.000114756,  -0.0512563
  0.00011476,  -0.0512563
 0.000114764,  -0.0512563
 0.000114768,  -0.0508794
 0.000114772,  -0.0512563
 0.000114776,  -0.0508794
  0.00011478,  -0.0508794
 0.000114784,  -0.0508794
 0.000114788,  -0.0508794
 0.000114792,  -0.0508794
 0.000114796,  -0.0508794
   0.0001148,  -0.0505025
 0.000114804,  -0.0508794
 0.000114808,  -0.0505025
 0.000114812,  -0.0505025
 0.000114816,  -0.0505025
  0.00011482,  -0.0505025
 0.000114824,  -0.0505025
 0.000114828,  -0.0505025
 0.000114832,  -0.0501256
 0.000114836,  -0.0505025
  0.00011484,  -0.0501256
 0.000114844,  -0.0501256
 0.000114848,  -0.0501256
 0.000114852,  -0.0497487
 0.000114856,  -0.0497487
  0.00011486,  -0.0497487
 0.000114864,  -0.0497487
 0.000114868,  -0.0497487
 0.000114872,  -0.0497487
 0.000114876,  -0.0493719
  0.00011488,  -0.0493719
 0.000114884,  -0.0493719
 0.000114888,  -0.0493719
 0.000114892,  -0.0493719
 0.000114896,   -0.048995
   0.0001149,   -0.048995
 0.000114904,   -0.048995
 0.000114908,  -0.0486181
 0.000114912,  -0.0486181
 0.000114916,  -0.0486181
  0.00011492,  -0.0486181
 0.000114924,  -0.0482412
 0.000114928,  -0.0482412
 0.000114932,  -0.0486181
 0.000114936,  -0.0482412
  0.00011494,  -0.0478643
 0.000114944,  -0.0482412
 0.000114948,  -0.0478643
 0.000114952,  -0.0478643
 0.000114956,  -0.0474874
  0.00011496,  -0.0474874
 0.000114964,  -0.0474874
 0.000114968,  -0.0471106
 0.000114972,  -0.0471106
 0.000114976,  -0.0471106
  0.00011498,  -0.0467337
 0.000114984,  -0.0467337
 0.000114988,  -0.0467337
 0.000114992,  -0.0463568
 0.000114996,  -0.0467337
    0.000115,  -0.0463568
 0.000115004,  -0.0463568
 0.000115008,  -0.0459799
 0.000115012,  -0.0459799
 0.000115016,  -0.0459799
  0.00011502,   -0.045603
 0.000115024,  -0.0452261
 0.000115028,  -0.0452261
 0.000115032,  -0.0452261
 0.000115036,  -0.0448492
  0.00011504,  -0.0448492
 0.000115044,  -0.0448492
 0.000115048,  -0.0448492
 0.000115052,  -0.0444724
 0.000115056,  -0.0444724
  0.00011506,  -0.0444724
 0.000115064,  -0.0440955
 0.000115068,  -0.0440955
 0.000115072,  -0.0440955
 0.000115076,  -0.0437186
  0.00011508,  -0.0437186
 0.000115084,  -0.0433417
 0.000115088,  -0.0433417
 0.000115092,  -0.0433417
 0.000115096,  -0.0429648
   0.0001151,  -0.0429648
 0.000115104,  -0.0429648
 0.000115108,  -0.0425879
 0.000115112,  -0.0425879
 0.000115116,  -0.0422111
  0.00011512,  -0.0422111
 0.000115124,  -0.0422111
 0.000115128,  -0.0418342
 0.000115132,  -0.0418342
 0.000115136,  -0.0414573
  0.00011514,  -0.0410804
 0.000115144,  -0.0414573
 0.000115148,  -0.0410804
 0.000115152,  -0.0407035
 0.000115156,  -0.0407035
  0.00011516,  -0.0407035
 0.000115164,  -0.0403266
 0.000115168,  -0.0399497
 0.000115172,  -0.0403266
 0.000115176,  -0.0403266
  0.00011518,  -0.0395729
 0.000115184,  -0.0395729
 0.000115188,  -0.0395729
 0.000115192,  -0.0395729
 0.000115196,   -0.039196
   0.0001152,  -0.0388191
 0.000115204,  -0.0388191
 0.000115208,  -0.0388191
 0.000115212,  -0.0388191
 0.000115216,  -0.0384422
  0.00011522,  -0.0384422
 0.000115224,  -0.0380653
 0.000115228,  -0.0380653
 0.000115232,  -0.0376884
 0.000115236,  -0.0376884
  0.00011524,  -0.0376884
 0.000115244,  -0.0373116
 0.000115248,  -0.0373116
 0.000115252,  -0.0369347
 0.000115256,  -0.0369347
  0.00011526,  -0.0369347
 0.000115264,  -0.0365578
 0.000115268,  -0.0365578
 0.000115272,  -0.0361809
 0.000115276,  -0.0361809
  0.00011528,  -0.0361809
 0.000115284,   -0.035804
 0.000115288,   -0.035804
 0.000115292,   -0.035804
 0.000115296,  -0.0354271
   0.0001153,  -0.0354271
 0.000115304,  -0.0354271
 0.000115308,  -0.0350503
 0.000115312,  -0.0350503
 0.000115316,  -0.0346734
  0.00011532,  -0.0346734
 0.000115324,  -0.0346734
 0.000115328,  -0.0342965
 0.000115332,  -0.0342965
 0.000115336,  -0.0342965
  0.00011534,  -0.0339196
 0.000115344,  -0.0339196
 0.000115348,  -0.0335427
 0.000115352,  -0.0335427
 0.000115356,  -0.0335427
  0.00011536,  -0.0331658
 0.000115364,  -0.0331658
 0.000115368,  -0.0331658
 0.000115372,  -0.0327889
 0.000115376,  -0.0327889
  0.00011538,  -0.0324121
 0.000115384,  -0.0324121
 0.000115388,  -0.0324121
 0.000115392,  -0.0320352
 0.000115396,  -0.0320352
   0.0001154,  -0.0320352
 0.000115404,  -0.0320352
 0.000115408,  -0.0320352
 0.000115412,  -0.0312814
 0.000115416,  -0.0316583
  0.00011542,  -0.0316583
 0.000115424,  -0.0312814
 0.000115428,  -0.0312814
 0.000115432,  -0.0309045
 0.000115436,  -0.0309045
  0.00011544,  -0.0309045
 0.000115444,  -0.0305276
 0.000115448,  -0.0305276
 0.000115452,  -0.0305276
 0.000115456,  -0.0301508
  0.00011546,  -0.0305276
 0.000115464,  -0.0301508
 0.000115468,  -0.0301508
 0.000115472,  -0.0297739
 0.000115476,  -0.0297739
  0.00011548,  -0.0297739
 0.000115484,  -0.0297739
 0.000115488,   -0.029397
 0.000115492,  -0.0297739
 0.000115496,   -0.029397
   0.0001155,   -0.029397
 0.000115504,   -0.029397
 0.000115508,  -0.0290201
 0.000115512,  -0.0286432
 0.000115516,  -0.0286432
  0.00011552,  -0.0286432
 0.000115524,  -0.0286432
 0.000115528,  -0.0282663
 0.000115532,  -0.0282663
 0.000115536,  -0.0282663
  0.00011554,  -0.0278894
 0.000115544,  -0.0282663
 0.000115548,  -0.0278894
 0.000115552,  -0.0278894
 0.000115556,  -0.0278894
  0.00011556,  -0.0275126
 0.000115564,  -0.0275126
 0.000115568,  -0.0275126
 0.000115572,  -0.0271357
 0.000115576,  -0.0275126
  0.00011558,  -0.0271357
 0.000115584,  -0.0271357
 0.000115588,  -0.0271357
 0.000115592,  -0.0267588
 0.000115596,  -0.0267588
   0.0001156,  -0.0267588
 0.000115604,  -0.0263819
 0.000115608,  -0.0267588
 0.000115612,  -0.0263819
 0.000115616,  -0.0263819
  0.00011562,  -0.0263819
 0.000115624,   -0.026005
 0.000115628,   -0.026005
 0.000115632,  -0.0256281
 0.000115636,   -0.026005
  0.00011564,   -0.026005
 0.000115644,  -0.0256281
 0.000115648,  -0.0252513
 0.000115652,  -0.0256281
 0.000115656,  -0.0256281
  0.00011566,  -0.0252513
 0.000115664,  -0.0248744
 0.000115668,  -0.0248744
 0.000115672,  -0.0248744
 0.000115676,  -0.0244975
  0.00011568,  -0.0248744
 0.000115684,  -0.0248744
 0.000115688,  -0.0244975
 0.000115692,  -0.0244975
 0.000115696,  -0.0244975
   0.0001157,  -0.0241206
 0.000115704,  -0.0241206
 0.000115708,  -0.0237437
 0.000115712,  -0.0241206
 0.000115716,  -0.0237437
  0.00011572,  -0.0237437
 0.000115724,  -0.0237437
 0.000115728,  -0.0233668
 0.000115732,  -0.0233668
 0.000115736,  -0.0233668
  0.00011574,  -0.0229899
 0.000115744,  -0.0229899
 0.000115748,  -0.0229899
 0.000115752,  -0.0226131
 0.000115756,  -0.0229899
  0.00011576,  -0.0226131
 0.000115764,  -0.0226131
 0.000115768,  -0.0226131
 0.000115772,  -0.0222362
 0.000115776,  -0.0222362
  0.00011578,  -0.0222362
 0.000115784,  -0.0218593
 0.000115788,  -0.0218593
 0.000115792,  -0.0218593
 0.000115796,  -0.0218593
   0.0001158,  -0.0218593
 0.000115804,  -0.0214824
 0.000115808,  -0.0214824
 0.000115812,  -0.0211055
 0.000115816,  -0.0211055
  0.00011582,  -0.0211055
 0.000115824,  -0.0211055
 0.000115828,  -0.0211055
 0.000115832,  -0.0211055
 0.000115836,  -0.0207286
  0.00011584,  -0.0207286
 0.000115844,  -0.0203518
 0.000115848,  -0.0203518
 0.000115852,  -0.0203518
 0.000115856,  -0.0199749
  0.00011586,  -0.0199749
 0.000115864,  -0.0199749
 0.000115868,   -0.019598
 0.000115872,   -0.019598
 0.000115876,  -0.0192211
  0.00011588,  -0.0192211
 0.000115884,  -0.0192211
 0.000115888,  -0.0188442
 0.000115892,  -0.0192211
 0.000115896,  -0.0188442
   0.0001159,  -0.0188442
 0.000115904,  -0.0188442
 0.000115908,  -0.0184673
 0.000115912,  -0.0184673
 0.000115916,  -0.0184673
  0.00011592,  -0.0180905
 0.000115924,  -0.0180905
 0.000115928,  -0.0180905
 0.000115932,  -0.0177136
 0.000115936,  -0.0177136
  0.00011594,  -0.0177136
 0.000115944,  -0.0173367
 0.000115948,  -0.0173367
 0.000115952,  -0.0173367
 0.000115956,  -0.0173367
  0.00011596,  -0.0169598
 0.000115964,  -0.0165829
 0.000115968,  -0.0169598
 0.000115972,  -0.0165829
 0.000115976,  -0.0165829
  0.00011598,   -0.016206
 0.000115984,   -0.016206
 0.000115988,   -0.016206
 0.000115992,   -0.016206
 0.000115996,  -0.0158291
    0.000116,  -0.0158291
 0.000116004,  -0.0154523
 0.000116008,  -0.0154523
 0.000116012,  -0.0150754
 0.000116016,  -0.0150754
  0.00011602,  -0.0150754
 0.000116024,  -0.0150754
 0.000116028,  -0.0146985
 0.000116032,  -0.0146985
 0.000116036,  -0.0143216
  0.00011604,  -0.0143216
 0.000116044,  -0.0139447
 0.000116048,  -0.0139447
 0.000116052,  -0.0143216
 0.000116056,  -0.0139447
  0.00011606,  -0.0139447
 0.000116064,  -0.0139447
 0.000116068,  -0.0135678
 0.000116072,  -0.0135678
 0.000116076,   -0.013191
  0.00011608,   -0.013191
 0.000116084,   -0.013191
 0.000116088,  -0.0128141
 0.000116092,  -0.0128141
 0.000116096,  -0.0128141
   0.0001161,  -0.0128141
 0.000116104,  -0.0124372
 0.000116108,  -0.0120603
 0.000116112,  -0.0120603
 0.000116116,  -0.0120603
  0.00011612,  -0.0116834
 0.000116124,  -0.0116834
 0.000116128,  -0.0116834
 0.000116132,  -0.0113065
 0.000116136,  -0.0113065
  0.00011614,  -0.0113065
 0.000116144,  -0.0109296
 0.000116148,  -0.0109296
 0.000116152,  -0.0109296
 0.000116156,  -0.0105528
  0.00011616,  -0.0101759
 0.000116164,  -0.0105528
 0.000116168,  -0.0105528
 0.000116172,  -0.0101759
 0.000116176,   -0.009799
  0.00011618,   -0.009799
 0.000116184, -0.00942211
 0.000116188, -0.00942211
 0.000116192, -0.00942211
 0.000116196, -0.00942211
   0.0001162, -0.00904523
 0.000116204, -0.00866834
 0.000116208, -0.00904523
 0.000116212, -0.00904523
 0.000116216, -0.00866834
  0.00011622, -0.00866834
 0.000116224, -0.00866834
 0.000116228, -0.00829146
 0.000116232, -0.00829146
 0.000116236, -0.00791457
  0.00011624, -0.00829146
 0.000116244, -0.00791457
 0.000116248, -0.00753769
 0.000116252, -0.00791457
 0.000116256, -0.00753769
  0.00011626, -0.00753769
 0.000116264, -0.00753769
 0.000116268,  -0.0071608
 0.000116272,  -0.0071608
 0.000116276,  -0.0071608
  0.00011628, -0.00678392
 0.000116284, -0.00678392
 0.000116288, -0.00678392
 0.000116292, -0.00640704
 0.000116296, -0.00640704
   0.0001163, -0.00603015
 0.000116304, -0.00603015
 0.000116308, -0.00603015
 0.000116312, -0.00565327
 0.000116316, -0.00603015
  0.00011632, -0.00565327
 0.000116324, -0.00565327
 0.000116328, -0.00565327
 0.000116332, -0.00527638
 0.000116336, -0.00527638
  0.00011634,  -0.0048995
 0.000116344,  -0.0048995
 0.000116348,  -0.0048995
 0.000116352, -0.00452261
 0.000116356,  -0.0048995
  0.00011636,  -0.0048995
 0.000116364, -0.00452261
 0.000116368, -0.00452261
 0.000116372, -0.00452261
 0.000116376, -0.00414573
  0.00011638, -0.00414573
 0.000116384, -0.00414573
 0.000116388, -0.00414573
 0.000116392, -0.00376884
 0.000116396, -0.00376884
   0.0001164, -0.00376884
 0.000116404, -0.00376884
 0.000116408, -0.00339196
 0.000116412, -0.00376884
 0.000116416, -0.00339196
  0.00011642, -0.00339196
 0.000116424, -0.00339196
 0.000116428, -0.00339196
 0.000116432, -0.00339196
 0.000116436, -0.00301508
  0.00011644, -0.00263819
 0.000116444, -0.00301508
 0.000116448, -0.00263819
 0.000116452, -0.00263819
 0.000116456, -0.00263819
  0.00011646, -0.00263819
 0.000116464, -0.00263819
 0.000116468, -0.00226131
 0.000116472, -0.00226131
 0.000116476, -0.00226131
  0.00011648, -0.00188442
 0.000116484, -0.00226131
 0.000116488, -0.00188442
 0.000116492, -0.00188442
 0.000116496, -0.00226131
   0.0001165, -0.00188442
 0.000116504, -0.00188442
 0.000116508, -0.00188442
 0.000116512, -0.00150754
 0.000116516, -0.00150754
  0.00011652, -0.00150754
 0.000116524, -0.00150754
 0.000116528, -0.00150754
 0.000116532, -0.00150754
 0.000116536, -0.00150754
  0.00011654, -0.00113065
 0.000116544, -0.00150754
 0.000116548, -0.00113065
 0.000116552, -0.00113065
 0.000116556, -0.00113065
  0.00011656, -0.00113065
 0.000116564,-0.000753769
 0.000116568, -0.00113065
 0.000116572, -0.00113065
 0.000116576,-0.000753769
  0.00011658,-0.000753769
 0.000116584,-0.000753769
 0.000116588,-0.000753769
 0.000116592,-0.000753769
 0.000116596,-0.000753769
   0.0001166,-0.000753769
 0.000116604,-0.000376884
 0.000116608,-0.000753769
 0.000116612,-0.000376884
 0.000116616,-0.000376884
  0.00011662,-0.000376884
 0.000116624,-0.000753769
 0.000116628,-0.000753769
 0.000116632,-0.000753769
 0.000116636,-0.000753769
  0.00011664,-0.000376884
 0.000116644,-0.000376884
 0.000116648,-0.000376884
 0.000116652,-0.000376884
 0.000116656,-0.000753769
  0.00011666,-0.000376884
 0.000116664,-0.000376884
 0.000116668,-0.000376884
 0.000116672,-0.000376884
 0.000116676,-0.000376884
  0.00011668,           0
 0.000116684,-0.000376884
 0.000116688,-0.000376884
 0.000116692,-0.000376884
 0.000116696,-0.000376884
   0.0001167,-0.000376884
 0.000116704,-0.000376884
 0.000116708,-0.000376884
 0.000116712,           0
 0.000116716,-0.000376884
  0.00011672,-0.000376884
 0.000116724,-0.000376884
 0.000116728,-0.000376884
 0.000116732,           0
 0.000116736,-0.000376884
  0.00011674,-0.000376884
 0.000116744,           0
 0.000116748,-0.000376884
 0.000116752,-0.000376884
 0.000116756,-0.000376884
  0.00011676,-0.000376884
 0.000116764,-0.000376884
 0.000116768,-0.000376884
 0.000116772,-0.000376884
 0.000116776,-0.000376884
  0.00011678,-0.000376884
 0.000116784,-0.000376884
 0.000116788,-0.000376884
 0.000116792,-0.000753769
 0.000116796,-0.000753769
   0.0001168,-0.000753769
 0.000116804,-0.000753769
 0.000116808,-0.000753769
 0.000116812,-0.000753769
 0.000116816,-0.000376884
  0.00011682,-0.000753769
 0.000116824,-0.000753769
 0.000116828,-0.000753769
 0.000116832,-0.000753769
 0.000116836,-0.000753769
  0.00011684,-0.000753769
 0.000116844,-0.000753769
 0.000116848,-0.000753769
 0.000116852,-0.000753769
 0.000116856, -0.00113065
  0.00011686,-0.000753769
 0.000116864,-0.000753769
 0.000116868,-0.000753769
 0.000116872,-0.000753769
 0.000116876,-0.000753769
  0.00011688,-0.000753769
 0.000116884,-0.000753769
 0.000116888, -0.00113065
 0.000116892,-0.000753769
 0.000116896, -0.00113065
   0.0001169, -0.00150754
 0.000116904, -0.00113065
 0.000116908, -0.00113065
 0.000116912, -0.00113065
 0.000116916, -0.00113065
  0.00011692, -0.00113065
 0.000116924, -0.00113065
 0.000116928, -0.00150754
 0.000116932, -0.00150754
 0.000116936, -0.00113065
  0.00011694, -0.00150754
 0.000116944, -0.00113065
 0.000116948, -0.00150754
 0.000116952, -0.00113065
 0.000116956, -0.00150754
  0.00011696, -0.00150754
 0.000116964, -0.00150754
 0.000116968, -0.00150754
 0.000116972, -0.00188442
 0.000116976, -0.00150754
  0.00011698, -0.00150754
 0.000116984, -0.00150754
 0.000116988, -0.00188442
 0.000116992, -0.00188442
 0.000116996, -0.00188442
    0.000117, -0.00188442
 0.000117004, -0.00188442
 0.000117008, -0.00188442
 0.000117012, -0.00226131
 0.000117016, -0.00188442
  0.00011702, -0.00188442
 0.000117024, -0.00226131
 0.000117028, -0.00188442
 0.000117032, -0.00226131
 0.000117036, -0.00226131
  0.00011704, -0.00226131
 0.000117044, -0.00226131
 0.000117048, -0.00226131
 0.000117052, -0.00226131
 0.000117056, -0.00263819
  0.00011706, -0.00263819
 0.000117064, -0.00226131
 0.000117068, -0.00263819
 0.000117072, -0.00263819
 0.000117076, -0.00263819
  0.00011708, -0.00226131
 0.000117084, -0.00263819
 0.000117088, -0.00263819
 0.000117092, -0.00263819
 0.000117096, -0.00263819
   0.0001171, -0.00301508
 0.000117104, -0.00263819
 0.000117108, -0.00263819
 0.000117112, -0.00263819
 0.000117116, -0.00301508
  0.00011712, -0.00301508
 0.000117124, -0.00263819
 0.000117128, -0.00301508
 0.000117132, -0.00301508
 0.000117136, -0.00301508
  0.00011714, -0.00301508
 0.000117144, -0.00301508
 0.000117148, -0.00339196
 0.000117152, -0.00301508
 0.000117156, -0.00301508
  0.00011716, -0.00339196
 0.000117164, -0.00339196
 0.000117168, -0.00301508
 0.000117172, -0.00339196
 0.000117176, -0.00339196
  0.00011718, -0.00339196
 0.000117184, -0.00339196
 0.000117188, -0.00339196
 0.000117192, -0.00339196
 0.000117196, -0.00339196
   0.0001172, -0.00339196
 0.000117204, -0.00339196
 0.000117208, -0.00339196
 0.000117212, -0.00376884
 0.000117216, -0.00376884
  0.00011722, -0.00376884
 0.000117224, -0.00376884
 0.000117228, -0.00376884
 0.000117232, -0.00376884
 0.000117236, -0.00376884
  0.00011724, -0.00376884
 0.000117244, -0.00414573
 0.000117248, -0.00376884
 0.000117252, -0.00414573
 0.000117256, -0.00414573
  0.00011726, -0.00414573
 0.000117264, -0.00414573
 0.000117268, -0.00414573
 0.000117272, -0.00414573
 0.000117276, -0.00452261
  0.00011728, -0.00414573
 0.000117284, -0.00414573
 0.000117288, -0.00452261
 0.000117292, -0.00452261
 0.000117296, -0.00452261
   0.0001173, -0.00452261
 0.000117304, -0.00452261
 0.000117308, -0.00452261
 0.000117312, -0.00452261
 0.000117316, -0.00452261
  0.00011732,  -0.0048995
 0.000117324,  -0.0048995
 0.000117328,  -0.0048995
 0.000117332,  -0.0048995
 0.000117336, -0.00527638
  0.00011734,  -0.0048995
 0.000117344,  -0.0048995
 0.000117348,  -0.0048995
 0.000117352, -0.00527638
 0.000117356, -0.00527638
  0.00011736, -0.00527638
 0.000117364, -0.00565327
 0.000117368, -0.00527638
 0.000117372, -0.00527638
 0.000117376, -0.00527638
  0.00011738, -0.00565327
 0.000117384, -0.00565327
 0.000117388, -0.00527638
 0.000117392, -0.00603015
 0.000117396, -0.00603015
   0.0001174, -0.00565327
 0.000117404, -0.00603015
 0.000117408, -0.00603015
 0.000117412, -0.00603015
 0.000117416, -0.00603015
  0.00011742, -0.00603015
 0.000117424, -0.00640704
 0.000117428, -0.00603015
 0.000117432, -0.00640704
 0.000117436, -0.00640704
  0.00011744, -0.00640704
 0.000117444, -0.00640704
 0.000117448, -0.00678392
 0.000117452, -0.00678392
 0.000117456, -0.00678392
  0.00011746, -0.00678392
 0.000117464, -0.00678392
 0.000117468,  -0.0071608
 0.000117472, -0.00678392
 0.000117476, -0.00678392
  0.00011748,  -0.0071608
 0.000117484,  -0.0071608
 0.000117488,  -0.0071608
 0.000117492,  -0.0071608
 0.000117496,  -0.0071608
   0.0001175, -0.00753769
 0.000117504, -0.00753769
 0.000117508,  -0.0071608
 0.000117512, -0.00753769
 0.000117516, -0.00753769
  0.00011752, -0.00753769
 0.000117524, -0.00791457
 0.000117528, -0.00791457
 0.000117532, -0.00791457
 0.000117536, -0.00791457
  0.00011754, -0.00791457
 0.000117544, -0.00829146
 0.000117548, -0.00829146
 0.000117552, -0.00829146
 0.000117556, -0.00829146
  0.00011756, -0.00829146
 0.000117564, -0.00829146
 0.000117568, -0.00829146
 0.000117572, -0.00829146
 0.000117576, -0.00866834
  0.00011758, -0.00866834
 0.000117584, -0.00866834
 0.000117588, -0.00866834
 0.000117592, -0.00866834
 0.000117596, -0.00904523
   0.0001176, -0.00904523
 0.000117604, -0.00904523
 0.000117608, -0.00904523
 0.000117612, -0.00904523
 0.000117616, -0.00942211
  0.00011762, -0.00904523
 0.000117624, -0.00904523
 0.000117628, -0.00942211
 0.000117632, -0.00942211
 0.000117636,   -0.009799
  0.00011764, -0.00942211
 0.000117644, -0.00942211
 0.000117648,   -0.009799
 0.000117652,   -0.009799
 0.000117656,   -0.009799
  0.00011766,   -0.009799
 0.000117664,   -0.009799
 0.000117668,  -0.0101759
 0.000117672,  -0.0101759
 0.000117676,  -0.0105528
  0.00011768,  -0.0105528
 0.000117684,  -0.0101759
 0.000117688,  -0.0105528
 0.000117692,  -0.0105528
 0.000117696,  -0.0105528
   0.0001177,  -0.0105528
 0.000117704,  -0.0105528
 0.000117708,  -0.0109296
 0.000117712,  -0.0109296
 0.000117716,  -0.0109296
  0.00011772,  -0.0109296
 0.000117724,  -0.0109296
 0.000117728,  -0.0109296
 0.000117732,  -0.0113065
 0.000117736,  -0.0113065
  0.00011774,  -0.0113065
 0.000117744,  -0.0116834
 0.000117748,  -0.0116834
 0.000117752,  -0.0116834
 0.000117756,  -0.0116834
  0.00011776,  -0.0116834
 0.000117764,  -0.0120603
 0.000117768,  -0.0120603
 0.000117772,  -0.0124372
 0.000117776,  -0.0120603
  0.00011778,  -0.0120603
 0.000117784,  -0.0124372
 0.000117788,  -0.0124372
 0.000117792,  -0.0124372
 0.000117796,  -0.0124372
   0.0001178,  -0.0124372
 0.000117804,  -0.0124372
 0.000117808,  -0.0124372
 0.000117812,  -0.0124372
 0.000117816,  -0.0128141
  0.00011782,  -0.0128141
 0.000117824,  -0.0128141
 0.000117828,  -0.0128141
 0.000117832,   -0.013191
 0.000117836,   -0.013191
  0.00011784,  -0.0128141
 0.000117844,   -0.013191
 0.000117848,  -0.0135678
 0.000117852,   -0.013191
 0.000117856,   -0.013191
  0.00011786,   -0.013191
 0.000117864,  -0.0135678
 0.000117868,  -0.0135678
 0.000117872,  -0.0135678
 0.000117876,  -0.0135678
  0.00011788,  -0.0135678
 0.000117884,  -0.0135678
 0.000117888,  -0.0135678
 0.000117892,  -0.0139447
 0.000117896,  -0.0135678
   0.0001179,  -0.0139447
 0.000117904,  -0.0139447
 0.000117908,  -0.0135678
 0.000117912,  -0.0135678
 0.000117916,  -0.0139447
  0.00011792,  -0.0139447
 0.000117924,  -0.0139447
 0.000117928,  -0.0139447
 0.000117932,  -0.0139447
 0.000117936,  -0.0139447
  0.00011794,  -0.0139447
 0.000117944,  -0.0139447
 0.000117948,  -0.0139447
 0.000117952,  -0.0139447
 0.000117956,  -0.0139447
  0.00011796,  -0.0139447
 0.000117964,  -0.0143216
 0.000117968,  -0.0139447
 0.000117972,  -0.0143216
 0.000117976,  -0.0146985
  0.00011798,  -0.0143216
 0.000117984,  -0.0143216
 0.000117988,  -0.0143216
 0.000117992,  -0.0143216
 0.000117996,  -0.0143216
    0.000118,  -0.0143216
 0.000118004,  -0.0143216
 0.000118008,  -0.0146985
 0.000118012,  -0.0143216
 0.000118016,  -0.0143216
  0.00011802,  -0.0143216
 0.000118024,  -0.0143216
 0.000118028,  -0.0143216
 0.000118032,  -0.0143216
 0.000118036,  -0.0146985
  0.00011804,  -0.0143216
 0.000118044,  -0.0143216
 0.000118048,  -0.0143216
 0.000118052,  -0.0146985
 0.000118056,  -0.0143216
  0.00011806,  -0.0143216
 0.000118064,  -0.0143216
 0.000118068,  -0.0146985
 0.000118072,  -0.0143216
 0.000118076,  -0.0143216
  0.00011808,  -0.0146985
 0.000118084,  -0.0143216
 0.000118088,  -0.0143216
 0.000118092,  -0.0146985
 0.000118096,  -0.0146985
   0.0001181,  -0.0146985
 0.000118104,  -0.0143216
 0.000118108,  -0.0146985
 0.000118112,  -0.0146985
 0.000118116,  -0.0143216
  0.00011812,  -0.0146985
 0.000118124,  -0.0146985
 0.000118128,  -0.0146985
 0.000118132,  -0.0146985
 0.000118136,  -0.0143216
  0.00011814,  -0.0143216
 0.000118144,  -0.0143216
 0.000118148,  -0.0146985
 0.000118152,  -0.0146985
 0.000118156,  -0.0146985
  0.00011816,  -0.0146985
 0.000118164,  -0.0146985
 0.000118168,  -0.0146985
 0.000118172,  -0.0146985
 0.000118176,  -0.0146985
  0.00011818,  -0.0146985
 0.000118184,  -0.0146985
 0.000118188,  -0.0146985
 0.000118192,  -0.0146985
 0.000118196,  -0.0146985
   0.0001182,  -0.0146985
 0.000118204,  -0.0146985
 0.000118208,  -0.0146985
 0.000118212,  -0.0146985
 0.000118216,  -0.0146985
  0.00011822,  -0.0146985
 0.000118224,  -0.0146985
 0.000118228,  -0.0146985
 0.000118232,  -0.0146985
 0.000118236,  -0.0146985
  0.00011824,  -0.0146985
 0.000118244,  -0.0143216
 0.000118248,  -0.0143216
 0.000118252,  -0.0146985
 0.000118256,  -0.0146985
  0.00011826,  -0.0146985
 0.000118264,  -0.0143216
 0.000118268,  -0.0143216
 0.000118272,  -0.0146985
 0.000118276,  -0.0143216
  0.00011828,  -0.0146985
 0.000118284,  -0.0146985
 0.000118288,  -0.0146985
 0.000118292,  -0.0146985
 0.000118296,  -0.0146985
   0.0001183,  -0.0150754
 0.000118304,  -0.0146985
 0.000118308,  -0.0146985
 0.000118312,  -0.0150754
 0.000118316,  -0.0150754
  0.00011832,  -0.0150754
 0.000118324,  -0.0150754
 0.000118328,  -0.0146985
 0.000118332,  -0.0150754
 0.000118336,  -0.0150754
  0.00011834,  -0.0146985
 0.000118344,  -0.0150754
 0.000118348,  -0.0146985
 0.000118352,  -0.0146985
 0.000118356,  -0.0150754
  0.00011836,  -0.0150754
 0.000118364,  -0.0150754
 0.000118368,  -0.0146985
 0.000118372,  -0.0150754
 0.000118376,  -0.0150754
  0.00011838,  -0.0150754
 0.000118384,  -0.0150754
 0.000118388,  -0.0150754
 0.000118392,  -0.0150754
 0.000118396,  -0.0150754
   0.0001184,  -0.0150754
 0.000118404,  -0.0150754
 0.000118408,  -0.0150754
 0.000118412,  -0.0150754
 0.000118416,  -0.0150754
  0.00011842,  -0.0150754
 0.000118424,  -0.0150754
 0.000118428,  -0.0154523
 0.000118432,  -0.0154523
 0.000118436,  -0.0150754
  0.00011844,  -0.0154523
 0.000118444,  -0.0150754
 0.000118448,  -0.0150754
 0.000118452,  -0.0154523
 0.000118456,  -0.0154523
  0.00011846,  -0.0154523
 0.000118464,  -0.0154523
 0.000118468,  -0.0158291
 0.000118472,  -0.0158291
 0.000118476,  -0.0154523
  0.00011848,  -0.0158291
 0.000118484,  -0.0158291
 0.000118488,  -0.0158291
 0.000118492,  -0.0158291
 0.000118496,  -0.0158291
   0.0001185,  -0.0158291
 0.000118504,  -0.0158291
 0.000118508,  -0.0158291
 0.000118512,  -0.0158291
 0.000118516,  -0.0158291
  0.00011852,  -0.0158291
 0.000118524,  -0.0158291
 0.000118528,  -0.0158291
 0.000118532,   -0.016206
 0.000118536,  -0.0158291
  0.00011854,  -0.0158291
 0.000118544,   -0.016206
 0.000118548,   -0.016206
 0.000118552,   -0.016206
 0.000118556,   -0.016206
  0.00011856,   -0.016206
 0.000118564,   -0.016206
 0.000118568,   -0.016206
 0.000118572,   -0.016206
 0.000118576,   -0.016206
  0.00011858,   -0.016206
 0.000118584,  -0.0165829
 0.000118588,  -0.0165829
 0.000118592,  -0.0165829
 0.000118596,  -0.0165829
   0.0001186,  -0.0165829
 0.000118604,   -0.016206
 0.000118608,  -0.0165829
 0.000118612,  -0.0165829
 0.000118616,  -0.0165829
  0.00011862,  -0.0165829
 0.000118624,  -0.0165829
 0.000118628,  -0.0169598
 0.000118632,  -0.0169598
 0.000118636,  -0.0165829
  0.00011864,  -0.0165829
 0.000118644,  -0.0169598
 0.000118648,  -0.0165829
 0.000118652,  -0.0169598
 0.000118656,  -0.0169598
  0.00011866,  -0.0169598
 0.000118664,  -0.0169598
 0.000118668,  -0.0169598
 0.000118672,  -0.0173367
 0.000118676,  -0.0169598
  0.00011868,  -0.0169598
 0.000118684,  -0.0173367
 0.000118688,  -0.0173367
 0.000118692,  -0.0173367
 0.000118696,  -0.0173367
   0.0001187,  -0.0173367
 0.000118704,  -0.0173367
 0.000118708,  -0.0173367
 0.000118712,  -0.0173367
 0.000118716,  -0.0173367
  0.00011872,  -0.0173367
 0.000118724,  -0.0177136
 0.000118728,  -0.0173367
 0.000118732,  -0.0173367
 0.000118736,  -0.0177136
  0.00011874,  -0.0173367
 0.000118744,  -0.0173367
 0.000118748,  -0.0173367
 0.000118752,  -0.0173367
 0.000118756,  -0.0177136
  0.00011876,  -0.0173367
 0.000118764,  -0.0173367
 0.000118768,  -0.0177136
 0.000118772,  -0.0177136
 0.000118776,  -0.0177136
  0.00011878,  -0.0173367
 0.000118784,  -0.0173367
 0.000118788,  -0.0177136
 0.000118792,  -0.0177136
 0.000118796,  -0.0177136
   0.0001188,  -0.0177136
 0.000118804,  -0.0177136
 0.000118808,  -0.0177136
 0.000118812,  -0.0177136
 0.000118816,  -0.0177136
  0.00011882,  -0.0177136
 0.000118824,  -0.0177136
 0.000118828,  -0.0180905
 0.000118832,  -0.0177136
 0.000118836,  -0.0177136
  0.00011884,  -0.0177136
 0.000118844,  -0.0180905
 0.000118848,  -0.0177136
 0.000118852,  -0.0177136
 0.000118856,  -0.0180905
  0.00011886,  -0.0180905
 0.000118864,  -0.0180905
 0.000118868,  -0.0180905
 0.000118872,  -0.0180905
 0.000118876,  -0.0180905
  0.00011888,  -0.0177136
 0.000118884,  -0.0180905
 0.000118888,  -0.0180905
 0.000118892,  -0.0180905
 0.000118896,  -0.0180905
   0.0001189,  -0.0180905
 0.000118904,  -0.0180905
 0.000118908,  -0.0180905
 0.000118912,  -0.0180905
 0.000118916,  -0.0180905
  0.00011892,  -0.0180905
 0.000118924,  -0.0180905
 0.000118928,  -0.0180905
 0.000118932,  -0.0180905
 0.000118936,  -0.0184673
  0.00011894,  -0.0180905
 0.000118944,  -0.0180905
 0.000118948,  -0.0184673
 0.000118952,  -0.0184673
 0.000118956,  -0.0180905
  0.00011896,  -0.0184673
 0.000118964,  -0.0184673
 0.000118968,  -0.0184673
 0.000118972,  -0.0180905
 0.000118976,  -0.0184673
  0.00011898,  -0.0184673
 0.000118984,  -0.0180905
 0.000118988,  -0.0184673
 0.000118992,  -0.0184673
 0.000118996,  -0.0184673
    0.000119,  -0.0184673
 0.000119004,  -0.0184673
 0.000119008,  -0.0184673
 0.000119012,  -0.0184673
 0.000119016,  -0.0184673
  0.00011902,  -0.0184673
 0.000119024,  -0.0180905
 0.000119028,  -0.0184673
 0.000119032,  -0.0184673
 0.000119036,  -0.0184673
  0.00011904,  -0.0180905
 0.000119044,  -0.0184673
 0.000119048,  -0.0180905
 0.000119052,  -0.0180905
 0.000119056,  -0.0180905
  0.00011906,  -0.0184673
 0.000119064,  -0.0184673
 0.000119068,  -0.0180905
 0.000119072,  -0.0180905
 0.000119076,  -0.0184673
  0.00011908,  -0.0184673
 0.000119084,  -0.0180905
 0.000119088,  -0.0184673
 0.000119092,  -0.0184673
 0.000119096,  -0.0184673
   0.0001191,  -0.0180905
 0.000119104,  -0.0184673
 0.000119108,  -0.0184673
 0.000119112,  -0.0184673
 0.000119116,  -0.0180905
  0.00011912,  -0.0184673
 0.000119124,  -0.0184673
 0.000119128,  -0.0184673
 0.000119132,  -0.0180905
 0.000119136,  -0.0184673
  0.00011914,  -0.0184673
 0.000119144,  -0.0184673
 0.000119148,  -0.0184673
 0.000119152,  -0.0184673
 0.000119156,  -0.0184673
  0.00011916,  -0.0184673
 0.000119164,  -0.0184673
 0.000119168,  -0.0184673
 0.000119172,  -0.0184673
 0.000119176,  -0.0184673
  0.00011918,  -0.0184673
 0.000119184,  -0.0184673
 0.000119188,  -0.0184673
 0.000119192,  -0.0180905
 0.000119196,  -0.0180905
   0.0001192,  -0.0184673
 0.000119204,  -0.0184673
 0.000119208,  -0.0184673
 0.000119212,  -0.0184673
 0.000119216,  -0.0184673
  0.00011922,  -0.0184673
 0.000119224,  -0.0184673
 0.000119228,  -0.0184673
 0.000119232,  -0.0184673
 0.000119236,  -0.0184673
  0.00011924,  -0.0184673
 0.000119244,  -0.0184673
 0.000119248,  -0.0184673
 0.000119252,  -0.0188442
 0.000119256,  -0.0184673
  0.00011926,  -0.0184673
 0.000119264,  -0.0188442
 0.000119268,  -0.0184673
 0.000119272,  -0.0184673
 0.000119276,  -0.0184673
  0.00011928,  -0.0184673
 0.000119284,  -0.0184673
 0.000119288,  -0.0184673
 0.000119292,  -0.0184673
 0.000119296,  -0.0184673
   0.0001193,  -0.0184673
 0.000119304,  -0.0184673
 0.000119308,  -0.0184673
 0.000119312,  -0.0184673
 0.000119316,  -0.0184673
  0.00011932,  -0.0188442
 0.000119324,  -0.0184673
 0.000119328,  -0.0188442
 0.000119332,  -0.0188442
 0.000119336,  -0.0184673
  0.00011934,  -0.0184673
 0.000119344,  -0.0184673
 0.000119348,  -0.0184673
 0.000119352,  -0.0184673
 0.000119356,  -0.0184673
  0.00011936,  -0.0184673
 0.000119364,  -0.0184673
 0.000119368,  -0.0184673
 0.000119372,  -0.0184673
 0.000119376,  -0.0184673
  0.00011938,  -0.0188442
 0.000119384,  -0.0184673
 0.000119388,  -0.0184673
 0.000119392,  -0.0188442
 0.000119396,  -0.0184673
   0.0001194,  -0.0188442
 0.000119404,  -0.0184673
 0.000119408,  -0.0184673
 0.000119412,  -0.0184673
 0.000119416,  -0.0184673
  0.00011942,  -0.0184673
 0.000119424,  -0.0188442
 0.000119428,  -0.0184673
 0.000119432,  -0.0184673
 0.000119436,  -0.0184673
  0.00011944,  -0.0188442
 0.000119444,  -0.0188442
 0.000119448,  -0.0184673
 0.000119452,  -0.0184673
 0.000119456,  -0.0188442
  0.00011946,  -0.0184673
 0.000119464,  -0.0184673
 0.000119468,  -0.0184673
 0.000119472,  -0.0188442
 0.000119476,  -0.0184673
  0.00011948,  -0.0184673
 0.000119484,  -0.0188442
 0.000119488,  -0.0188442
 0.000119492,  -0.0184673
 0.000119496,  -0.0184673
   0.0001195,  -0.0184673
 0.000119504,  -0.0184673
 0.000119508,  -0.0184673
 0.000119512,  -0.0180905
 0.000119516,  -0.0184673
  0.00011952,  -0.0184673
 0.000119524,  -0.0184673
 0.000119528,  -0.0184673
 0.000119532,  -0.0180905
 0.000119536,  -0.0184673
  0.00011954,  -0.0180905
 0.000119544,  -0.0180905
 0.000119548,  -0.0180905
 0.000119552,  -0.0180905
 0.000119556,  -0.0180905
  0.00011956,  -0.0180905
 0.000119564,  -0.0180905
 0.000119568,  -0.0180905
 0.000119572,  -0.0180905
 0.000119576,  -0.0180905
  0.00011958,  -0.0180905
 0.000119584,  -0.0180905
 0.000119588,  -0.0180905
 0.000119592,  -0.0180905
 0.000119596,  -0.0180905
   0.0001196,  -0.0180905
 0.000119604,  -0.0177136
 0.000119608,  -0.0177136
 0.000119612,  -0.0180905
 0.000119616,  -0.0177136
  0.00011962,  -0.0177136
 0.000119624,  -0.0177136
 0.000119628,  -0.0177136
 0.000119632,  -0.0177136
 0.000119636,  -0.0177136
  0.00011964,  -0.0177136
 0.000119644,  -0.0173367
 0.000119648,  -0.0173367
 0.000119652,  -0.0173367
 0.000119656,  -0.0177136
  0.00011966,  -0.0173367
 0.000119664,  -0.0173367
 0.000119668,  -0.0173367
 0.000119672,  -0.0173367
 0.000119676,  -0.0173367
  0.00011968,  -0.0169598
 0.000119684,  -0.0169598
 0.000119688,  -0.0173367
 0.000119692,  -0.0169598
 0.000119696,  -0.0169598
   0.0001197,  -0.0169598
 0.000119704,  -0.0169598
 0.000119708,  -0.0169598
 0.000119712,  -0.0169598
 0.000119716,  -0.0165829
  0.00011972,  -0.0165829
 0.000119724,  -0.0165829
 0.000119728,  -0.0165829
 0.000119732,  -0.0165829
 0.000119736,  -0.0165829
  0.00011974,  -0.0165829
 0.000119744,   -0.016206
 0.000119748,   -0.016206
 0.000119752,   -0.016206
 0.000119756,   -0.016206
  0.00011976,   -0.016206
 0.000119764,   -0.016206
 0.000119768,  -0.0158291
 0.000119772,  -0.0158291
 0.000119776,  -0.0158291
  0.00011978,  -0.0158291
 0.000119784,  -0.0154523
 0.000119788,  -0.0154523
 0.000119792,  -0.0154523
 0.000119796,  -0.0154523
   0.0001198,  -0.0154523
 0.000119804,  -0.0154523
 0.000119808,  -0.0150754
 0.000119812,  -0.0150754
 0.000119816,  -0.0150754
  0.00011982,  -0.0146985
 0.000119824,  -0.0146985
 0.000119828,  -0.0146985
 0.000119832,  -0.0146985
 0.000119836,  -0.0146985
  0.00011984,  -0.0143216
 0.000119844,  -0.0143216
 0.000119848,  -0.0143216
 0.000119852,  -0.0143216
 0.000119856,  -0.0143216
  0.00011986,  -0.0139447
 0.000119864,  -0.0139447
 0.000119868,  -0.0139447
 0.000119872,  -0.0135678
 0.000119876,  -0.0135678
  0.00011988,   -0.013191
 0.000119884,  -0.0135678
 0.000119888,   -0.013191
 0.000119892,   -0.013191
 0.000119896,   -0.013191
   0.0001199,  -0.0128141
 0.000119904,  -0.0128141
 0.000119908,  -0.0124372
 0.000119912,  -0.0124372
 0.000119916,  -0.0124372
  0.00011992,  -0.0124372
 0.000119924,  -0.0120603
 0.000119928,  -0.0120603
 0.000119932,  -0.0120603
 0.000119936,  -0.0120603
  0.00011994,  -0.0116834
 0.000119944,  -0.0116834
 0.000119948,  -0.0116834
 0.000119952,  -0.0113065
 0.000119956,  -0.0113065
  0.00011996,  -0.0113065
 0.000119964,  -0.0113065
 0.000119968,  -0.0109296
 0.000119972,  -0.0109296
 0.000119976,  -0.0109296
  0.00011998,  -0.0105528
 0.000119984,  -0.0105528
 0.000119988,  -0.0105528
 0.000119992,  -0.0101759
 0.000119996,  -0.0101759
     0.00012,   -0.009799
 0.000120004,   -0.009799
 0.000120008,   -0.009799
 0.000120012, -0.00942211
 0.000120016, -0.00942211
  0.00012002, -0.00942211
 0.000120024, -0.00904523
 0.000120028, -0.00904523
 0.000120032, -0.00904523
 0.000120036, -0.00866834
  0.00012004, -0.00829146
 0.000120044, -0.00866834
 0.000120048, -0.00829146
 0.000120052, -0.00829146
 0.000120056, -0.00791457
  0.00012006, -0.00791457
 0.000120064, -0.00753769
 0.000120068, -0.00753769
 0.000120072, -0.00753769
 0.000120076, -0.00753769
  0.00012008,  -0.0071608
 0.000120084,  -0.0071608
 0.000120088,  -0.0071608
 0.000120092,  -0.0071608
 0.000120096, -0.00640704
   0.0001201, -0.00640704
 0.000120104, -0.00640704
 0.000120108, -0.00640704
 0.000120112, -0.00603015
 0.000120116, -0.00603015
  0.00012012, -0.00603015
 0.000120124, -0.00565327
 0.000120128, -0.00565327
 0.000120132, -0.00527638
 0.000120136, -0.00527638
  0.00012014,  -0.0048995
 0.000120144,  -0.0048995
 0.000120148,  -0.0048995
 0.000120152,  -0.0048995
 0.000120156, -0.00414573
  0.00012016, -0.00452261
 0.000120164, -0.00452261
 0.000120168, -0.00414573
 0.000120172, -0.00414573
 0.000120176, -0.00376884
  0.00012018, -0.00376884
 0.000120184, -0.00339196
 0.000120188, -0.00339196
 0.000120192, -0.00339196
 0.000120196, -0.00301508
   0.0001202, -0.00301508
 0.000120204, -0.00263819
 0.000120208, -0.00263819
 0.000120212, -0.00263819
 0.000120216, -0.00226131
  0.00012022, -0.00188442
 0.000120224, -0.00188442
 0.000120228, -0.00188442
 0.000120232, -0.00150754
 0.000120236, -0.00150754
  0.00012024, -0.00150754
 0.000120244, -0.00113065
 0.000120248, -0.00113065
 0.000120252,-0.000753769
 0.000120256,-0.000753769
  0.00012026,-0.000753769
 0.000120264,-0.000376884
 0.000120268,-0.000376884
 0.000120272,           0
 0.000120276,           0
  0.00012028, 0.000376884
 0.000120284, 0.000376884
 0.000120288, 0.000376884
 0.000120292, 0.000753769
 0.000120296,  0.00113065
   0.0001203,  0.00113065
 0.000120304,  0.00113065
 0.000120308,  0.00150754
 0.000120312,  0.00150754
 0.000120316,  0.00188442
  0.00012032,  0.00188442
 0.000120324,  0.00226131
 0.000120328,  0.00226131
 0.000120332,  0.00226131
 0.000120336,  0.00263819
  0.00012034,  0.00301508
 0.000120344,  0.00301508
 0.000120348,  0.00301508
 0.000120352,  0.00339196
 0.000120356,  0.00339196
  0.00012036,  0.00376884
 0.000120364,  0.00376884
 0.000120368,  0.00414573
 0.000120372,  0.00414573
 0.000120376,  0.00414573
  0.00012038,   0.0048995
 0.000120384,   0.0048995
 0.000120388,   0.0048995
 0.000120392,  0.00527638
 0.000120396,  0.00527638
   0.0001204,  0.00527638
 0.000120404,  0.00565327
 0.000120408,  0.00565327
 0.000120412,  0.00603015
 0.000120416,  0.00603015
  0.00012042,  0.00640704
 0.000120424,  0.00640704
 0.000120428,  0.00640704
 0.000120432,  0.00678392
 0.000120436,  0.00678392
  0.00012044,   0.0071608
 0.000120444,  0.00753769
 0.000120448,  0.00753769
 0.000120452,  0.00753769
 0.000120456,  0.00791457
  0.00012046,  0.00829146
 0.000120464,  0.00829146
 0.000120468,  0.00866834
 0.000120472,  0.00866834
 0.000120476,  0.00904523
  0.00012048,  0.00904523
 0.000120484,  0.00942211
 0.000120488,  0.00942211
 0.000120492,  0.00942211
 0.000120496,    0.009799
   0.0001205,   0.0101759
 0.000120504,   0.0105528
 0.000120508,   0.0105528
 0.000120512,   0.0105528
 0.000120516,   0.0109296
  0.00012052,   0.0113065
 0.000120524,   0.0113065
 0.000120528,   0.0116834
 0.000120532,   0.0116834
 0.000120536,   0.0120603
  0.00012054,   0.0120603
 0.000120544,   0.0124372
 0.000120548,   0.0128141
 0.000120552,   0.0128141
 0.000120556,   0.0128141
  0.00012056,    0.013191
 0.000120564,   0.0135678
 0.000120568,   0.0135678
 0.000120572,   0.0139447
 0.000120576,   0.0139447
  0.00012058,   0.0143216
 0.000120584,   0.0143216
 0.000120588,   0.0146985
 0.000120592,   0.0150754
 0.000120596,   0.0150754
   0.0001206,   0.0154523
 0.000120604,   0.0158291
 0.000120608,    0.016206
 0.000120612,    0.016206
 0.000120616,    0.016206
  0.00012062,   0.0165829
 0.000120624,   0.0169598
 0.000120628,   0.0169598
 0.000120632,   0.0173367
 0.000120636,   0.0177136
  0.00012064,   0.0177136
 0.000120644,   0.0180905
 0.000120648,   0.0180905
 0.000120652,   0.0184673
 0.000120656,   0.0184673
  0.00012066,   0.0188442
 0.000120664,   0.0192211
 0.000120668,   0.0192211
 0.000120672,    0.019598
 0.000120676,    0.019598
  0.00012068,   0.0199749
 0.000120684,   0.0203518
 0.000120688,   0.0203518
 0.000120692,   0.0203518
 0.000120696,   0.0207286
   0.0001207,   0.0211055
 0.000120704,   0.0214824
 0.000120708,   0.0214824
 0.000120712,   0.0218593
 0.000120716,   0.0222362
  0.00012072,   0.0222362
 0.000120724,   0.0226131
 0.000120728,   0.0229899
 0.000120732,   0.0229899
 0.000120736,   0.0233668
  0.00012074,   0.0237437
 0.000120744,   0.0237437
 0.000120748,   0.0241206
 0.000120752,   0.0241206
 0.000120756,   0.0244975
  0.00012076,   0.0248744
 0.000120764,   0.0252513
 0.000120768,   0.0256281
 0.000120772,   0.0256281
 0.000120776,    0.026005
  0.00012078,   0.0263819
 0.000120784,   0.0263819
 0.000120788,   0.0267588
 0.000120792,   0.0267588
 0.000120796,   0.0271357
   0.0001208,   0.0275126
 0.000120804,   0.0278894
 0.000120808,   0.0282663
 0.000120812,   0.0282663
 0.000120816,   0.0286432
  0.00012082,   0.0286432
 0.000120824,   0.0290201
 0.000120828,    0.029397
 0.000120832,   0.0297739
 0.000120836,   0.0297739
  0.00012084,   0.0301508
 0.000120844,   0.0305276
 0.000120848,   0.0305276
 0.000120852,   0.0309045
 0.000120856,   0.0312814
  0.00012086,   0.0312814
 0.000120864,   0.0316583
 0.000120868,   0.0320352
 0.000120872,   0.0320352
 0.000120876,   0.0324121
  0.00012088,   0.0327889
 0.000120884,   0.0331658
 0.000120888,   0.0331658
 0.000120892,   0.0335427
 0.000120896,   0.0335427
   0.0001209,   0.0339196
 0.000120904,   0.0342965
 0.000120908,   0.0346734
 0.000120912,   0.0350503
 0.000120916,   0.0350503
  0.00012092,   0.0354271
 0.000120924,    0.035804
 0.000120928,   0.0361809
 0.000120932,   0.0361809
 0.000120936,   0.0365578
  0.00012094,   0.0369347
 0.000120944,   0.0369347
 0.000120948,   0.0373116
 0.000120952,   0.0373116
 0.000120956,   0.0376884
  0.00012096,   0.0380653
 0.000120964,   0.0380653
 0.000120968,   0.0388191
 0.000120972,   0.0388191
 0.000120976,    0.039196
  0.00012098,   0.0395729
 0.000120984,   0.0395729
 0.000120988,   0.0399497
 0.000120992,   0.0403266
 0.000120996,   0.0407035
    0.000121,   0.0407035
 0.000121004,   0.0410804
 0.000121008,   0.0414573
 0.000121012,   0.0418342
 0.000121016,   0.0418342
  0.00012102,   0.0418342
 0.000121024,   0.0422111
 0.000121028,   0.0425879
 0.000121032,   0.0429648
 0.000121036,   0.0429648
  0.00012104,   0.0433417
 0.000121044,   0.0437186
 0.000121048,   0.0437186
 0.000121052,   0.0440955
 0.000121056,   0.0444724
  0.00012106,   0.0448492
 0.000121064,   0.0448492
 0.000121068,   0.0452261
 0.000121072,    0.045603
 0.000121076,    0.045603
  0.00012108,   0.0459799
 0.000121084,   0.0459799
 0.000121088,   0.0467337
 0.000121092,   0.0467337
 0.000121096,   0.0471106
   0.0001211,   0.0471106
 0.000121104,   0.0474874
 0.000121108,   0.0478643
 0.000121112,   0.0478643
 0.000121116,   0.0482412
  0.00012112,   0.0486181
 0.000121124,   0.0486181
 0.000121128,    0.048995
 0.000121132,   0.0493719
 0.000121136,   0.0497487
  0.00012114,   0.0501256
 0.000121144,   0.0501256
 0.000121148,   0.0505025
 0.000121152,   0.0508794
 0.000121156,   0.0508794
  0.00012116,   0.0512563
 0.000121164,   0.0516332
 0.000121168,   0.0516332
 0.000121172,     0.05201
 0.000121176,     0.05201
  0.00012118,   0.0523869
 0.000121184,   0.0527638
 0.000121188,   0.0527638
 0.000121192,   0.0531407
 0.000121196,   0.0535176
   0.0001212,   0.0535176
 0.000121204,   0.0538945
 0.000121208,   0.0538945
 0.000121212,   0.0546482
 0.000121216,   0.0546482
  0.00012122,   0.0550251
 0.000121224,    0.055402
 0.000121228,    0.055402
 0.000121232,   0.0557789
 0.000121236,   0.0557789
  0.00012124,   0.0561558
 0.000121244,   0.0569095
 0.000121248,   0.0569095
 0.000121252,   0.0569095
 0.000121256,   0.0572864
  0.00012126,   0.0576633
 0.000121264,   0.0576633
 0.000121268,   0.0580402
 0.000121272,   0.0580402
 0.000121276,   0.0584171
  0.00012128,    0.058794
 0.000121284,    0.058794
 0.000121288,   0.0591709
 0.000121292,   0.0591709
 0.000121296,   0.0595477
   0.0001213,   0.0599246
 0.000121304,   0.0603015
 0.000121308,   0.0603015
 0.000121312,   0.0606784
 0.000121316,   0.0610553
  0.00012132,   0.0610553
 0.000121324,   0.0614322
 0.000121328,   0.0614322
 0.000121332,    0.061809
 0.000121336,   0.0621859
  0.00012134,   0.0625628
 0.000121344,   0.0629397
 0.000121348,   0.0629397
 0.000121352,   0.0633166
 0.000121356,   0.0633166
  0.00012136,   0.0633166
 0.000121364,   0.0636935
 0.000121368,   0.0640704
 0.000121372,   0.0644472
 0.000121376,   0.0644472
  0.00012138,   0.0648241
 0.000121384,    0.065201
 0.000121388,    0.065201
 0.000121392,   0.0655779
 0.000121396,   0.0655779
   0.0001214,   0.0659548
 0.000121404,   0.0659548
 0.000121408,   0.0663317
 0.000121412,   0.0667085
 0.000121416,   0.0670854
  0.00012142,   0.0670854
 0.000121424,   0.0674623
 0.000121428,   0.0674623
 0.000121432,   0.0678392
 0.000121436,   0.0678392
  0.00012144,   0.0682161
 0.000121444,    0.068593
 0.000121448,    0.068593
 0.000121452,   0.0689698
 0.000121456,   0.0693467
  0.00012146,   0.0697236
 0.000121464,   0.0697236
 0.000121468,   0.0697236
 0.000121472,   0.0697236
 0.000121476,   0.0704774
  0.00012148,   0.0704774
 0.000121484,   0.0704774
 0.000121488,   0.0708543
 0.000121492,   0.0708543
 0.000121496,   0.0712312
   0.0001215,    0.071608
 0.000121504,   0.0719849
 0.000121508,   0.0719849
 0.000121512,   0.0723618
 0.000121516,   0.0723618
  0.00012152,   0.0727387
 0.000121524,   0.0731156
 0.000121528,   0.0731156
 0.000121532,   0.0734925
 0.000121536,   0.0734925
  0.00012154,   0.0738693
 0.000121544,   0.0742462
 0.000121548,   0.0742462
 0.000121552,   0.0746231
 0.000121556,   0.0746231
  0.00012156,       0.075
 0.000121564,   0.0753769
 0.000121568,   0.0753769
 0.000121572,   0.0757538
 0.000121576,   0.0757538
  0.00012158,   0.0761307
 0.000121584,   0.0761307
 0.000121588,   0.0765075
 0.000121592,   0.0765075
 0.000121596,   0.0768844
   0.0001216,   0.0768844
 0.000121604,   0.0772613
 0.000121608,   0.0776382
 0.000121612,   0.0776382
 0.000121616,   0.0780151
  0.00012162,   0.0780151
 0.000121624,   0.0780151
 0.000121628,   0.0787688
 0.000121632,   0.0787688
 0.000121636,   0.0791457
  0.00012164,   0.0791457
 0.000121644,   0.0795226
 0.000121648,   0.0798995
 0.000121652,   0.0798995
 0.000121656,   0.0802764
  0.00012166,   0.0802764
 0.000121664,   0.0806533
 0.000121668,   0.0810302
 0.000121672,   0.0810302
 0.000121676,    0.081407
  0.00012168,    0.081407
 0.000121684,   0.0817839
 0.000121688,   0.0821608
 0.000121692,   0.0821608
 0.000121696,   0.0825377
   0.0001217,   0.0825377
 0.000121704,   0.0825377
 0.000121708,   0.0829146
 0.000121712,   0.0832915
 0.000121716,   0.0832915
  0.00012172,   0.0836683
 0.000121724,   0.0836683
 0.000121728,   0.0840452
 0.000121732,   0.0844221
 0.000121736,   0.0844221
  0.00012174,    0.084799
 0.000121744,    0.084799
 0.000121748,    0.084799
 0.000121752,   0.0851759
 0.000121756,   0.0855528
  0.00012176,   0.0855528
 0.000121764,   0.0859296
 0.000121768,   0.0863065
 0.000121772,   0.0863065
 0.000121776,   0.0863065
  0.00012178,   0.0866834
 0.000121784,   0.0870603
 0.000121788,   0.0870603
 0.000121792,   0.0874372
 0.000121796,   0.0874372
   0.0001218,   0.0878141
 0.000121804,    0.088191
 0.000121808,   0.0885678
 0.000121812,   0.0885678
 0.000121816,   0.0885678
  0.00012182,   0.0889447
 0.000121824,   0.0893216
 0.000121828,   0.0893216
 0.000121832,   0.0893216
 0.000121836,   0.0900754
  0.00012184,   0.0900754
 0.000121844,   0.0900754
 0.000121848,   0.0904523
 0.000121852,   0.0908291
 0.000121856,   0.0908291
  0.00012186,   0.0908291
 0.000121864,    0.091206
 0.000121868,   0.0915829
 0.000121872,   0.0915829
 0.000121876,   0.0919598
  0.00012188,   0.0923367
 0.000121884,   0.0923367
 0.000121888,   0.0927136
 0.000121892,   0.0927136
 0.000121896,   0.0930905
   0.0001219,   0.0934673
 0.000121904,   0.0934673
 0.000121908,   0.0934673
 0.000121912,   0.0938442
 0.000121916,   0.0938442
  0.00012192,   0.0942211
 0.000121924,    0.094598
 0.000121928,    0.094598
 0.000121932,   0.0949749
 0.000121936,   0.0949749
  0.00012194,   0.0953518
 0.000121944,   0.0953518
 0.000121948,   0.0957286
 0.000121952,   0.0957286
 0.000121956,   0.0961055
  0.00012196,   0.0961055
 0.000121964,   0.0964824
 0.000121968,   0.0964824
 0.000121972,   0.0968593
 0.000121976,   0.0972362
  0.00012198,   0.0972362
 0.000121984,   0.0976131
 0.000121988,   0.0976131
 0.000121992,   0.0979899
 0.000121996,   0.0979899
