    0.000117,  -0.0080402
 0.000117004,  -0.0080402
 0.000117008,  -0.0080402
 0.000117012,  -0.0080402
 0.000117016,  -0.0080402
  0.00011702,  -0.0080402
 0.000117024,  -0.0080402
 0.000117028,  -0.0080402
 0.000117032,  -0.0080402
 0.000117036,  -0.0080402
  0.00011704,  -0.0080402
 0.000117044,  -0.0080402
 0.000117048, -0.00753769
 0.000117052,  -0.0080402
 0.000117056,  -0.0080402
  0.00011706,  -0.0080402
 0.000117064,  -0.0080402
 0.000117068,  -0.0080402
 0.000117072,  -0.0080402
 0.000117076,  -0.0080402
  0.00011708,  -0.0080402
 0.000117084,  -0.0080402
 0.000117088,  -0.0080402
 0.000117092, -0.00753769
 0.000117096,  -0.0080402
   0.0001171,  -0.0080402
 0.000117104,  -0.0080402
 0.000117108, -0.00753769
 0.000117112,  -0.0080402
 0.000117116,  -0.0080402
  0.00011712,  -0.0080402
 0.000117124,  -0.0080402
 0.000117128, -0.00753769
 0.000117132,  -0.0080402
 0.000117136,  -0.0080402
  0.00011714,  -0.0080402
 0.000117144,  -0.0080402
 0.000117148, -0.00753769
 0.000117152,  -0.0080402
 0.000117156,  -0.0080402
  0.00011716,  -0.0080402
 0.000117164,  -0.0080402
 0.000117168,  -0.0080402
 0.000117172,  -0.0080402
 0.000117176,  -0.0080402
  0.00011718,  -0.0080402
 0.000117184,  -0.0080402
 0.000117188,  -0.0080402
 0.000117192,  -0.0080402
 0.000117196,  -0.0080402
   0.0001172,  -0.0080402
 0.000117204,  -0.0080402
 0.000117208,  -0.0080402
 0.000117212,  -0.0080402
 0.000117216,  -0.0080402
  0.00011722,  -0.0080402
 0.000117224,  -0.0080402
 0.000117228,  -0.0080402
 0.000117232,  -0.0080402
 0.000117236,  -0.0080402
  0.00011724,  -0.0080402
 0.000117244,  -0.0080402
 0.000117248,  -0.0080402
 0.000117252,  -0.0080402
 0.000117256,  -0.0080402
  0.00011726,  -0.0080402
 0.000117264,  -0.0080402
 0.000117268,  -0.0080402
 0.000117272,  -0.0080402
 0.000117276,  -0.0080402
  0.00011728,  -0.0080402
 0.000117284, -0.00854271
 0.000117288, -0.00854271
 0.000117292,  -0.0080402
 0.000117296,  -0.0080402
   0.0001173,  -0.0080402
 0.000117304,  -0.0080402
 0.000117308,  -0.0080402
 0.000117312,  -0.0080402
 0.000117316,  -0.0080402
  0.00011732,  -0.0080402
 0.000117324,  -0.0080402
 0.000117328,  -0.0080402
 0.000117332,  -0.0080402
 0.000117336, -0.00854271
  0.00011734,  -0.0080402
 0.000117344,  -0.0080402
 0.000117348,  -0.0080402
 0.000117352,  -0.0080402
 0.000117356,  -0.0080402
  0.00011736, -0.00854271
 0.000117364, -0.00854271
 0.000117368,  -0.0080402
 0.000117372,  -0.0080402
 0.000117376, -0.00854271
  0.00011738, -0.00854271
 0.000117384, -0.00854271
 0.000117388, -0.00854271
 0.000117392, -0.00854271
 0.000117396, -0.00854271
   0.0001174, -0.00854271
 0.000117404, -0.00854271
 0.000117408, -0.00854271
 0.000117412,  -0.0080402
 0.000117416, -0.00854271
  0.00011742, -0.00854271
 0.000117424, -0.00854271
 0.000117428, -0.00854271
 0.000117432, -0.00854271
 0.000117436, -0.00854271
  0.00011744, -0.00854271
 0.000117444, -0.00854271
 0.000117448, -0.00854271
 0.000117452, -0.00854271
 0.000117456, -0.00854271
  0.00011746, -0.00854271
 0.000117464, -0.00854271
 0.000117468, -0.00904523
 0.000117472, -0.00854271
 0.000117476, -0.00854271
  0.00011748, -0.00904523
 0.000117484, -0.00854271
 0.000117488, -0.00904523
 0.000117492, -0.00854271
 0.000117496, -0.00904523
   0.0001175, -0.00904523
 0.000117504, -0.00854271
 0.000117508, -0.00904523
 0.000117512, -0.00904523
 0.000117516, -0.00904523
  0.00011752, -0.00904523
 0.000117524, -0.00904523
 0.000117528, -0.00904523
 0.000117532, -0.00904523
 0.000117536, -0.00904523
  0.00011754, -0.00904523
 0.000117544, -0.00904523
 0.000117548, -0.00904523
 0.000117552, -0.00904523
 0.000117556, -0.00954774
  0.00011756, -0.00954774
 0.000117564, -0.00904523
 0.000117568, -0.00904523
 0.000117572, -0.00954774
 0.000117576, -0.00954774
  0.00011758, -0.00954774
 0.000117584, -0.00904523
 0.000117588, -0.00954774
 0.000117592, -0.00954774
 0.000117596, -0.00954774
   0.0001176, -0.00954774
 0.000117604, -0.00954774
 0.000117608, -0.00954774
 0.000117612, -0.00954774
 0.000117616, -0.00954774
  0.00011762, -0.00954774
 0.000117624, -0.00954774
 0.000117628, -0.00954774
 0.000117632, -0.00954774
 0.000117636, -0.00954774
  0.00011764, -0.00954774
 0.000117644, -0.00954774
 0.000117648, -0.00954774
 0.000117652, -0.00954774
 0.000117656,  -0.0100503
  0.00011766,  -0.0100503
 0.000117664,  -0.0100503
 0.000117668,  -0.0100503
 0.000117672, -0.00954774
 0.000117676,  -0.0100503
  0.00011768,  -0.0100503
 0.000117684,  -0.0100503
 0.000117688,  -0.0100503
 0.000117692,  -0.0100503
 0.000117696,  -0.0100503
   0.0001177,  -0.0100503
 0.000117704,  -0.0100503
 0.000117708,  -0.0100503
 0.000117712,  -0.0100503
 0.000117716,  -0.0100503
  0.00011772,  -0.0100503
 0.000117724,  -0.0100503
 0.000117728,  -0.0100503
 0.000117732,  -0.0100503
 0.000117736,  -0.0105528
  0.00011774,  -0.0100503
 0.000117744,  -0.0105528
 0.000117748,  -0.0105528
 0.000117752,  -0.0105528
 0.000117756,  -0.0100503
  0.00011776,  -0.0105528
 0.000117764,  -0.0105528
 0.000117768,  -0.0105528
 0.000117772,  -0.0105528
 0.000117776,  -0.0105528
  0.00011778,  -0.0105528
 0.000117784,  -0.0105528
 0.000117788,  -0.0105528
 0.000117792,  -0.0110553
 0.000117796,  -0.0105528
   0.0001178,  -0.0105528
 0.000117804,  -0.0105528
 0.000117808,  -0.0110553
 0.000117812,  -0.0105528
 0.000117816,  -0.0105528
  0.00011782,  -0.0105528
 0.000117824,  -0.0110553
 0.000117828,  -0.0110553
 0.000117832,  -0.0110553
 0.000117836,  -0.0110553
  0.00011784,  -0.0110553
 0.000117844,  -0.0110553
 0.000117848,  -0.0110553
 0.000117852,  -0.0110553
 0.000117856,  -0.0110553
  0.00011786,  -0.0110553
 0.000117864,  -0.0110553
 0.000117868,  -0.0110553
 0.000117872,  -0.0110553
 0.000117876,  -0.0110553
  0.00011788,  -0.0115578
 0.000117884,  -0.0115578
 0.000117888,  -0.0110553
 0.000117892,  -0.0110553
 0.000117896,  -0.0115578
   0.0001179,  -0.0115578
 0.000117904,  -0.0115578
 0.000117908,  -0.0115578
 0.000117912,  -0.0115578
 0.000117916,  -0.0115578
  0.00011792,  -0.0115578
 0.000117924,  -0.0115578
 0.000117928,  -0.0120603
 0.000117932,  -0.0115578
 0.000117936,  -0.0115578
  0.00011794,  -0.0115578
 0.000117944,  -0.0120603
 0.000117948,  -0.0115578
 0.000117952,  -0.0120603
 0.000117956,  -0.0120603
  0.00011796,  -0.0120603
 0.000117964,  -0.0115578
 0.000117968,  -0.0120603
 0.000117972,  -0.0120603
 0.000117976,  -0.0120603
  0.00011798,  -0.0115578
 0.000117984,  -0.0120603
 0.000117988,  -0.0120603
 0.000117992,  -0.0120603
 0.000117996,  -0.0120603
    0.000118,  -0.0120603
 0.000118004,  -0.0120603
 0.000118008,  -0.0120603
 0.000118012,  -0.0120603
 0.000118016,  -0.0120603
  0.00011802,  -0.0120603
 0.000118024,  -0.0120603
 0.000118028,  -0.0120603
 0.000118032,  -0.0120603
 0.000118036,  -0.0120603
  0.00011804,  -0.0120603
 0.000118044,  -0.0125628
 0.000118048,  -0.0125628
 0.000118052,  -0.0125628
 0.000118056,  -0.0125628
  0.00011806,  -0.0125628
 0.000118064,  -0.0125628
 0.000118068,  -0.0125628
 0.000118072,  -0.0125628
 0.000118076,  -0.0125628
  0.00011808,  -0.0125628
 0.000118084,  -0.0125628
 0.000118088,  -0.0125628
 0.000118092,  -0.0130653
 0.000118096,  -0.0125628
   0.0001181,  -0.0125628
 0.000118104,  -0.0125628
 0.000118108,  -0.0125628
 0.000118112,  -0.0125628
 0.000118116,  -0.0125628
  0.00011812,  -0.0130653
 0.000118124,  -0.0130653
 0.000118128,  -0.0130653
 0.000118132,  -0.0130653
 0.000118136,  -0.0130653
  0.00011814,  -0.0125628
 0.000118144,  -0.0125628
 0.000118148,  -0.0125628
 0.000118152,  -0.0130653
 0.000118156,  -0.0130653
  0.00011816,  -0.0130653
 0.000118164,  -0.0130653
 0.000118168,  -0.0130653
 0.000118172,  -0.0130653
 0.000118176,  -0.0130653
  0.00011818,  -0.0130653
 0.000118184,  -0.0130653
 0.000118188,  -0.0130653
 0.000118192,  -0.0130653
 0.000118196,  -0.0130653
   0.0001182,  -0.0130653
 0.000118204,  -0.0130653
 0.000118208,  -0.0130653
 0.000118212,  -0.0130653
 0.000118216,  -0.0130653
  0.00011822,  -0.0130653
 0.000118224,  -0.0130653
 0.000118228,  -0.0130653
 0.000118232,  -0.0130653
 0.000118236,  -0.0130653
  0.00011824,  -0.0130653
 0.000118244,  -0.0130653
 0.000118248,  -0.0130653
 0.000118252,  -0.0130653
 0.000118256,  -0.0130653
  0.00011826,  -0.0130653
 0.000118264,  -0.0130653
 0.000118268,  -0.0130653
 0.000118272,  -0.0130653
 0.000118276,  -0.0130653
  0.00011828,  -0.0135678
 0.000118284,  -0.0130653
 0.000118288,  -0.0130653
 0.000118292,  -0.0130653
 0.000118296,  -0.0130653
   0.0001183,  -0.0130653
 0.000118304,  -0.0130653
 0.000118308,  -0.0130653
 0.000118312,  -0.0130653
 0.000118316,  -0.0130653
  0.00011832,  -0.0130653
 0.000118324,  -0.0130653
 0.000118328,  -0.0130653
 0.000118332,  -0.0125628
 0.000118336,  -0.0130653
  0.00011834,  -0.0130653
 0.000118344,  -0.0130653
 0.000118348,  -0.0130653
 0.000118352,  -0.0130653
 0.000118356,  -0.0130653
  0.00011836,  -0.0130653
 0.000118364,  -0.0130653
 0.000118368,  -0.0130653
 0.000118372,  -0.0130653
 0.000118376,  -0.0130653
  0.00011838,  -0.0130653
 0.000118384,  -0.0130653
 0.000118388,  -0.0130653
 0.000118392,  -0.0130653
 0.000118396,  -0.0130653
   0.0001184,  -0.0130653
 0.000118404,  -0.0130653
 0.000118408,  -0.0130653
 0.000118412,  -0.0130653
 0.000118416,  -0.0130653
  0.00011842,  -0.0130653
 0.000118424,  -0.0130653
 0.000118428,  -0.0130653
 0.000118432,  -0.0130653
 0.000118436,  -0.0130653
  0.00011844,  -0.0130653
 0.000118444,  -0.0130653
 0.000118448,  -0.0130653
 0.000118452,  -0.0130653
 0.000118456,  -0.0130653
  0.00011846,  -0.0130653
 0.000118464,  -0.0130653
 0.000118468,  -0.0130653
 0.000118472,  -0.0125628
 0.000118476,  -0.0130653
  0.00011848,  -0.0130653
 0.000118484,  -0.0130653
 0.000118488,  -0.0125628
 0.000118492,  -0.0130653
 0.000118496,  -0.0130653
   0.0001185,  -0.0130653
 0.000118504,  -0.0130653
 0.000118508,  -0.0130653
 0.000118512,  -0.0125628
 0.000118516,  -0.0125628
  0.00011852,  -0.0125628
 0.000118524,  -0.0130653
 0.000118528,  -0.0130653
 0.000118532,  -0.0125628
 0.000118536,  -0.0125628
  0.00011854,  -0.0125628
 0.000118544,  -0.0125628
 0.000118548,  -0.0125628
 0.000118552,  -0.0125628
 0.000118556,  -0.0125628
  0.00011856,  -0.0125628
 0.000118564,  -0.0125628
 0.000118568,  -0.0125628
 0.000118572,  -0.0125628
 0.000118576,  -0.0125628
  0.00011858,  -0.0125628
 0.000118584,  -0.0125628
 0.000118588,  -0.0125628
 0.000118592,  -0.0125628
 0.000118596,  -0.0125628
   0.0001186,  -0.0125628
 0.000118604,  -0.0125628
 0.000118608,  -0.0125628
 0.000118612,  -0.0120603
 0.000118616,  -0.0125628
  0.00011862,  -0.0125628
 0.000118624,  -0.0125628
 0.000118628,  -0.0125628
 0.000118632,  -0.0120603
 0.000118636,  -0.0125628
  0.00011864,  -0.0125628
 0.000118644,  -0.0125628
 0.000118648,  -0.0125628
 0.000118652,  -0.0125628
 0.000118656,  -0.0125628
  0.00011866,  -0.0125628
 0.000118664,  -0.0125628
 0.000118668,  -0.0125628
 0.000118672,  -0.0120603
 0.000118676,  -0.0120603
  0.00011868,  -0.0120603
 0.000118684,  -0.0125628
 0.000118688,  -0.0125628
 0.000118692,  -0.0120603
 0.000118696,  -0.0125628
   0.0001187,  -0.0125628
 0.000118704,  -0.0120603
 0.000118708,  -0.0120603
 0.000118712,  -0.0125628
 0.000118716,  -0.0120603
  0.00011872,  -0.0120603
 0.000118724,  -0.0120603
 0.000118728,  -0.0120603
 0.000118732,  -0.0120603
 0.000118736,  -0.0120603
  0.00011874,  -0.0120603
 0.000118744,  -0.0120603
 0.000118748,  -0.0120603
 0.000118752,  -0.0120603
 0.000118756,  -0.0120603
  0.00011876,  -0.0120603
 0.000118764,  -0.0120603
 0.000118768,  -0.0120603
 0.000118772,  -0.0120603
 0.000118776,  -0.0120603
  0.00011878,  -0.0120603
 0.000118784,  -0.0120603
 0.000118788,  -0.0120603
 0.000118792,  -0.0120603
 0.000118796,  -0.0120603
   0.0001188,  -0.0120603
 0.000118804,  -0.0120603
 0.000118808,  -0.0120603
 0.000118812,  -0.0120603
 0.000118816,  -0.0120603
  0.00011882,  -0.0120603
 0.000118824,  -0.0120603
 0.000118828,  -0.0120603
 0.000118832,  -0.0120603
 0.000118836,  -0.0115578
  0.00011884,  -0.0120603
 0.000118844,  -0.0120603
 0.000118848,  -0.0120603
 0.000118852,  -0.0120603
 0.000118856,  -0.0115578
  0.00011886,  -0.0115578
 0.000118864,  -0.0120603
 0.000118868,  -0.0115578
 0.000118872,  -0.0115578
 0.000118876,  -0.0115578
  0.00011888,  -0.0115578
 0.000118884,  -0.0120603
 0.000118888,  -0.0115578
 0.000118892,  -0.0120603
 0.000118896,  -0.0120603
   0.0001189,  -0.0120603
 0.000118904,  -0.0115578
 0.000118908,  -0.0115578
 0.000118912,  -0.0115578
 0.000118916,  -0.0115578
  0.00011892,  -0.0115578
 0.000118924,  -0.0115578
 0.000118928,  -0.0115578
 0.000118932,  -0.0115578
 0.000118936,  -0.0115578
  0.00011894,  -0.0115578
 0.000118944,  -0.0115578
 0.000118948,  -0.0115578
 0.000118952,  -0.0115578
 0.000118956,  -0.0115578
  0.00011896,  -0.0115578
 0.000118964,  -0.0115578
 0.000118968,  -0.0115578
 0.000118972,  -0.0110553
 0.000118976,  -0.0110553
  0.00011898,  -0.0115578
 0.000118984,  -0.0115578
 0.000118988,  -0.0115578
 0.000118992,  -0.0115578
 0.000118996,  -0.0110553
    0.000119,  -0.0115578
 0.000119004,  -0.0110553
 0.000119008,  -0.0115578
 0.000119012,  -0.0115578
 0.000119016,  -0.0110553
  0.00011902,  -0.0115578
 0.000119024,  -0.0110553
 0.000119028,  -0.0110553
 0.000119032,  -0.0110553
 0.000119036,  -0.0110553
  0.00011904,  -0.0115578
 0.000119044,  -0.0110553
 0.000119048,  -0.0110553
 0.000119052,  -0.0110553
 0.000119056,  -0.0110553
  0.00011906,  -0.0110553
 0.000119064,  -0.0110553
 0.000119068,  -0.0110553
 0.000119072,  -0.0110553
 0.000119076,  -0.0110553
  0.00011908,  -0.0110553
 0.000119084,  -0.0110553
 0.000119088,  -0.0110553
 0.000119092,  -0.0110553
 0.000119096,  -0.0110553
   0.0001191,  -0.0110553
 0.000119104,  -0.0110553
 0.000119108,  -0.0110553
 0.000119112,  -0.0110553
 0.000119116,  -0.0110553
  0.00011912,  -0.0105528
 0.000119124,  -0.0110553
 0.000119128,  -0.0110553
 0.000119132,  -0.0110553
 0.000119136,  -0.0105528
  0.00011914,  -0.0110553
 0.000119144,  -0.0105528
 0.000119148,  -0.0105528
 0.000119152,  -0.0105528
 0.000119156,  -0.0105528
  0.00011916,  -0.0105528
 0.000119164,  -0.0105528
 0.000119168,  -0.0105528
 0.000119172,  -0.0105528
 0.000119176,  -0.0105528
  0.00011918,  -0.0105528
 0.000119184,  -0.0105528
 0.000119188,  -0.0105528
 0.000119192,  -0.0105528
 0.000119196,  -0.0105528
   0.0001192,  -0.0100503
 0.000119204,  -0.0105528
 0.000119208,  -0.0100503
 0.000119212,  -0.0100503
 0.000119216,  -0.0105528
  0.00011922,  -0.0100503
 0.000119224,  -0.0100503
 0.000119228,  -0.0100503
 0.000119232,  -0.0105528
 0.000119236,  -0.0100503
  0.00011924,  -0.0100503
 0.000119244,  -0.0100503
 0.000119248, -0.00954774
 0.000119252,  -0.0100503
 0.000119256,  -0.0100503
  0.00011926,  -0.0100503
 0.000119264,  -0.0100503
 0.000119268, -0.00954774
 0.000119272, -0.00954774
 0.000119276, -0.00954774
  0.00011928, -0.00954774
 0.000119284, -0.00954774
 0.000119288, -0.00954774
 0.000119292, -0.00954774
 0.000119296, -0.00954774
   0.0001193, -0.00904523
 0.000119304, -0.00954774
 0.000119308, -0.00954774
 0.000119312, -0.00904523
 0.000119316, -0.00954774
  0.00011932, -0.00904523
 0.000119324, -0.00904523
 0.000119328, -0.00904523
 0.000119332, -0.00904523
 0.000119336, -0.00904523
  0.00011934, -0.00854271
 0.000119344, -0.00904523
 0.000119348, -0.00854271
 0.000119352, -0.00904523
 0.000119356, -0.00904523
  0.00011936, -0.00854271
 0.000119364, -0.00904523
 0.000119368, -0.00854271
 0.000119372, -0.00854271
 0.000119376, -0.00854271
  0.00011938, -0.00854271
 0.000119384, -0.00854271
 0.000119388, -0.00854271
 0.000119392,  -0.0080402
 0.000119396,  -0.0080402
   0.0001194,  -0.0080402
 0.000119404,  -0.0080402
 0.000119408,  -0.0080402
 0.000119412,  -0.0080402
 0.000119416,  -0.0080402
  0.00011942,  -0.0080402
 0.000119424,  -0.0080402
 0.000119428,  -0.0080402
 0.000119432, -0.00753769
 0.000119436, -0.00753769
  0.00011944, -0.00753769
 0.000119444, -0.00753769
 0.000119448, -0.00703518
 0.000119452, -0.00703518
 0.000119456, -0.00703518
  0.00011946, -0.00703518
 0.000119464, -0.00703518
 0.000119468, -0.00703518
 0.000119472, -0.00703518
 0.000119476, -0.00653266
  0.00011948, -0.00653266
 0.000119484, -0.00653266
 0.000119488, -0.00653266
 0.000119492, -0.00653266
 0.000119496, -0.00603015
   0.0001195, -0.00603015
 0.000119504, -0.00603015
 0.000119508, -0.00603015
 0.000119512, -0.00603015
 0.000119516, -0.00603015
  0.00011952, -0.00552764
 0.000119524, -0.00552764
 0.000119528, -0.00552764
 0.000119532, -0.00552764
 0.000119536, -0.00552764
  0.00011954, -0.00502513
 0.000119544, -0.00502513
 0.000119548, -0.00502513
 0.000119552, -0.00502513
 0.000119556, -0.00502513
  0.00011956, -0.00452261
 0.000119564,  -0.0040201
 0.000119568,  -0.0040201
 0.000119572,  -0.0040201
 0.000119576,  -0.0040201
  0.00011958,  -0.0040201
 0.000119584,  -0.0040201
 0.000119588, -0.00351759
 0.000119592, -0.00351759
 0.000119596, -0.00351759
   0.0001196, -0.00351759
 0.000119604, -0.00301508
 0.000119608, -0.00301508
 0.000119612, -0.00301508
 0.000119616, -0.00251256
  0.00011962, -0.00251256
 0.000119624, -0.00251256
 0.000119628, -0.00201005
 0.000119632, -0.00201005
 0.000119636, -0.00201005
  0.00011964, -0.00201005
 0.000119644, -0.00150754
 0.000119648, -0.00150754
 0.000119652, -0.00150754
 0.000119656, -0.00100503
  0.00011966, -0.00100503
 0.000119664, -0.00100503
 0.000119668,-0.000502513
 0.000119672,-0.000502513
 0.000119676,-0.000502513
  0.00011968,-0.000502513
 0.000119684,           0
 0.000119688,           0
 0.000119692, 0.000502513
 0.000119696, 0.000502513
   0.0001197, 0.000502513
 0.000119704,  0.00100503
 0.000119708,  0.00100503
 0.000119712,  0.00150754
 0.000119716,  0.00150754
  0.00011972,  0.00150754
 0.000119724,  0.00201005
 0.000119728,  0.00201005
 0.000119732,  0.00251256
 0.000119736,  0.00251256
  0.00011974,  0.00301508
 0.000119744,  0.00301508
 0.000119748,  0.00301508
 0.000119752,  0.00351759
 0.000119756,  0.00351759
  0.00011976,  0.00351759
 0.000119764,   0.0040201
 0.000119768,   0.0040201
 0.000119772,  0.00452261
 0.000119776,  0.00452261
  0.00011978,  0.00502513
 0.000119784,  0.00502513
 0.000119788,  0.00552764
 0.000119792,  0.00552764
 0.000119796,  0.00603015
   0.0001198,  0.00603015
 0.000119804,  0.00653266
 0.000119808,  0.00653266
 0.000119812,  0.00703518
 0.000119816,  0.00703518
  0.00011982,  0.00753769
 0.000119824,  0.00753769
 0.000119828,   0.0080402
 0.000119832,   0.0080402
 0.000119836,  0.00854271
  0.00011984,  0.00904523
 0.000119844,  0.00904523
 0.000119848,  0.00954774
 0.000119852,  0.00954774
 0.000119856,   0.0100503
  0.00011986,   0.0100503
 0.000119864,   0.0105528
 0.000119868,   0.0105528
 0.000119872,   0.0110553
 0.000119876,   0.0115578
  0.00011988,   0.0115578
 0.000119884,   0.0120603
 0.000119888,   0.0125628
 0.000119892,   0.0130653
 0.000119896,   0.0130653
   0.0001199,   0.0130653
 0.000119904,   0.0135678
 0.000119908,   0.0140704
 0.000119912,   0.0145729
 0.000119916,   0.0145729
  0.00011992,   0.0145729
 0.000119924,   0.0155779
 0.000119928,   0.0155779
 0.000119932,   0.0160804
 0.000119936,   0.0160804
  0.00011994,   0.0165829
 0.000119944,   0.0170854
 0.000119948,   0.0170854
 0.000119952,   0.0170854
 0.000119956,   0.0175879
  0.00011996,   0.0180905
 0.000119964,    0.018593
 0.000119968,    0.018593
 0.000119972,   0.0190955
 0.000119976,    0.019598
  0.00011998,    0.019598
 0.000119984,   0.0201005
 0.000119988,    0.020603
 0.000119992,    0.020603
 0.000119996,   0.0211055
     0.00012,   0.0211055
 0.000120004,    0.021608
 0.000120008,   0.0221106
 0.000120012,   0.0221106
 0.000120016,   0.0226131
  0.00012002,   0.0231156
 0.000120024,   0.0231156
 0.000120028,   0.0236181
 0.000120032,   0.0241206
 0.000120036,   0.0246231
  0.00012004,   0.0246231
 0.000120044,   0.0251256
 0.000120048,   0.0251256
 0.000120052,   0.0256281
 0.000120056,   0.0261307
  0.00012006,   0.0261307
 0.000120064,   0.0266332
 0.000120068,   0.0271357
 0.000120072,   0.0276382
 0.000120076,   0.0276382
  0.00012008,   0.0281407
 0.000120084,   0.0281407
 0.000120088,   0.0286432
 0.000120092,   0.0291457
 0.000120096,   0.0291457
   0.0001201,   0.0296482
 0.000120104,   0.0296482
 0.000120108,   0.0301508
 0.000120112,   0.0306533
 0.000120116,   0.0306533
  0.00012012,   0.0306533
 0.000120124,   0.0316583
 0.000120128,   0.0316583
 0.000120132,   0.0316583
 0.000120136,   0.0321608
  0.00012014,   0.0321608
 0.000120144,   0.0326633
 0.000120148,   0.0331658
 0.000120152,   0.0331658
 0.000120156,   0.0336683
  0.00012016,   0.0336683
 0.000120164,   0.0336683
 0.000120168,   0.0341709
 0.000120172,   0.0346734
 0.000120176,   0.0346734
  0.00012018,   0.0346734
 0.000120184,   0.0346734
 0.000120188,   0.0351759
 0.000120192,   0.0351759
 0.000120196,   0.0356784
   0.0001202,   0.0356784
 0.000120204,   0.0356784
 0.000120208,   0.0361809
 0.000120212,   0.0361809
 0.000120216,   0.0366834
  0.00012022,   0.0366834
 0.000120224,   0.0361809
 0.000120228,   0.0366834
 0.000120232,   0.0366834
 0.000120236,   0.0366834
  0.00012024,   0.0371859
 0.000120244,   0.0366834
 0.000120248,   0.0371859
 0.000120252,   0.0366834
 0.000120256,   0.0366834
  0.00012026,   0.0371859
 0.000120264,   0.0371859
 0.000120268,   0.0371859
 0.000120272,   0.0366834
 0.000120276,   0.0366834
  0.00012028,   0.0366834
 0.000120284,   0.0366834
 0.000120288,   0.0366834
 0.000120292,   0.0366834
 0.000120296,   0.0361809
   0.0001203,   0.0361809
 0.000120304,   0.0361809
 0.000120308,   0.0361809
 0.000120312,   0.0361809
 0.000120316,   0.0361809
  0.00012032,   0.0356784
 0.000120324,   0.0351759
 0.000120328,   0.0351759
 0.000120332,   0.0346734
 0.000120336,   0.0346734
  0.00012034,   0.0341709
 0.000120344,   0.0341709
 0.000120348,   0.0336683
 0.000120352,   0.0331658
 0.000120356,   0.0331658
  0.00012036,   0.0326633
 0.000120364,   0.0321608
 0.000120368,   0.0321608
 0.000120372,   0.0316583
 0.000120376,   0.0311558
  0.00012038,   0.0306533
 0.000120384,   0.0296482
 0.000120388,   0.0296482
 0.000120392,   0.0291457
 0.000120396,   0.0286432
   0.0001204,   0.0281407
 0.000120404,   0.0271357
 0.000120408,   0.0271357
 0.000120412,   0.0261307
 0.000120416,   0.0256281
  0.00012042,   0.0251256
 0.000120424,   0.0241206
 0.000120428,   0.0236181
 0.000120432,   0.0226131
 0.000120436,   0.0221106
  0.00012044,    0.021608
 0.000120444,    0.020603
 0.000120448,   0.0201005
 0.000120452,   0.0190955
 0.000120456,   0.0180905
  0.00012046,   0.0170854
 0.000120464,   0.0165829
 0.000120468,   0.0155779
 0.000120472,   0.0145729
 0.000120476,   0.0135678
  0.00012048,   0.0130653
 0.000120484,   0.0115578
 0.000120488,   0.0105528
 0.000120492,  0.00954774
 0.000120496,  0.00854271
   0.0001205,  0.00753769
 0.000120504,  0.00653266
 0.000120508,  0.00502513
 0.000120512,   0.0040201
 0.000120516,  0.00301508
  0.00012052,  0.00150754
 0.000120524, 0.000502513
 0.000120528, -0.00100503
 0.000120532, -0.00201005
 0.000120536, -0.00351759
  0.00012054, -0.00452261
 0.000120544, -0.00603015
 0.000120548, -0.00753769
 0.000120552, -0.00904523
 0.000120556,  -0.0100503
  0.00012056,  -0.0115578
 0.000120564,  -0.0130653
 0.000120568,  -0.0150754
 0.000120572,  -0.0165829
 0.000120576,  -0.0175879
  0.00012058,  -0.0190955
 0.000120584,   -0.020603
 0.000120588,  -0.0226131
 0.000120592,  -0.0241206
 0.000120596,  -0.0256281
   0.0001206,  -0.0271357
 0.000120604,  -0.0286432
 0.000120608,  -0.0306533
 0.000120612,  -0.0321608
 0.000120616,  -0.0341709
  0.00012062,  -0.0356784
 0.000120624,  -0.0376884
 0.000120628,  -0.0396985
 0.000120632,   -0.041206
 0.000120636,  -0.0432161
  0.00012064,  -0.0447236
 0.000120644,  -0.0467337
 0.000120648,  -0.0487437
 0.000120652,  -0.0502513
 0.000120656,  -0.0527638
  0.00012066,  -0.0542714
 0.000120664,  -0.0567839
 0.000120668,   -0.058794
 0.000120672,  -0.0603015
 0.000120676,  -0.0623116
  0.00012068,  -0.0643216
 0.000120684,  -0.0663317
 0.000120688,  -0.0688442
 0.000120692,  -0.0703518
 0.000120696,  -0.0723618
   0.0001207,  -0.0743719
 0.000120704,  -0.0763819
 0.000120708,   -0.078392
 0.000120712,  -0.0809045
 0.000120716,  -0.0829146
  0.00012072,  -0.0849246
 0.000120724,  -0.0869347
 0.000120728,  -0.0894472
 0.000120732,  -0.0914573
 0.000120736,  -0.0929648
  0.00012074,  -0.0954774
 0.000120744,  -0.0974874
 0.000120748,  -0.0994975
 0.000120752,   -0.101508
 0.000120756,    -0.10402
  0.00012076,   -0.106533
 0.000120764,   -0.108543
 0.000120768,   -0.110553
 0.000120772,   -0.112563
 0.000120776,   -0.115075
  0.00012078,   -0.117085
 0.000120784,   -0.119095
 0.000120788,   -0.121608
 0.000120792,   -0.123618
 0.000120796,   -0.126131
   0.0001208,   -0.128141
 0.000120804,   -0.130151
 0.000120808,   -0.132663
 0.000120812,   -0.134673
 0.000120816,   -0.136683
  0.00012082,   -0.138693
 0.000120824,   -0.140704
 0.000120828,   -0.143216
 0.000120832,   -0.144724
 0.000120836,   -0.146734
  0.00012084,   -0.149246
 0.000120844,   -0.150754
 0.000120848,   -0.152764
 0.000120852,   -0.154774
 0.000120856,   -0.156784
  0.00012086,   -0.158794
 0.000120864,   -0.160302
 0.000120868,   -0.162814
 0.000120872,   -0.164322
 0.000120876,   -0.165829
  0.00012088,   -0.167839
 0.000120884,   -0.169849
 0.000120888,   -0.171859
 0.000120892,   -0.173367
 0.000120896,   -0.174874
   0.0001209,   -0.176884
 0.000120904,   -0.178392
 0.000120908,   -0.179899
 0.000120912,    -0.18191
 0.000120916,   -0.183417
  0.00012092,   -0.184925
 0.000120924,   -0.186432
 0.000120928,    -0.18794
 0.000120932,   -0.189447
 0.000120936,   -0.191457
  0.00012094,   -0.192462
 0.000120944,    -0.19397
 0.000120948,   -0.194975
 0.000120952,   -0.196482
 0.000120956,    -0.19799
  0.00012096,   -0.199497
 0.000120964,   -0.200503
 0.000120968,   -0.201508
 0.000120972,   -0.202513
 0.000120976,   -0.203518
  0.00012098,   -0.205025
 0.000120984,    -0.20603
 0.000120988,   -0.206533
 0.000120992,   -0.207538
 0.000120996,   -0.208543
    0.000121,   -0.209548
 0.000121004,    -0.21005
 0.000121008,   -0.211055
 0.000121012,    -0.21206
 0.000121016,   -0.212563
  0.00012102,   -0.213065
 0.000121024,   -0.213568
 0.000121028,    -0.21407
 0.000121032,   -0.214573
 0.000121036,   -0.215075
  0.00012104,   -0.215578
 0.000121044,   -0.215578
 0.000121048,    -0.21608
 0.000121052,    -0.21608
 0.000121056,   -0.216583
  0.00012106,   -0.217085
 0.000121064,   -0.216583
 0.000121068,   -0.216583
 0.000121072,   -0.216583
 0.000121076,   -0.216583
  0.00012108,   -0.216583
 0.000121084,    -0.21608
 0.000121088,    -0.21608
 0.000121092,   -0.215578
 0.000121096,   -0.215578
   0.0001211,   -0.215075
 0.000121104,   -0.214573
 0.000121108,    -0.21407
 0.000121112,   -0.213568
 0.000121116,   -0.212563
  0.00012112,    -0.21206
 0.000121124,   -0.211558
 0.000121128,   -0.210553
 0.000121132,   -0.209548
 0.000121136,   -0.208543
  0.00012114,    -0.20804
 0.000121144,   -0.206533
 0.000121148,   -0.205528
 0.000121152,   -0.204523
 0.000121156,   -0.203518
  0.00012116,    -0.20201
 0.000121164,   -0.201005
 0.000121168,   -0.199497
 0.000121172,    -0.19799
 0.000121176,   -0.196482
  0.00012118,   -0.195477
 0.000121184,    -0.19397
 0.000121188,    -0.19196
 0.000121192,   -0.190452
 0.000121196,   -0.188945
   0.0001212,   -0.186935
 0.000121204,   -0.184925
 0.000121208,   -0.183417
 0.000121212,   -0.180905
 0.000121216,   -0.178894
  0.00012122,   -0.177387
 0.000121224,   -0.175377
 0.000121228,   -0.173367
 0.000121232,   -0.170854
 0.000121236,   -0.168844
  0.00012124,   -0.166834
 0.000121244,   -0.164322
 0.000121248,   -0.161809
 0.000121252,   -0.159296
 0.000121256,   -0.157286
  0.00012126,   -0.154774
 0.000121264,   -0.152261
 0.000121268,   -0.149749
 0.000121272,   -0.146734
 0.000121276,   -0.143719
  0.00012128,   -0.141206
 0.000121284,   -0.138693
 0.000121288,   -0.135678
 0.000121292,   -0.132663
 0.000121296,   -0.129648
   0.0001213,   -0.126633
 0.000121304,   -0.123618
 0.000121308,   -0.120603
 0.000121312,   -0.117588
 0.000121316,    -0.11407
  0.00012132,   -0.111055
 0.000121324,   -0.107538
 0.000121328,   -0.104523
 0.000121332,   -0.101005
 0.000121336,  -0.0979899
  0.00012134,  -0.0944724
 0.000121344,  -0.0914573
 0.000121348,  -0.0879397
 0.000121352,  -0.0844221
 0.000121356,  -0.0809045
  0.00012136,  -0.0773869
 0.000121364,  -0.0743719
 0.000121368,  -0.0708543
 0.000121372,  -0.0673367
 0.000121376,  -0.0638191
  0.00012138,   -0.059799
 0.000121384,  -0.0567839
 0.000121388,  -0.0527638
 0.000121392,  -0.0492462
 0.000121396,  -0.0452261
   0.0001214,  -0.0417085
 0.000121404,   -0.038191
 0.000121408,  -0.0341709
 0.000121412,  -0.0306533
 0.000121416,  -0.0266332
  0.00012142,  -0.0231156
 0.000121424,   -0.019598
 0.000121428,  -0.0155779
 0.000121432,  -0.0120603
 0.000121436,  -0.0080402
  0.00012144, -0.00452261
 0.000121444,-0.000502513
 0.000121448,  0.00301508
 0.000121452,  0.00703518
 0.000121456,   0.0105528
  0.00012146,   0.0140704
 0.000121464,   0.0180905
 0.000121468,   0.0221106
 0.000121472,   0.0256281
 0.000121476,   0.0296482
  0.00012148,   0.0336683
 0.000121484,   0.0371859
 0.000121488,    0.041206
 0.000121492,   0.0452261
 0.000121496,   0.0487437
   0.0001215,   0.0527638
 0.000121504,   0.0567839
 0.000121508,    0.060804
 0.000121512,   0.0643216
 0.000121516,   0.0683417
  0.00012152,   0.0723618
 0.000121524,   0.0758794
 0.000121528,   0.0798995
 0.000121532,   0.0834171
 0.000121536,   0.0874372
  0.00012154,   0.0914573
 0.000121544,   0.0949749
 0.000121548,    0.098995
 0.000121552,     0.10201
 0.000121556,    0.105528
  0.00012156,    0.109548
 0.000121564,    0.113065
 0.000121568,    0.117085
 0.000121572,    0.120603
 0.000121576,    0.124121
  0.00012158,    0.127638
 0.000121584,    0.131156
 0.000121588,    0.134673
 0.000121592,    0.138191
 0.000121596,    0.141709
   0.0001216,    0.145226
 0.000121604,    0.148241
 0.000121608,    0.151759
 0.000121612,    0.155276
 0.000121616,    0.158291
  0.00012162,    0.161809
 0.000121624,    0.164824
 0.000121628,    0.167839
 0.000121632,    0.171357
 0.000121636,    0.174372
  0.00012164,    0.177387
 0.000121644,    0.180402
 0.000121648,    0.183417
 0.000121652,    0.186432
 0.000121656,    0.189447
  0.00012166,     0.19196
 0.000121664,    0.194975
 0.000121668,     0.19799
 0.000121672,    0.200503
 0.000121676,    0.203518
  0.00012168,     0.20603
 0.000121684,    0.208543
 0.000121688,    0.211558
 0.000121692,     0.21407
 0.000121696,    0.216583
   0.0001217,    0.219095
 0.000121704,    0.221106
 0.000121708,    0.223618
 0.000121712,    0.226131
 0.000121716,    0.228141
  0.00012172,    0.230653
 0.000121724,    0.232663
 0.000121728,    0.234673
 0.000121732,    0.237186
 0.000121736,    0.239196
  0.00012174,    0.241206
 0.000121744,    0.242714
 0.000121748,    0.244221
 0.000121752,    0.246231
 0.000121756,    0.247739
  0.00012176,    0.249749
 0.000121764,    0.251256
 0.000121768,    0.252764
 0.000121772,    0.254774
 0.000121776,    0.255779
  0.00012178,    0.257286
 0.000121784,    0.258794
 0.000121788,    0.259799
 0.000121792,    0.261307
 0.000121796,    0.262312
   0.0001218,    0.263317
 0.000121804,    0.264824
 0.000121808,    0.265327
 0.000121812,    0.266834
 0.000121816,    0.267839
  0.00012182,    0.268342
 0.000121824,    0.269347
 0.000121828,    0.269849
 0.000121832,    0.270854
 0.000121836,    0.271357
  0.00012184,    0.271859
 0.000121844,    0.272864
 0.000121848,    0.272864
 0.000121852,    0.273367
 0.000121856,    0.273367
  0.00012186,    0.273869
 0.000121864,    0.273869
 0.000121868,    0.274372
 0.000121872,    0.274372
 0.000121876,    0.274372
  0.00012188,    0.274372
 0.000121884,    0.274372
 0.000121888,    0.274372
 0.000121892,    0.273869
 0.000121896,    0.273869
   0.0001219,    0.273367
 0.000121904,    0.272864
 0.000121908,    0.272864
 0.000121912,    0.272362
 0.000121916,    0.271859
  0.00012192,    0.271357
 0.000121924,    0.270352
 0.000121928,    0.269347
 0.000121932,    0.268844
 0.000121936,    0.268342
  0.00012194,    0.267337
 0.000121944,    0.266332
 0.000121948,    0.265327
 0.000121952,    0.264322
 0.000121956,    0.263317
  0.00012196,    0.262312
 0.000121964,    0.260804
 0.000121968,    0.259296
 0.000121972,    0.258291
 0.000121976,    0.256784
  0.00012198,    0.255276
 0.000121984,    0.254271
 0.000121988,    0.252261
 0.000121992,    0.251256
 0.000121996,    0.249246
    0.000122,    0.247739
 0.000122004,    0.246231
 0.000122008,    0.244221
 0.000122012,    0.242714
 0.000122016,    0.240704
  0.00012202,    0.238191
 0.000122024,    0.236683
 0.000122028,    0.234673
 0.000122032,    0.232663
 0.000122036,    0.230653
  0.00012204,    0.228643
 0.000122044,    0.226633
 0.000122048,    0.224121
 0.000122052,    0.222111
 0.000122056,    0.220101
  0.00012206,    0.217588
 0.000122064,    0.215075
 0.000122068,    0.212563
 0.000122072,     0.21005
 0.000122076,    0.207538
  0.00012208,    0.205025
 0.000122084,    0.202513
 0.000122088,         0.2
 0.000122092,    0.196985
 0.000122096,    0.194472
   0.0001221,    0.191457
 0.000122104,    0.188945
 0.000122108,    0.186432
 0.000122112,    0.183417
 0.000122116,    0.180402
  0.00012212,    0.177387
 0.000122124,    0.174874
 0.000122128,    0.171859
 0.000122132,    0.168844
 0.000122136,    0.165829
  0.00012214,    0.162814
 0.000122144,    0.159799
 0.000122148,    0.156281
 0.000122152,    0.153266
 0.000122156,    0.150251
  0.00012216,    0.147236
 0.000122164,    0.144221
 0.000122168,    0.140704
 0.000122172,    0.137688
 0.000122176,    0.134171
  0.00012218,    0.131156
 0.000122184,    0.128141
 0.000122188,    0.124121
 0.000122192,    0.121106
 0.000122196,    0.117588
   0.0001222,     0.11407
 0.000122204,    0.111055
 0.000122208,    0.107538
 0.000122212,     0.10402
 0.000122216,    0.101005
  0.00012222,   0.0969849
 0.000122224,   0.0934673
 0.000122228,   0.0899497
 0.000122232,   0.0864322
 0.000122236,   0.0834171
  0.00012224,    0.079397
 0.000122244,   0.0758794
 0.000122248,   0.0723618
 0.000122252,   0.0688442
 0.000122256,   0.0653266
  0.00012226,    0.061809
 0.000122264,   0.0582915
 0.000122268,   0.0547739
 0.000122272,   0.0507538
 0.000122276,   0.0472362
  0.00012228,   0.0442211
 0.000122284,    0.040201
 0.000122288,   0.0371859
 0.000122292,   0.0331658
 0.000122296,   0.0296482
   0.0001223,   0.0261307
 0.000122304,   0.0231156
 0.000122308,    0.019598
 0.000122312,   0.0160804
 0.000122316,   0.0125628
  0.00012232,  0.00954774
 0.000122324,  0.00552764
 0.000122328,  0.00251256
 0.000122332, -0.00100503
 0.000122336, -0.00452261
  0.00012234,  -0.0080402
 0.000122344,  -0.0115578
 0.000122348,  -0.0150754
 0.000122352,  -0.0180905
 0.000122356,  -0.0221106
  0.00012236,  -0.0251256
 0.000122364,  -0.0286432
 0.000122368,  -0.0321608
 0.000122372,  -0.0351759
 0.000122376,  -0.0386935
  0.00012238,  -0.0422111
 0.000122384,  -0.0457286
 0.000122388,  -0.0487437
 0.000122392,  -0.0522613
 0.000122396,  -0.0552764
   0.0001224,   -0.058794
 0.000122404,   -0.061809
 0.000122408,  -0.0648241
 0.000122412,  -0.0683417
 0.000122416,  -0.0713568
  0.00012242,  -0.0743719
 0.000122424,  -0.0773869
 0.000122428,   -0.080402
 0.000122432,  -0.0834171
 0.000122436,  -0.0864322
  0.00012244,  -0.0894472
 0.000122444,  -0.0924623
 0.000122448,  -0.0949749
 0.000122452,  -0.0979899
 0.000122456,   -0.100503
  0.00012246,   -0.103518
 0.000122464,   -0.106533
 0.000122468,   -0.109045
 0.000122472,    -0.11206
 0.000122476,   -0.114573
  0.00012248,   -0.117085
 0.000122484,     -0.1201
 0.000122488,   -0.122613
 0.000122492,   -0.125126
 0.000122496,   -0.127638
   0.0001225,   -0.130151
 0.000122504,   -0.132663
 0.000122508,   -0.135176
 0.000122512,   -0.137186
 0.000122516,   -0.139698
  0.00012252,   -0.141709
 0.000122524,   -0.144221
 0.000122528,   -0.146231
 0.000122532,   -0.148241
 0.000122536,   -0.150251
  0.00012254,   -0.152261
 0.000122544,   -0.154271
 0.000122548,   -0.156281
 0.000122552,   -0.157789
 0.000122556,   -0.159799
  0.00012256,   -0.161307
 0.000122564,   -0.163317
 0.000122568,   -0.164824
 0.000122572,   -0.166332
 0.000122576,   -0.167839
  0.00012258,   -0.169849
 0.000122584,   -0.170854
 0.000122588,   -0.172362
 0.000122592,   -0.173869
 0.000122596,   -0.175377
   0.0001226,   -0.176884
 0.000122604,   -0.177889
 0.000122608,   -0.178894
 0.000122612,   -0.179899
 0.000122616,   -0.181407
  0.00012262,   -0.182412
 0.000122624,   -0.182915
 0.000122628,    -0.18392
 0.000122632,   -0.184925
 0.000122636,    -0.18593
  0.00012264,   -0.186935
 0.000122644,   -0.187437
 0.000122648,    -0.18794
 0.000122652,   -0.188945
 0.000122656,   -0.189447
  0.00012266,    -0.18995
 0.000122664,   -0.190452
 0.000122668,   -0.190955
 0.000122672,   -0.190955
 0.000122676,   -0.191457
  0.00012268,   -0.191457
 0.000122684,    -0.19196
 0.000122688,    -0.19196
 0.000122692,   -0.192462
 0.000122696,   -0.192462
   0.0001227,   -0.192462
 0.000122704,   -0.192462
 0.000122708,    -0.19196
 0.000122712,    -0.19196
 0.000122716,    -0.19196
  0.00012272,   -0.191457
 0.000122724,   -0.191457
 0.000122728,   -0.190955
 0.000122732,   -0.190955
 0.000122736,   -0.190452
  0.00012274,    -0.18995
 0.000122744,   -0.189447
 0.000122748,   -0.188442
 0.000122752,    -0.18794
 0.000122756,   -0.187437
  0.00012276,   -0.186935
 0.000122764,   -0.186432
 0.000122768,   -0.185427
 0.000122772,    -0.18392
 0.000122776,   -0.183417
  0.00012278,   -0.182915
 0.000122784,    -0.18191
 0.000122788,   -0.180402
 0.000122792,   -0.179397
 0.000122796,   -0.178392
   0.0001228,   -0.177387
 0.000122804,   -0.176382
 0.000122808,   -0.174874
 0.000122812,   -0.173367
 0.000122816,   -0.172362
  0.00012282,   -0.170854
 0.000122824,   -0.169347
 0.000122828,   -0.168342
 0.000122832,   -0.166834
 0.000122836,   -0.165327
  0.00012284,   -0.163819
 0.000122844,   -0.162312
 0.000122848,   -0.160804
 0.000122852,   -0.159296
 0.000122856,   -0.157789
  0.00012286,   -0.156281
 0.000122864,   -0.154271
 0.000122868,   -0.152764
 0.000122872,   -0.150754
 0.000122876,   -0.149749
  0.00012288,   -0.147739
 0.000122884,   -0.145729
 0.000122888,   -0.143719
 0.000122892,   -0.142211
 0.000122896,   -0.140704
   0.0001229,   -0.138191
 0.000122904,   -0.136181
 0.000122908,   -0.134171
 0.000122912,   -0.132161
 0.000122916,   -0.130653
  0.00012292,   -0.128643
 0.000122924,   -0.126131
 0.000122928,   -0.124623
 0.000122932,   -0.122111
 0.000122936,     -0.1201
  0.00012294,    -0.11809
 0.000122944,   -0.115578
 0.000122948,   -0.113568
 0.000122952,   -0.111055
 0.000122956,   -0.109548
  0.00012296,   -0.107538
 0.000122964,   -0.105025
 0.000122968,   -0.103015
 0.000122972,   -0.101005
 0.000122976,  -0.0984925
  0.00012298,  -0.0964824
 0.000122984,  -0.0944724
 0.000122988,  -0.0924623
 0.000122992,  -0.0899497
 0.000122996,  -0.0879397
    0.000123,  -0.0859296
 0.000123004,  -0.0839196
 0.000123008,   -0.081407
 0.000123012,   -0.079397
 0.000123016,  -0.0768844
  0.00012302,  -0.0753769
 0.000123024,  -0.0733668
 0.000123028,  -0.0708543
 0.000123032,  -0.0688442
 0.000123036,  -0.0668342
  0.00012304,  -0.0648241
 0.000123044,  -0.0628141
 0.000123048,  -0.0603015
 0.000123052,  -0.0582915
 0.000123056,  -0.0562814
  0.00012306,  -0.0542714
 0.000123064,  -0.0522613
 0.000123068,  -0.0502513
 0.000123072,  -0.0477387
 0.000123076,  -0.0462312
  0.00012308,  -0.0437186
 0.000123084,  -0.0422111
 0.000123088,   -0.040201
 0.000123092,  -0.0376884
 0.000123096,  -0.0361809
   0.0001231,  -0.0341709
 0.000123104,  -0.0326633
 0.000123108,  -0.0306533
 0.000123112,  -0.0286432
 0.000123116,  -0.0266332
  0.00012312,  -0.0246231
 0.000123124,  -0.0231156
 0.000123128,   -0.021608
 0.000123132,   -0.019598
 0.000123136,  -0.0180905
  0.00012314,  -0.0160804
 0.000123144,  -0.0145729
 0.000123148,  -0.0130653
 0.000123152,  -0.0115578
 0.000123156,  -0.0100503
  0.00012316, -0.00854271
 0.000123164, -0.00703518
 0.000123168, -0.00552764
 0.000123172,  -0.0040201
 0.000123176, -0.00251256
  0.00012318, -0.00100503
 0.000123184, 0.000502513
 0.000123188,  0.00150754
 0.000123192,  0.00301508
 0.000123196,  0.00452261
   0.0001232,  0.00552764
 0.000123204,  0.00703518
 0.000123208,  0.00854271
 0.000123212,  0.00954774
 0.000123216,   0.0105528
  0.00012322,   0.0115578
 0.000123224,   0.0130653
 0.000123228,   0.0140704
 0.000123232,   0.0150754
 0.000123236,   0.0160804
  0.00012324,   0.0170854
 0.000123244,   0.0180905
 0.000123248,   0.0190955
 0.000123252,    0.019598
 0.000123256,    0.020603
  0.00012326,   0.0211055
 0.000123264,   0.0221106
 0.000123268,   0.0231156
 0.000123272,   0.0236181
 0.000123276,   0.0241206
  0.00012328,   0.0251256
 0.000123284,   0.0261307
 0.000123288,   0.0266332
 0.000123292,   0.0271357
 0.000123296,   0.0276382
   0.0001233,   0.0281407
 0.000123304,   0.0286432
 0.000123308,   0.0291457
 0.000123312,   0.0296482
 0.000123316,   0.0301508
  0.00012332,   0.0306533
 0.000123324,   0.0311558
 0.000123328,   0.0311558
 0.000123332,   0.0316583
 0.000123336,   0.0316583
  0.00012334,   0.0321608
 0.000123344,   0.0326633
 0.000123348,   0.0326633
 0.000123352,   0.0326633
 0.000123356,   0.0326633
  0.00012336,   0.0331658
 0.000123364,   0.0331658
 0.000123368,   0.0331658
 0.000123372,   0.0331658
 0.000123376,   0.0331658
  0.00012338,   0.0331658
 0.000123384,   0.0331658
 0.000123388,   0.0331658
 0.000123392,   0.0326633
 0.000123396,   0.0326633
   0.0001234,   0.0326633
 0.000123404,   0.0326633
 0.000123408,   0.0326633
 0.000123412,   0.0321608
 0.000123416,   0.0321608
  0.00012342,   0.0321608
 0.000123424,   0.0316583
 0.000123428,   0.0316583
 0.000123432,   0.0311558
 0.000123436,   0.0311558
  0.00012344,   0.0306533
 0.000123444,   0.0301508
 0.000123448,   0.0296482
 0.000123452,   0.0291457
 0.000123456,   0.0291457
  0.00012346,   0.0286432
 0.000123464,   0.0281407
 0.000123468,   0.0276382
 0.000123472,   0.0271357
 0.000123476,   0.0266332
  0.00012348,   0.0261307
 0.000123484,   0.0261307
 0.000123488,   0.0251256
 0.000123492,   0.0246231
 0.000123496,   0.0241206
   0.0001235,   0.0236181
 0.000123504,   0.0231156
 0.000123508,   0.0221106
 0.000123512,    0.021608
 0.000123516,   0.0211055
  0.00012352,    0.020603
 0.000123524,   0.0201005
 0.000123528,   0.0190955
 0.000123532,    0.018593
 0.000123536,   0.0180905
  0.00012354,   0.0175879
 0.000123544,   0.0170854
 0.000123548,   0.0160804
 0.000123552,   0.0155779
 0.000123556,   0.0150754
  0.00012356,   0.0140704
 0.000123564,   0.0135678
 0.000123568,   0.0125628
 0.000123572,   0.0120603
 0.000123576,   0.0115578
  0.00012358,   0.0105528
 0.000123584,   0.0100503
 0.000123588,  0.00954774
 0.000123592,  0.00854271
 0.000123596,   0.0080402
   0.0001236,  0.00703518
 0.000123604,  0.00653266
 0.000123608,  0.00603015
 0.000123612,  0.00502513
 0.000123616,  0.00452261
  0.00012362,  0.00351759
 0.000123624,  0.00301508
 0.000123628,  0.00201005
 0.000123632,  0.00150754
 0.000123636,  0.00100503
  0.00012364,           0
 0.000123644,-0.000502513
 0.000123648, -0.00150754
 0.000123652, -0.00201005
 0.000123656, -0.00301508
  0.00012366, -0.00301508
 0.000123664,  -0.0040201
 0.000123668, -0.00502513
 0.000123672, -0.00552764
 0.000123676, -0.00603015
  0.00012368, -0.00653266
 0.000123684, -0.00753769
 0.000123688,  -0.0080402
 0.000123692, -0.00854271
 0.000123696, -0.00954774
   0.0001237,  -0.0100503
 0.000123704,  -0.0105528
 0.000123708,  -0.0115578
 0.000123712,  -0.0120603
 0.000123716,  -0.0125628
  0.00012372,  -0.0130653
 0.000123724,  -0.0140704
 0.000123728,  -0.0140704
 0.000123732,  -0.0145729
 0.000123736,  -0.0155779
  0.00012374,  -0.0160804
 0.000123744,  -0.0165829
 0.000123748,  -0.0170854
 0.000123752,  -0.0175879
 0.000123756,  -0.0180905
  0.00012376,   -0.018593
 0.000123764,  -0.0190955
 0.000123768,   -0.019598
 0.000123772,  -0.0201005
 0.000123776,   -0.020603
  0.00012378,  -0.0211055
 0.000123784,   -0.021608
 0.000123788,  -0.0221106
 0.000123792,  -0.0226131
 0.000123796,  -0.0231156
   0.0001238,  -0.0231156
 0.000123804,  -0.0236181
 0.000123808,  -0.0241206
 0.000123812,  -0.0241206
 0.000123816,  -0.0251256
  0.00012382,  -0.0251256
 0.000123824,  -0.0256281
 0.000123828,  -0.0256281
 0.000123832,  -0.0261307
 0.000123836,  -0.0266332
  0.00012384,  -0.0266332
 0.000123844,  -0.0271357
 0.000123848,  -0.0276382
 0.000123852,  -0.0276382
 0.000123856,  -0.0281407
  0.00012386,  -0.0281407
 0.000123864,  -0.0286432
 0.000123868,  -0.0286432
 0.000123872,  -0.0286432
 0.000123876,  -0.0291457
  0.00012388,  -0.0291457
 0.000123884,  -0.0296482
 0.000123888,  -0.0296482
 0.000123892,  -0.0296482
 0.000123896,  -0.0301508
   0.0001239,  -0.0301508
 0.000123904,  -0.0301508
 0.000123908,  -0.0306533
 0.000123912,  -0.0306533
 0.000123916,  -0.0306533
  0.00012392,  -0.0306533
 0.000123924,  -0.0306533
 0.000123928,  -0.0311558
 0.000123932,  -0.0311558
 0.000123936,  -0.0311558
  0.00012394,  -0.0311558
 0.000123944,  -0.0311558
 0.000123948,  -0.0311558
 0.000123952,  -0.0311558
 0.000123956,  -0.0311558
  0.00012396,  -0.0316583
 0.000123964,  -0.0311558
 0.000123968,  -0.0311558
 0.000123972,  -0.0316583
 0.000123976,  -0.0316583
  0.00012398,  -0.0311558
 0.000123984,  -0.0316583
 0.000123988,  -0.0311558
 0.000123992,  -0.0311558
 0.000123996,  -0.0311558
    0.000124,  -0.0311558
 0.000124004,  -0.0311558
 0.000124008,  -0.0306533
 0.000124012,  -0.0306533
 0.000124016,  -0.0311558
  0.00012402,  -0.0306533
 0.000124024,  -0.0306533
 0.000124028,  -0.0306533
 0.000124032,  -0.0301508
 0.000124036,  -0.0306533
  0.00012404,  -0.0301508
 0.000124044,  -0.0301508
 0.000124048,  -0.0301508
 0.000124052,  -0.0296482
 0.000124056,  -0.0296482
  0.00012406,  -0.0296482
 0.000124064,  -0.0291457
 0.000124068,  -0.0291457
 0.000124072,  -0.0286432
 0.000124076,  -0.0286432
  0.00012408,  -0.0286432
 0.000124084,  -0.0281407
 0.000124088,  -0.0281407
 0.000124092,  -0.0281407
 0.000124096,  -0.0281407
   0.0001241,  -0.0276382
 0.000124104,  -0.0276382
 0.000124108,  -0.0271357
 0.000124112,  -0.0271357
 0.000124116,  -0.0271357
  0.00012412,  -0.0271357
 0.000124124,  -0.0266332
 0.000124128,  -0.0261307
 0.000124132,  -0.0261307
 0.000124136,  -0.0261307
  0.00012414,  -0.0256281
 0.000124144,  -0.0256281
 0.000124148,  -0.0251256
 0.000124152,  -0.0251256
 0.000124156,  -0.0246231
  0.00012416,  -0.0246231
 0.000124164,  -0.0246231
 0.000124168,  -0.0241206
 0.000124172,  -0.0241206
 0.000124176,  -0.0236181
  0.00012418,  -0.0236181
 0.000124184,  -0.0231156
 0.000124188,  -0.0231156
 0.000124192,  -0.0231156
 0.000124196,  -0.0226131
   0.0001242,  -0.0221106
 0.000124204,  -0.0221106
 0.000124208,   -0.021608
 0.000124212,   -0.021608
 0.000124216,   -0.021608
  0.00012422,  -0.0211055
 0.000124224,   -0.020603
 0.000124228,   -0.020603
 0.000124232,   -0.020603
 0.000124236,  -0.0201005
  0.00012424,   -0.019598
 0.000124244,   -0.019598
 0.000124248,  -0.0190955
 0.000124252,  -0.0190955
 0.000124256,  -0.0190955
  0.00012426,   -0.018593
 0.000124264,  -0.0180905
 0.000124268,  -0.0180905
 0.000124272,  -0.0180905
 0.000124276,  -0.0175879
  0.00012428,  -0.0170854
 0.000124284,  -0.0170854
 0.000124288,  -0.0165829
 0.000124292,  -0.0165829
 0.000124296,  -0.0160804
   0.0001243,  -0.0160804
 0.000124304,  -0.0155779
 0.000124308,  -0.0155779
 0.000124312,  -0.0155779
 0.000124316,  -0.0150754
  0.00012432,  -0.0150754
 0.000124324,  -0.0145729
 0.000124328,  -0.0145729
 0.000124332,  -0.0140704
 0.000124336,  -0.0135678
  0.00012434,  -0.0135678
 0.000124344,  -0.0135678
 0.000124348,  -0.0130653
 0.000124352,  -0.0130653
 0.000124356,  -0.0125628
  0.00012436,  -0.0125628
 0.000124364,  -0.0120603
 0.000124368,  -0.0115578
 0.000124372,  -0.0115578
 0.000124376,  -0.0110553
  0.00012438,  -0.0110553
 0.000124384,  -0.0110553
 0.000124388,  -0.0105528
 0.000124392,  -0.0105528
 0.000124396,  -0.0105528
   0.0001244,  -0.0100503
 0.000124404, -0.00954774
 0.000124408, -0.00954774
 0.000124412, -0.00954774
 0.000124416, -0.00904523
  0.00012442, -0.00904523
 0.000124424, -0.00854271
 0.000124428, -0.00904523
 0.000124432, -0.00854271
 0.000124436, -0.00854271
  0.00012444,  -0.0080402
 0.000124444,  -0.0080402
 0.000124448, -0.00753769
 0.000124452, -0.00753769
 0.000124456, -0.00753769
  0.00012446, -0.00753769
 0.000124464, -0.00703518
 0.000124468, -0.00703518
 0.000124472, -0.00653266
 0.000124476, -0.00653266
  0.00012448, -0.00653266
 0.000124484, -0.00603015
 0.000124488, -0.00552764
 0.000124492, -0.00552764
 0.000124496, -0.00502513
   0.0001245, -0.00552764
 0.000124504, -0.00502513
 0.000124508, -0.00502513
 0.000124512, -0.00502513
 0.000124516, -0.00452261
  0.00012452, -0.00452261
 0.000124524, -0.00452261
 0.000124528, -0.00452261
 0.000124532,  -0.0040201
 0.000124536, -0.00351759
  0.00012454, -0.00351759
 0.000124544, -0.00351759
 0.000124548, -0.00301508
 0.000124552, -0.00301508
 0.000124556, -0.00301508
  0.00012456, -0.00301508
 0.000124564, -0.00301508
 0.000124568, -0.00251256
 0.000124572, -0.00251256
 0.000124576, -0.00251256
  0.00012458, -0.00201005
 0.000124584, -0.00201005
 0.000124588, -0.00201005
 0.000124592, -0.00201005
 0.000124596, -0.00201005
   0.0001246, -0.00201005
 0.000124604, -0.00201005
 0.000124608, -0.00150754
 0.000124612, -0.00150754
 0.000124616, -0.00150754
  0.00012462, -0.00150754
 0.000124624, -0.00150754
 0.000124628, -0.00150754
 0.000124632, -0.00100503
 0.000124636, -0.00100503
  0.00012464, -0.00100503
 0.000124644, -0.00100503
 0.000124648, -0.00100503
 0.000124652,-0.000502513
 0.000124656,-0.000502513
  0.00012466, -0.00100503
 0.000124664,-0.000502513
 0.000124668,-0.000502513
 0.000124672,-0.000502513
 0.000124676,           0
  0.00012468,-0.000502513
 0.000124684,-0.000502513
 0.000124688,-0.000502513
 0.000124692,           0
 0.000124696,           0
   0.0001247,           0
 0.000124704,           0
 0.000124708,           0
 0.000124712,           0
 0.000124716,           0
  0.00012472,           0
 0.000124724,           0
 0.000124728,           0
 0.000124732,           0
 0.000124736,           0
  0.00012474,           0
 0.000124744,           0
 0.000124748,           0
 0.000124752,           0
 0.000124756,           0
  0.00012476,           0
 0.000124764,           0
 0.000124768,           0
 0.000124772,           0
 0.000124776,           0
  0.00012478,           0
 0.000124784,-0.000502513
 0.000124788,-0.000502513
 0.000124792,           0
 0.000124796,-0.000502513
   0.0001248,-0.000502513
 0.000124804,-0.000502513
 0.000124808,-0.000502513
 0.000124812,-0.000502513
 0.000124816,-0.000502513
  0.00012482,-0.000502513
 0.000124824,-0.000502513
 0.000124828,-0.000502513
 0.000124832, -0.00100503
 0.000124836, -0.00100503
  0.00012484, -0.00100503
 0.000124844, -0.00100503
 0.000124848, -0.00100503
 0.000124852, -0.00150754
 0.000124856, -0.00150754
  0.00012486, -0.00150754
 0.000124864, -0.00150754
 0.000124868, -0.00150754
 0.000124872, -0.00150754
 0.000124876, -0.00150754
  0.00012488, -0.00201005
 0.000124884, -0.00201005
 0.000124888, -0.00201005
 0.000124892, -0.00201005
 0.000124896, -0.00201005
   0.0001249, -0.00251256
 0.000124904, -0.00251256
 0.000124908, -0.00251256
 0.000124912, -0.00251256
 0.000124916, -0.00301508
  0.00012492, -0.00301508
 0.000124924, -0.00301508
 0.000124928, -0.00301508
 0.000124932, -0.00351759
 0.000124936, -0.00351759
  0.00012494, -0.00351759
 0.000124944,  -0.0040201
 0.000124948,  -0.0040201
 0.000124952,  -0.0040201
 0.000124956,  -0.0040201
  0.00012496, -0.00452261
 0.000124964, -0.00452261
 0.000124968, -0.00452261
 0.000124972, -0.00452261
 0.000124976, -0.00502513
  0.00012498, -0.00502513
 0.000124984, -0.00552764
 0.000124988, -0.00552764
 0.000124992, -0.00552764
 0.000124996, -0.00603015
    0.000125, -0.00603015
 0.000125004, -0.00603015
 0.000125008, -0.00603015
 0.000125012, -0.00603015
 0.000125016, -0.00653266
  0.00012502, -0.00653266
 0.000125024, -0.00703518
 0.000125028, -0.00703518
 0.000125032, -0.00703518
 0.000125036, -0.00753769
  0.00012504, -0.00753769
 0.000125044, -0.00753769
 0.000125048,  -0.0080402
 0.000125052,  -0.0080402
 0.000125056,  -0.0080402
  0.00012506, -0.00854271
 0.000125064, -0.00854271
 0.000125068, -0.00854271
 0.000125072, -0.00904523
 0.000125076, -0.00954774
  0.00012508, -0.00954774
 0.000125084, -0.00954774
 0.000125088,  -0.0100503
 0.000125092,  -0.0100503
 0.000125096,  -0.0100503
   0.0001251,  -0.0100503
 0.000125104,  -0.0105528
 0.000125108,  -0.0105528
 0.000125112,  -0.0110553
 0.000125116,  -0.0110553
  0.00012512,  -0.0110553
 0.000125124,  -0.0115578
 0.000125128,  -0.0120603
 0.000125132,  -0.0120603
 0.000125136,  -0.0120603
  0.00012514,  -0.0120603
 0.000125144,  -0.0125628
 0.000125148,  -0.0125628
 0.000125152,  -0.0130653
 0.000125156,  -0.0130653
  0.00012516,  -0.0130653
 0.000125164,  -0.0135678
 0.000125168,  -0.0140704
 0.000125172,  -0.0140704
 0.000125176,  -0.0140704
  0.00012518,  -0.0140704
 0.000125184,  -0.0145729
 0.000125188,  -0.0145729
 0.000125192,  -0.0145729
 0.000125196,  -0.0150754
   0.0001252,  -0.0150754
 0.000125204,  -0.0150754
 0.000125208,  -0.0155779
 0.000125212,  -0.0155779
 0.000125216,  -0.0160804
  0.00012522,  -0.0160804
 0.000125224,  -0.0165829
 0.000125228,  -0.0165829
 0.000125232,  -0.0165829
 0.000125236,  -0.0170854
  0.00012524,  -0.0170854
 0.000125244,  -0.0170854
 0.000125248,  -0.0170854
 0.000125252,  -0.0175879
 0.000125256,  -0.0180905
  0.00012526,  -0.0180905
 0.000125264,  -0.0180905
 0.000125268,   -0.018593
 0.000125272,   -0.018593
 0.000125276,   -0.018593
  0.00012528,  -0.0190955
 0.000125284,  -0.0190955
 0.000125288,  -0.0190955
 0.000125292,   -0.019598
 0.000125296,   -0.019598
   0.0001253,  -0.0201005
 0.000125304,  -0.0201005
 0.000125308,  -0.0201005
 0.000125312,  -0.0201005
 0.000125316,  -0.0201005
  0.00012532,   -0.020603
 0.000125324,   -0.020603
 0.000125328,  -0.0211055
 0.000125332,  -0.0211055
 0.000125336,  -0.0211055
  0.00012534,  -0.0211055
 0.000125344,   -0.021608
 0.000125348,   -0.021608
 0.000125352,   -0.021608
 0.000125356,  -0.0221106
  0.00012536,  -0.0221106
 0.000125364,  -0.0221106
 0.000125368,  -0.0226131
 0.000125372,  -0.0226131
 0.000125376,  -0.0226131
  0.00012538,  -0.0231156
 0.000125384,  -0.0226131
 0.000125388,  -0.0231156
 0.000125392,  -0.0231156
 0.000125396,  -0.0236181
   0.0001254,  -0.0236181
 0.000125404,  -0.0236181
 0.000125408,  -0.0236181
 0.000125412,  -0.0236181
 0.000125416,  -0.0241206
  0.00012542,  -0.0241206
 0.000125424,  -0.0241206
 0.000125428,  -0.0246231
 0.000125432,  -0.0246231
 0.000125436,  -0.0246231
  0.00012544,  -0.0246231
 0.000125444,  -0.0246231
 0.000125448,  -0.0246231
 0.000125452,  -0.0251256
 0.000125456,  -0.0251256
  0.00012546,  -0.0256281
 0.000125464,  -0.0256281
 0.000125468,  -0.0256281
 0.000125472,  -0.0261307
 0.000125476,  -0.0256281
  0.00012548,  -0.0256281
 0.000125484,  -0.0256281
 0.000125488,  -0.0261307
 0.000125492,  -0.0261307
 0.000125496,  -0.0261307
   0.0001255,  -0.0261307
 0.000125504,  -0.0261307
 0.000125508,  -0.0261307
 0.000125512,  -0.0266332
 0.000125516,  -0.0266332
  0.00012552,  -0.0266332
 0.000125524,  -0.0266332
 0.000125528,  -0.0266332
 0.000125532,  -0.0266332
 0.000125536,  -0.0266332
  0.00012554,  -0.0266332
 0.000125544,  -0.0271357
 0.000125548,  -0.0271357
 0.000125552,  -0.0271357
 0.000125556,  -0.0271357
  0.00012556,  -0.0271357
 0.000125564,  -0.0276382
 0.000125568,  -0.0276382
 0.000125572,  -0.0276382
 0.000125576,  -0.0276382
  0.00012558,  -0.0276382
 0.000125584,  -0.0276382
 0.000125588,  -0.0276382
 0.000125592,  -0.0276382
 0.000125596,  -0.0281407
   0.0001256,  -0.0276382
 0.000125604,  -0.0276382
 0.000125608,  -0.0281407
 0.000125612,  -0.0281407
 0.000125616,  -0.0281407
  0.00012562,  -0.0281407
 0.000125624,  -0.0281407
 0.000125628,  -0.0281407
 0.000125632,  -0.0281407
 0.000125636,  -0.0281407
  0.00012564,  -0.0281407
 0.000125644,  -0.0276382
 0.000125648,  -0.0281407
 0.000125652,  -0.0281407
 0.000125656,  -0.0281407
  0.00012566,  -0.0281407
 0.000125664,  -0.0281407
 0.000125668,  -0.0281407
 0.000125672,  -0.0281407
 0.000125676,  -0.0281407
  0.00012568,  -0.0281407
 0.000125684,  -0.0281407
 0.000125688,  -0.0281407
 0.000125692,  -0.0281407
 0.000125696,  -0.0281407
   0.0001257,  -0.0281407
 0.000125704,  -0.0281407
 0.000125708,  -0.0281407
 0.000125712,  -0.0281407
 0.000125716,  -0.0281407
  0.00012572,  -0.0281407
 0.000125724,  -0.0281407
 0.000125728,  -0.0281407
 0.000125732,  -0.0281407
 0.000125736,  -0.0281407
  0.00012574,  -0.0281407
 0.000125744,  -0.0281407
 0.000125748,  -0.0281407
 0.000125752,  -0.0281407
 0.000125756,  -0.0281407
  0.00012576,  -0.0281407
 0.000125764,  -0.0281407
 0.000125768,  -0.0276382
 0.000125772,  -0.0276382
 0.000125776,  -0.0276382
  0.00012578,  -0.0276382
 0.000125784,  -0.0276382
 0.000125788,  -0.0276382
 0.000125792,  -0.0276382
 0.000125796,  -0.0276382
   0.0001258,  -0.0276382
 0.000125804,  -0.0276382
 0.000125808,  -0.0271357
 0.000125812,  -0.0276382
 0.000125816,  -0.0276382
  0.00012582,  -0.0276382
 0.000125824,  -0.0271357
 0.000125828,  -0.0271357
 0.000125832,  -0.0271357
 0.000125836,  -0.0271357
  0.00012584,  -0.0271357
 0.000125844,  -0.0271357
 0.000125848,  -0.0266332
 0.000125852,  -0.0266332
 0.000125856,  -0.0266332
  0.00012586,  -0.0266332
 0.000125864,  -0.0266332
 0.000125868,  -0.0261307
 0.000125872,  -0.0261307
 0.000125876,  -0.0261307
  0.00012588,  -0.0261307
 0.000125884,  -0.0261307
 0.000125888,  -0.0261307
 0.000125892,  -0.0261307
 0.000125896,  -0.0261307
   0.0001259,  -0.0256281
 0.000125904,  -0.0256281
 0.000125908,  -0.0256281
 0.000125912,  -0.0256281
 0.000125916,  -0.0256281
  0.00012592,  -0.0251256
 0.000125924,  -0.0251256
 0.000125928,  -0.0251256
 0.000125932,  -0.0251256
 0.000125936,  -0.0251256
  0.00012594,  -0.0251256
 0.000125944,  -0.0251256
 0.000125948,  -0.0246231
 0.000125952,  -0.0246231
 0.000125956,  -0.0246231
  0.00012596,  -0.0246231
 0.000125964,  -0.0246231
 0.000125968,  -0.0246231
 0.000125972,  -0.0241206
 0.000125976,  -0.0241206
  0.00012598,  -0.0241206
 0.000125984,  -0.0236181
 0.000125988,  -0.0236181
 0.000125992,  -0.0236181
 0.000125996,  -0.0236181
    0.000126,  -0.0236181
 0.000126004,  -0.0231156
 0.000126008,  -0.0231156
 0.000126012,  -0.0231156
 0.000126016,  -0.0231156
  0.00012602,  -0.0231156
 0.000126024,  -0.0226131
 0.000126028,  -0.0226131
 0.000126032,  -0.0226131
 0.000126036,  -0.0226131
  0.00012604,  -0.0221106
 0.000126044,  -0.0221106
 0.000126048,  -0.0221106
 0.000126052,  -0.0221106
 0.000126056,   -0.021608
  0.00012606,   -0.021608
 0.000126064,   -0.021608
 0.000126068,   -0.021608
 0.000126072,  -0.0211055
 0.000126076,  -0.0211055
  0.00012608,  -0.0211055
 0.000126084,  -0.0211055
 0.000126088,   -0.020603
 0.000126092,   -0.020603
 0.000126096,   -0.020603
   0.0001261,   -0.020603
 0.000126104,  -0.0201005
 0.000126108,  -0.0201005
 0.000126112,  -0.0201005
 0.000126116,   -0.019598
  0.00012612,   -0.019598
 0.000126124,   -0.019598
 0.000126128,   -0.019598
 0.000126132,  -0.0190955
 0.000126136,  -0.0190955
  0.00012614,  -0.0190955
 0.000126144,  -0.0190955
 0.000126148,   -0.018593
 0.000126152,  -0.0180905
 0.000126156,   -0.018593
  0.00012616,  -0.0180905
 0.000126164,  -0.0180905
 0.000126168,  -0.0180905
 0.000126172,  -0.0175879
 0.000126176,  -0.0175879
  0.00012618,  -0.0175879
 0.000126184,  -0.0175879
 0.000126188,  -0.0170854
 0.000126192,  -0.0165829
 0.000126196,  -0.0165829
   0.0001262,  -0.0165829
 0.000126204,  -0.0165829
 0.000126208,  -0.0165829
 0.000126212,  -0.0160804
 0.000126216,  -0.0155779
  0.00012622,  -0.0155779
 0.000126224,  -0.0155779
 0.000126228,  -0.0155779
 0.000126232,  -0.0155779
 0.000126236,  -0.0155779
  0.00012624,  -0.0150754
 0.000126244,  -0.0145729
 0.000126248,  -0.0145729
 0.000126252,  -0.0145729
 0.000126256,  -0.0145729
  0.00012626,  -0.0140704
 0.000126264,  -0.0140704
 0.000126268,  -0.0140704
 0.000126272,  -0.0135678
 0.000126276,  -0.0135678
  0.00012628,  -0.0135678
 0.000126284,  -0.0130653
 0.000126288,  -0.0130653
 0.000126292,  -0.0125628
 0.000126296,  -0.0125628
   0.0001263,  -0.0125628
 0.000126304,  -0.0125628
 0.000126308,  -0.0120603
 0.000126312,  -0.0120603
 0.000126316,  -0.0115578
  0.00012632,  -0.0115578
 0.000126324,  -0.0115578
 0.000126328,  -0.0115578
 0.000126332,  -0.0110553
 0.000126336,  -0.0110553
  0.00012634,  -0.0105528
 0.000126344,  -0.0100503
 0.000126348,  -0.0100503
 0.000126352,  -0.0100503
 0.000126356, -0.00954774
  0.00012636, -0.00954774
 0.000126364, -0.00954774
 0.000126368, -0.00904523
 0.000126372, -0.00904523
 0.000126376, -0.00854271
  0.00012638, -0.00854271
 0.000126384, -0.00854271
 0.000126388, -0.00854271
 0.000126392,  -0.0080402
 0.000126396,  -0.0080402
   0.0001264,  -0.0080402
 0.000126404, -0.00753769
 0.000126408, -0.00753769
 0.000126412, -0.00703518
 0.000126416, -0.00703518
  0.00012642, -0.00703518
 0.000126424, -0.00653266
 0.000126428, -0.00653266
 0.000126432, -0.00603015
 0.000126436, -0.00603015
  0.00012644, -0.00603015
 0.000126444, -0.00552764
 0.000126448, -0.00552764
 0.000126452, -0.00552764
 0.000126456, -0.00502513
  0.00012646, -0.00502513
 0.000126464, -0.00452261
 0.000126468, -0.00452261
 0.000126472,  -0.0040201
 0.000126476,  -0.0040201
  0.00012648,  -0.0040201
 0.000126484, -0.00351759
 0.000126488, -0.00351759
 0.000126492, -0.00301508
 0.000126496, -0.00301508
   0.0001265, -0.00301508
 0.000126504, -0.00251256
 0.000126508, -0.00251256
 0.000126512, -0.00201005
 0.000126516, -0.00201005
  0.00012652, -0.00150754
 0.000126524, -0.00150754
 0.000126528, -0.00150754
 0.000126532, -0.00100503
 0.000126536, -0.00100503
  0.00012654,-0.000502513
 0.000126544,-0.000502513
 0.000126548,           0
 0.000126552,           0
 0.000126556,           0
  0.00012656,           0
 0.000126564, 0.000502513
 0.000126568, 0.000502513
 0.000126572,  0.00100503
 0.000126576,  0.00100503
  0.00012658,  0.00100503
 0.000126584,  0.00150754
 0.000126588,  0.00150754
 0.000126592,  0.00201005
 0.000126596,  0.00201005
   0.0001266,  0.00201005
 0.000126604,  0.00251256
 0.000126608,  0.00251256
 0.000126612,  0.00301508
 0.000126616,  0.00301508
  0.00012662,  0.00301508
 0.000126624,  0.00351759
 0.000126628,  0.00351759
 0.000126632,   0.0040201
 0.000126636,   0.0040201
  0.00012664,  0.00452261
 0.000126644,  0.00452261
 0.000126648,  0.00502513
 0.000126652,  0.00502513
 0.000126656,  0.00502513
  0.00012666,  0.00552764
 0.000126664,  0.00552764
 0.000126668,  0.00603015
 0.000126672,  0.00603015
 0.000126676,  0.00603015
  0.00012668,  0.00653266
 0.000126684,  0.00653266
 0.000126688,  0.00703518
 0.000126692,  0.00703518
 0.000126696,  0.00703518
   0.0001267,  0.00753769
 0.000126704,  0.00753769
 0.000126708,  0.00753769
 0.000126712,   0.0080402
 0.000126716,  0.00854271
  0.00012672,  0.00854271
 0.000126724,  0.00854271
 0.000126728,  0.00854271
 0.000126732,  0.00904523
 0.000126736,  0.00904523
  0.00012674,  0.00954774
 0.000126744,  0.00954774
 0.000126748,   0.0100503
 0.000126752,   0.0100503
 0.000126756,   0.0100503
  0.00012676,   0.0105528
 0.000126764,   0.0105528
 0.000126768,   0.0110553
 0.000126772,   0.0110553
 0.000126776,   0.0110553
  0.00012678,   0.0115578
 0.000126784,   0.0115578
 0.000126788,   0.0120603
 0.000126792,   0.0120603
 0.000126796,   0.0120603
   0.0001268,   0.0120603
 0.000126804,   0.0125628
 0.000126808,   0.0130653
 0.000126812,   0.0130653
 0.000126816,   0.0130653
  0.00012682,   0.0135678
 0.000126824,   0.0135678
 0.000126828,   0.0135678
 0.000126832,   0.0140704
 0.000126836,   0.0140704
  0.00012684,   0.0145729
 0.000126844,   0.0145729
 0.000126848,   0.0145729
 0.000126852,   0.0145729
 0.000126856,   0.0145729
  0.00012686,   0.0150754
 0.000126864,   0.0155779
 0.000126868,   0.0155779
 0.000126872,   0.0155779
 0.000126876,   0.0160804
  0.00012688,   0.0160804
 0.000126884,   0.0160804
 0.000126888,   0.0165829
 0.000126892,   0.0165829
 0.000126896,   0.0160804
   0.0001269,   0.0165829
 0.000126904,   0.0170854
 0.000126908,   0.0170854
 0.000126912,   0.0170854
 0.000126916,   0.0175879
  0.00012692,   0.0175879
 0.000126924,   0.0175879
 0.000126928,   0.0180905
 0.000126932,   0.0180905
 0.000126936,    0.018593
  0.00012694,   0.0180905
 0.000126944,    0.018593
 0.000126948,   0.0190955
 0.000126952,   0.0190955
 0.000126956,   0.0190955
  0.00012696,   0.0190955
 0.000126964,    0.019598
 0.000126968,    0.019598
 0.000126972,    0.019598
 0.000126976,   0.0201005
  0.00012698,   0.0201005
 0.000126984,   0.0201005
 0.000126988,   0.0201005
 0.000126992,   0.0201005
 0.000126996,   0.0201005
