       9E-05,   -0.009799
  9.0004E-05, -0.00879397
  9.0008E-05, -0.00866834
  9.0012E-05, -0.00954774
  9.0016E-05, -0.00992462
   9.002E-05,   -0.009799
  9.0024E-05, -0.00904523
  9.0028E-05, -0.00904523
  9.0032E-05, -0.00954774
  9.0036E-05, -0.00992462
   9.004E-05, -0.00992462
  9.0044E-05, -0.00879397
  9.0048E-05, -0.00854271
  9.0052E-05, -0.00954774
  9.0056E-05,  -0.0101759
   9.006E-05, -0.00967337
  9.0064E-05, -0.00904523
  9.0068E-05, -0.00917085
  9.0072E-05, -0.00942211
  9.0076E-05, -0.00992462
   9.008E-05,  -0.0100503
  9.0084E-05,  -0.0089196
  9.0088E-05, -0.00866834
  9.0092E-05, -0.00954774
  9.0096E-05,  -0.0103015
    9.01E-05, -0.00967337
  9.0104E-05, -0.00879397
  9.0108E-05, -0.00904523
  9.0112E-05, -0.00942211
  9.0116E-05,   -0.009799
   9.012E-05,  -0.0100503
  9.0124E-05, -0.00904523
  9.0128E-05, -0.00854271
  9.0132E-05, -0.00929648
  9.0136E-05,  -0.0100503
   9.014E-05, -0.00967337
  9.0144E-05, -0.00854271
  9.0148E-05, -0.00879397
  9.0152E-05, -0.00992462
  9.0156E-05,   -0.009799
   9.016E-05, -0.00967337
  9.0164E-05,  -0.0089196
  9.0168E-05, -0.00866834
  9.0172E-05, -0.00929648
  9.0176E-05,   -0.009799
   9.018E-05,   -0.009799
  9.0184E-05, -0.00854271
  9.0188E-05,  -0.0089196
  9.0192E-05, -0.00967337
  9.0196E-05, -0.00992462
    9.02E-05, -0.00967337
  9.0204E-05, -0.00866834
  9.0208E-05, -0.00854271
  9.0212E-05, -0.00917085
  9.0216E-05, -0.00992462
   9.022E-05, -0.00954774
  9.0224E-05, -0.00879397
  9.0228E-05, -0.00879397
  9.0232E-05, -0.00929648
  9.0236E-05,  -0.0100503
   9.024E-05,   -0.009799
  9.0244E-05, -0.00879397
  9.0248E-05, -0.00854271
  9.0252E-05, -0.00917085
  9.0256E-05, -0.00992462
   9.026E-05,   -0.009799
  9.0264E-05, -0.00879397
  9.0268E-05, -0.00841709
  9.0272E-05, -0.00917085
  9.0276E-05, -0.00992462
   9.028E-05, -0.00954774
  9.0284E-05, -0.00829146
  9.0288E-05, -0.00854271
  9.0292E-05, -0.00929648
  9.0296E-05, -0.00954774
    9.03E-05, -0.00954774
  9.0304E-05, -0.00879397
  9.0308E-05, -0.00866834
  9.0312E-05, -0.00917085
  9.0316E-05,   -0.009799
   9.032E-05,  -0.0100503
  9.0324E-05, -0.00866834
  9.0328E-05, -0.00866834
  9.0332E-05, -0.00929648
  9.0336E-05, -0.00992462
   9.034E-05,   -0.009799
  9.0344E-05, -0.00866834
  9.0348E-05, -0.00866834
  9.0352E-05, -0.00929648
  9.0356E-05, -0.00992462
   9.036E-05,   -0.009799
  9.0364E-05, -0.00879397
  9.0368E-05, -0.00854271
  9.0372E-05, -0.00904523
  9.0376E-05,   -0.009799
   9.038E-05, -0.00967337
  9.0384E-05, -0.00866834
  9.0388E-05, -0.00854271
  9.0392E-05, -0.00929648
  9.0396E-05,   -0.009799
    9.04E-05, -0.00954774
  9.0404E-05, -0.00879397
  9.0408E-05, -0.00829146
  9.0412E-05, -0.00879397
  9.0416E-05, -0.00954774
   9.042E-05, -0.00954774
  9.0424E-05, -0.00854271
  9.0428E-05, -0.00841709
  9.0432E-05, -0.00904523
  9.0436E-05, -0.00967337
   9.044E-05, -0.00929648
  9.0444E-05, -0.00854271
  9.0448E-05, -0.00866834
  9.0452E-05, -0.00917085
  9.0456E-05, -0.00954774
   9.046E-05, -0.00967337
  9.0464E-05, -0.00866834
  9.0468E-05, -0.00841709
  9.0472E-05, -0.00904523
  9.0476E-05,   -0.009799
   9.048E-05, -0.00942211
  9.0484E-05, -0.00829146
  9.0488E-05, -0.00879397
  9.0492E-05, -0.00917085
  9.0496E-05, -0.00942211
    9.05E-05, -0.00954774
  9.0504E-05, -0.00866834
  9.0508E-05, -0.00829146
  9.0512E-05, -0.00866834
  9.0516E-05, -0.00954774
   9.052E-05, -0.00954774
  9.0524E-05, -0.00841709
  9.0528E-05, -0.00854271
  9.0532E-05, -0.00904523
  9.0536E-05, -0.00942211
   9.054E-05, -0.00942211
  9.0544E-05, -0.00854271
  9.0548E-05, -0.00829146
  9.0552E-05, -0.00879397
  9.0556E-05, -0.00942211
   9.056E-05, -0.00929648
  9.0564E-05, -0.00841709
  9.0568E-05, -0.00816583
  9.0572E-05,  -0.0089196
  9.0576E-05, -0.00942211
   9.058E-05, -0.00917085
  9.0584E-05, -0.00816583
  9.0588E-05, -0.00829146
  9.0592E-05,  -0.0089196
  9.0596E-05, -0.00917085
    9.06E-05, -0.00904523
  9.0604E-05, -0.00841709
  9.0608E-05, -0.00816583
  9.0612E-05, -0.00866834
  9.0616E-05, -0.00954774
   9.062E-05, -0.00942211
  9.0624E-05,  -0.0080402
  9.0628E-05, -0.00816583
  9.0632E-05,  -0.0089196
  9.0636E-05, -0.00929648
   9.064E-05,  -0.0089196
  9.0644E-05, -0.00829146
  9.0648E-05, -0.00841709
  9.0652E-05, -0.00866834
  9.0656E-05, -0.00954774
   9.066E-05, -0.00954774
  9.0664E-05, -0.00829146
  9.0668E-05, -0.00816583
  9.0672E-05, -0.00879397
  9.0676E-05, -0.00929648
   9.068E-05, -0.00904523
  9.0684E-05,  -0.0080402
  9.0688E-05, -0.00841709
  9.0692E-05, -0.00879397
  9.0696E-05, -0.00904523
    9.07E-05, -0.00904523
  9.0704E-05,  -0.0080402
  9.0708E-05, -0.00778894
  9.0712E-05, -0.00854271
  9.0716E-05, -0.00904523
   9.072E-05,  -0.0089196
  9.0724E-05, -0.00778894
  9.0728E-05, -0.00816583
  9.0732E-05, -0.00904523
  9.0736E-05, -0.00879397
   9.074E-05, -0.00866834
  9.0744E-05, -0.00816583
  9.0748E-05, -0.00816583
  9.0752E-05, -0.00854271
  9.0756E-05,  -0.0089196
   9.076E-05, -0.00879397
  9.0764E-05, -0.00791457
  9.0768E-05,  -0.0080402
  9.0772E-05, -0.00866834
  9.0776E-05,  -0.0089196
   9.078E-05, -0.00879397
  9.0784E-05, -0.00791457
  9.0788E-05, -0.00791457
  9.0792E-05, -0.00854271
  9.0796E-05, -0.00929648
    9.08E-05, -0.00866834
  9.0804E-05, -0.00778894
  9.0808E-05,  -0.0080402
  9.0812E-05, -0.00841709
  9.0816E-05, -0.00866834
   9.082E-05, -0.00866834
  9.0824E-05, -0.00778894
  9.0828E-05, -0.00766332
  9.0832E-05, -0.00829146
  9.0836E-05,  -0.0089196
   9.084E-05, -0.00841709
  9.0844E-05, -0.00741206
  9.0848E-05, -0.00778894
  9.0852E-05, -0.00829146
  9.0856E-05, -0.00879397
   9.086E-05, -0.00854271
  9.0864E-05, -0.00728643
  9.0868E-05, -0.00753769
  9.0872E-05, -0.00841709
  9.0876E-05, -0.00866834
   9.088E-05, -0.00829146
  9.0884E-05, -0.00741206
  9.0888E-05, -0.00778894
  9.0892E-05, -0.00829146
  9.0896E-05, -0.00879397
    9.09E-05, -0.00854271
  9.0904E-05, -0.00728643
  9.0908E-05, -0.00753769
  9.0912E-05, -0.00829146
  9.0916E-05, -0.00854271
   9.092E-05, -0.00829146
  9.0924E-05, -0.00741206
  9.0928E-05, -0.00741206
  9.0932E-05,  -0.0080402
  9.0936E-05, -0.00841709
   9.094E-05, -0.00829146
  9.0944E-05, -0.00728643
  9.0948E-05,  -0.0071608
  9.0952E-05, -0.00778894
  9.0956E-05, -0.00866834
   9.096E-05, -0.00829146
  9.0964E-05,  -0.0071608
  9.0968E-05, -0.00703518
  9.0972E-05, -0.00791457
  9.0976E-05, -0.00841709
   9.098E-05,  -0.0080402
  9.0984E-05, -0.00741206
  9.0988E-05, -0.00728643
  9.0992E-05, -0.00766332
  9.0996E-05, -0.00841709
     9.1E-05, -0.00829146
  9.1004E-05,  -0.0071608
  9.1008E-05, -0.00690955
  9.1012E-05, -0.00766332
  9.1016E-05, -0.00816583
   9.102E-05, -0.00816583
  9.1024E-05,  -0.0071608
  9.1028E-05, -0.00728643
  9.1032E-05, -0.00778894
  9.1036E-05, -0.00841709
   9.104E-05, -0.00829146
  9.1044E-05,  -0.0071608
  9.1048E-05, -0.00703518
  9.1052E-05, -0.00753769
  9.1056E-05, -0.00854271
   9.106E-05, -0.00829146
  9.1064E-05, -0.00690955
  9.1068E-05, -0.00703518
  9.1072E-05, -0.00766332
  9.1076E-05, -0.00816583
   9.108E-05, -0.00791457
  9.1084E-05,  -0.0071608
  9.1088E-05, -0.00703518
  9.1092E-05, -0.00741206
  9.1096E-05,  -0.0080402
    9.11E-05, -0.00791457
  9.1104E-05, -0.00690955
  9.1108E-05, -0.00665829
  9.1112E-05, -0.00766332
  9.1116E-05,  -0.0080402
   9.112E-05, -0.00766332
  9.1124E-05, -0.00665829
  9.1128E-05, -0.00678392
  9.1132E-05, -0.00753769
  9.1136E-05, -0.00766332
   9.114E-05, -0.00766332
  9.1144E-05, -0.00703518
  9.1148E-05, -0.00690955
  9.1152E-05, -0.00753769
  9.1156E-05,  -0.0080402
   9.116E-05, -0.00791457
  9.1164E-05, -0.00690955
  9.1168E-05, -0.00678392
  9.1172E-05, -0.00741206
  9.1176E-05, -0.00778894
   9.118E-05, -0.00753769
  9.1184E-05, -0.00678392
  9.1188E-05, -0.00678392
  9.1192E-05, -0.00728643
  9.1196E-05, -0.00778894
    9.12E-05, -0.00753769
  9.1204E-05, -0.00653266
  9.1208E-05, -0.00628141
  9.1212E-05, -0.00690955
  9.1216E-05, -0.00766332
   9.122E-05, -0.00741206
  9.1224E-05, -0.00653266
  9.1228E-05, -0.00678392
  9.1232E-05, -0.00703518
  9.1236E-05, -0.00753769
   9.124E-05, -0.00766332
  9.1244E-05, -0.00665829
  9.1248E-05, -0.00640704
  9.1252E-05, -0.00690955
  9.1256E-05, -0.00766332
   9.126E-05, -0.00741206
  9.1264E-05, -0.00640704
  9.1268E-05, -0.00665829
  9.1272E-05, -0.00728643
  9.1276E-05, -0.00741206
   9.128E-05, -0.00728643
  9.1284E-05, -0.00640704
  9.1288E-05, -0.00653266
  9.1292E-05,  -0.0071608
  9.1296E-05, -0.00741206
    9.13E-05, -0.00728643
  9.1304E-05, -0.00640704
  9.1308E-05, -0.00628141
  9.1312E-05, -0.00703518
  9.1316E-05, -0.00741206
   9.132E-05, -0.00741206
  9.1324E-05, -0.00640704
  9.1328E-05, -0.00590452
  9.1332E-05, -0.00678392
  9.1336E-05, -0.00728643
   9.134E-05,  -0.0071608
  9.1344E-05, -0.00628141
  9.1348E-05, -0.00615578
  9.1352E-05, -0.00665829
  9.1356E-05, -0.00728643
   9.136E-05,  -0.0071608
  9.1364E-05, -0.00640704
  9.1368E-05, -0.00603015
  9.1372E-05, -0.00640704
  9.1376E-05, -0.00728643
   9.138E-05, -0.00703518
  9.1384E-05, -0.00590452
  9.1388E-05, -0.00628141
  9.1392E-05, -0.00665829
  9.1396E-05, -0.00703518
    9.14E-05, -0.00690955
  9.1404E-05, -0.00628141
  9.1408E-05, -0.00590452
  9.1412E-05, -0.00628141
  9.1416E-05, -0.00728643
   9.142E-05, -0.00690955
  9.1424E-05, -0.00552764
  9.1428E-05, -0.00603015
  9.1432E-05, -0.00678392
  9.1436E-05, -0.00678392
   9.144E-05, -0.00653266
  9.1444E-05, -0.00590452
  9.1448E-05, -0.00590452
  9.1452E-05, -0.00640704
  9.1456E-05, -0.00703518
   9.146E-05, -0.00690955
  9.1464E-05, -0.00565327
  9.1468E-05, -0.00577889
  9.1472E-05, -0.00653266
  9.1476E-05, -0.00678392
   9.148E-05, -0.00640704
  9.1484E-05, -0.00552764
  9.1488E-05, -0.00577889
  9.1492E-05, -0.00653266
  9.1496E-05, -0.00690955
    9.15E-05, -0.00628141
  9.1504E-05, -0.00565327
  9.1508E-05, -0.00565327
  9.1512E-05, -0.00615578
  9.1516E-05, -0.00665829
   9.152E-05, -0.00653266
  9.1524E-05, -0.00565327
  9.1528E-05, -0.00565327
  9.1532E-05, -0.00653266
  9.1536E-05, -0.00690955
   9.154E-05, -0.00628141
  9.1544E-05, -0.00552764
  9.1548E-05, -0.00565327
  9.1552E-05, -0.00628141
  9.1556E-05, -0.00678392
   9.156E-05, -0.00628141
  9.1564E-05, -0.00552764
  9.1568E-05, -0.00565327
  9.1572E-05, -0.00628141
  9.1576E-05, -0.00678392
   9.158E-05, -0.00628141
  9.1584E-05, -0.00540201
  9.1588E-05, -0.00540201
  9.1592E-05, -0.00590452
  9.1596E-05, -0.00690955
    9.16E-05, -0.00628141
  9.1604E-05, -0.00515075
  9.1608E-05, -0.00540201
  9.1612E-05, -0.00615578
  9.1616E-05, -0.00653266
   9.162E-05, -0.00603015
  9.1624E-05, -0.00527638
  9.1628E-05, -0.00515075
  9.1632E-05, -0.00552764
  9.1636E-05, -0.00628141
   9.164E-05, -0.00628141
  9.1644E-05, -0.00502513
  9.1648E-05, -0.00502513
  9.1652E-05, -0.00603015
  9.1656E-05, -0.00665829
   9.166E-05, -0.00615578
  9.1664E-05, -0.00515075
  9.1668E-05, -0.00527638
  9.1672E-05, -0.00590452
  9.1676E-05, -0.00640704
   9.168E-05, -0.00615578
  9.1684E-05, -0.00515075
  9.1688E-05, -0.00527638
  9.1692E-05, -0.00603015
  9.1696E-05, -0.00640704
    9.17E-05, -0.00603015
  9.1704E-05, -0.00515075
  9.1708E-05, -0.00515075
  9.1712E-05, -0.00565327
  9.1716E-05, -0.00615578
   9.172E-05, -0.00590452
  9.1724E-05, -0.00527638
  9.1728E-05, -0.00527638
  9.1732E-05, -0.00565327
  9.1736E-05, -0.00628141
   9.174E-05, -0.00590452
  9.1744E-05,  -0.0048995
  9.1748E-05, -0.00502513
  9.1752E-05, -0.00552764
  9.1756E-05, -0.00615578
   9.176E-05, -0.00577889
  9.1764E-05, -0.00502513
  9.1768E-05, -0.00515075
  9.1772E-05, -0.00540201
  9.1776E-05, -0.00615578
   9.178E-05, -0.00577889
  9.1784E-05, -0.00477387
  9.1788E-05,  -0.0048995
  9.1792E-05, -0.00552764
  9.1796E-05, -0.00590452
    9.18E-05, -0.00565327
  9.1804E-05,  -0.0048995
  9.1808E-05,  -0.0048995
  9.1812E-05, -0.00515075
  9.1816E-05, -0.00590452
   9.182E-05, -0.00603015
  9.1824E-05, -0.00464824
  9.1828E-05, -0.00452261
  9.1832E-05, -0.00540201
  9.1836E-05, -0.00603015
   9.184E-05, -0.00552764
  9.1844E-05, -0.00452261
  9.1848E-05, -0.00515075
  9.1852E-05, -0.00565327
  9.1856E-05, -0.00552764
   9.186E-05, -0.00552764
  9.1864E-05, -0.00502513
  9.1868E-05, -0.00452261
  9.1872E-05,  -0.0048995
  9.1876E-05, -0.00590452
   9.188E-05, -0.00577889
  9.1884E-05, -0.00439698
  9.1888E-05, -0.00477387
  9.1892E-05, -0.00565327
  9.1896E-05, -0.00565327
    9.19E-05, -0.00527638
  9.1904E-05,  -0.0048995
  9.1908E-05, -0.00477387
  9.1912E-05,  -0.0048995
  9.1916E-05, -0.00552764
   9.192E-05, -0.00565327
  9.1924E-05, -0.00464824
  9.1928E-05, -0.00439698
  9.1932E-05, -0.00502513
  9.1936E-05, -0.00565327
   9.194E-05, -0.00540201
  9.1944E-05, -0.00464824
  9.1948E-05, -0.00464824
  9.1952E-05,  -0.0048995
  9.1956E-05, -0.00565327
   9.196E-05, -0.00552764
  9.1964E-05, -0.00439698
  9.1968E-05, -0.00452261
  9.1972E-05, -0.00515075
  9.1976E-05, -0.00552764
   9.198E-05, -0.00527638
  9.1984E-05, -0.00452261
  9.1988E-05,  -0.0048995
  9.1992E-05, -0.00515075
  9.1996E-05, -0.00577889
     9.2E-05, -0.00565327
  9.2004E-05, -0.00439698
  9.2008E-05, -0.00452261
  9.2012E-05, -0.00540201
  9.2016E-05, -0.00577889
   9.202E-05, -0.00552764
  9.2024E-05, -0.00464824
  9.2028E-05, -0.00464824
  9.2032E-05, -0.00527638
  9.2036E-05, -0.00565327
   9.204E-05, -0.00552764
  9.2044E-05, -0.00439698
  9.2048E-05, -0.00439698
  9.2052E-05, -0.00502513
  9.2056E-05, -0.00552764
   9.206E-05, -0.00527638
  9.2064E-05, -0.00439698
  9.2068E-05, -0.00439698
  9.2072E-05, -0.00502513
  9.2076E-05, -0.00552764
   9.208E-05, -0.00527638
  9.2084E-05, -0.00427136
  9.2088E-05, -0.00427136
  9.2092E-05, -0.00502513
  9.2096E-05, -0.00552764
    9.21E-05, -0.00502513
  9.2104E-05, -0.00427136
  9.2108E-05, -0.00452261
  9.2112E-05, -0.00552764
  9.2116E-05, -0.00577889
   9.212E-05, -0.00515075
  9.2124E-05, -0.00427136
  9.2128E-05, -0.00464824
  9.2132E-05, -0.00527638
  9.2136E-05, -0.00540201
   9.214E-05,  -0.0048995
  9.2144E-05, -0.00452261
  9.2148E-05, -0.00464824
  9.2152E-05, -0.00502513
  9.2156E-05, -0.00565327
   9.216E-05, -0.00527638
  9.2164E-05, -0.00427136
  9.2168E-05, -0.00439698
  9.2172E-05, -0.00502513
  9.2176E-05, -0.00540201
   9.218E-05,  -0.0048995
  9.2184E-05, -0.00427136
  9.2188E-05, -0.00477387
  9.2192E-05, -0.00515075
  9.2196E-05, -0.00552764
    9.22E-05, -0.00515075
  9.2204E-05, -0.00414573
  9.2208E-05, -0.00427136
  9.2212E-05, -0.00502513
  9.2216E-05, -0.00552764
   9.222E-05, -0.00515075
  9.2224E-05, -0.00427136
  9.2228E-05, -0.00452261
  9.2232E-05, -0.00552764
  9.2236E-05, -0.00552764
   9.224E-05, -0.00515075
  9.2244E-05, -0.00439698
  9.2248E-05, -0.00439698
  9.2252E-05, -0.00527638
  9.2256E-05, -0.00565327
   9.226E-05, -0.00502513
  9.2264E-05, -0.00427136
  9.2268E-05, -0.00464824
  9.2272E-05, -0.00527638
  9.2276E-05, -0.00540201
   9.228E-05, -0.00515075
  9.2284E-05, -0.00427136
  9.2288E-05, -0.00414573
  9.2292E-05, -0.00515075
  9.2296E-05, -0.00590452
    9.23E-05,  -0.0048995
  9.2304E-05, -0.00414573
  9.2308E-05, -0.00452261
  9.2312E-05, -0.00502513
  9.2316E-05, -0.00540201
   9.232E-05, -0.00527638
  9.2324E-05, -0.00439698
  9.2328E-05,  -0.0040201
  9.2332E-05,  -0.0048995
  9.2336E-05, -0.00565327
   9.234E-05, -0.00502513
  9.2344E-05, -0.00414573
  9.2348E-05, -0.00439698
  9.2352E-05,  -0.0048995
  9.2356E-05, -0.00565327
   9.236E-05, -0.00527638
  9.2364E-05,  -0.0040201
  9.2368E-05, -0.00414573
  9.2372E-05,  -0.0048995
  9.2376E-05, -0.00552764
   9.238E-05, -0.00502513
  9.2384E-05, -0.00414573
  9.2388E-05, -0.00452261
  9.2392E-05, -0.00502513
  9.2396E-05, -0.00552764
    9.24E-05, -0.00527638
  9.2404E-05, -0.00414573
  9.2408E-05, -0.00427136
  9.2412E-05, -0.00515075
  9.2416E-05, -0.00565327
   9.242E-05, -0.00527638
  9.2424E-05, -0.00427136
  9.2428E-05, -0.00439698
  9.2432E-05, -0.00527638
  9.2436E-05, -0.00565327
   9.244E-05,  -0.0048995
  9.2444E-05, -0.00414573
  9.2448E-05, -0.00439698
  9.2452E-05, -0.00515075
  9.2456E-05, -0.00552764
   9.246E-05, -0.00515075
  9.2464E-05, -0.00452261
  9.2468E-05, -0.00439698
  9.2472E-05,  -0.0048995
  9.2476E-05, -0.00565327
   9.248E-05, -0.00515075
  9.2484E-05, -0.00439698
  9.2488E-05, -0.00452261
  9.2492E-05, -0.00527638
  9.2496E-05, -0.00565327
    9.25E-05, -0.00515075
  9.2504E-05, -0.00439698
  9.2508E-05, -0.00427136
  9.2512E-05,  -0.0048995
  9.2516E-05, -0.00552764
   9.252E-05, -0.00515075
  9.2524E-05, -0.00452261
  9.2528E-05, -0.00477387
  9.2532E-05, -0.00515075
  9.2536E-05, -0.00552764
   9.254E-05, -0.00515075
  9.2544E-05, -0.00414573
  9.2548E-05, -0.00439698
  9.2552E-05,  -0.0048995
  9.2556E-05, -0.00552764
   9.256E-05, -0.00540201
  9.2564E-05, -0.00439698
  9.2568E-05, -0.00452261
  9.2572E-05, -0.00515075
  9.2576E-05, -0.00565327
   9.258E-05, -0.00527638
  9.2584E-05, -0.00427136
  9.2588E-05, -0.00477387
  9.2592E-05, -0.00515075
  9.2596E-05, -0.00540201
    9.26E-05, -0.00540201
  9.2604E-05, -0.00464824
  9.2608E-05, -0.00427136
  9.2612E-05,  -0.0048995
  9.2616E-05, -0.00590452
   9.262E-05, -0.00540201
  9.2624E-05, -0.00427136
  9.2628E-05, -0.00464824
  9.2632E-05, -0.00527638
  9.2636E-05, -0.00565327
   9.264E-05, -0.00552764
  9.2644E-05,  -0.0048995
  9.2648E-05, -0.00464824
  9.2652E-05, -0.00540201
  9.2656E-05, -0.00628141
   9.266E-05, -0.00552764
  9.2664E-05, -0.00452261
  9.2668E-05, -0.00477387
  9.2672E-05, -0.00552764
  9.2676E-05, -0.00565327
   9.268E-05, -0.00527638
  9.2684E-05, -0.00464824
  9.2688E-05,  -0.0048995
  9.2692E-05, -0.00552764
  9.2696E-05, -0.00628141
    9.27E-05, -0.00540201
  9.2704E-05, -0.00439698
  9.2708E-05, -0.00477387
  9.2712E-05, -0.00565327
  9.2716E-05, -0.00590452
   9.272E-05, -0.00540201
  9.2724E-05,  -0.0048995
  9.2728E-05, -0.00515075
  9.2732E-05, -0.00565327
  9.2736E-05, -0.00628141
   9.274E-05, -0.00565327
  9.2744E-05, -0.00452261
  9.2748E-05, -0.00527638
  9.2752E-05, -0.00577889
  9.2756E-05, -0.00603015
   9.276E-05, -0.00577889
  9.2764E-05, -0.00515075
  9.2768E-05, -0.00502513
  9.2772E-05, -0.00540201
  9.2776E-05, -0.00628141
   9.278E-05, -0.00577889
  9.2784E-05, -0.00452261
  9.2788E-05, -0.00515075
  9.2792E-05, -0.00577889
  9.2796E-05, -0.00603015
    9.28E-05, -0.00565327
  9.2804E-05, -0.00515075
  9.2808E-05, -0.00515075
  9.2812E-05, -0.00590452
  9.2816E-05, -0.00628141
   9.282E-05, -0.00565327
  9.2824E-05,  -0.0048995
  9.2828E-05, -0.00527638
  9.2832E-05, -0.00603015
  9.2836E-05, -0.00615578
   9.284E-05, -0.00590452
  9.2844E-05, -0.00515075
  9.2848E-05, -0.00527638
  9.2852E-05, -0.00628141
  9.2856E-05, -0.00665829
   9.286E-05, -0.00565327
  9.2864E-05, -0.00515075
  9.2868E-05, -0.00577889
  9.2872E-05, -0.00615578
  9.2876E-05, -0.00628141
   9.288E-05, -0.00590452
  9.2884E-05, -0.00527638
  9.2888E-05, -0.00552764
  9.2892E-05, -0.00590452
  9.2896E-05, -0.00665829
    9.29E-05, -0.00590452
  9.2904E-05,  -0.0048995
  9.2908E-05, -0.00540201
  9.2912E-05, -0.00590452
  9.2916E-05, -0.00640704
   9.292E-05, -0.00590452
  9.2924E-05, -0.00515075
  9.2928E-05, -0.00552764
  9.2932E-05, -0.00615578
  9.2936E-05, -0.00665829
   9.294E-05, -0.00603015
  9.2944E-05, -0.00515075
  9.2948E-05, -0.00565327
  9.2952E-05, -0.00628141
  9.2956E-05, -0.00678392
   9.296E-05, -0.00640704
  9.2964E-05, -0.00540201
  9.2968E-05, -0.00565327
  9.2972E-05, -0.00628141
  9.2976E-05, -0.00678392
   9.298E-05, -0.00640704
  9.2984E-05, -0.00552764
  9.2988E-05, -0.00577889
  9.2992E-05, -0.00640704
  9.2996E-05, -0.00690955
     9.3E-05, -0.00653266
  9.3004E-05, -0.00552764
  9.3008E-05, -0.00565327
  9.3012E-05, -0.00640704
  9.3016E-05, -0.00703518
   9.302E-05, -0.00653266
  9.3024E-05, -0.00577889
  9.3028E-05, -0.00590452
  9.3032E-05, -0.00653266
  9.3036E-05, -0.00703518
   9.304E-05, -0.00665829
  9.3044E-05, -0.00590452
  9.3048E-05, -0.00565327
  9.3052E-05, -0.00615578
  9.3056E-05,  -0.0071608
   9.306E-05, -0.00678392
  9.3064E-05, -0.00577889
  9.3068E-05, -0.00590452
  9.3072E-05, -0.00653266
  9.3076E-05, -0.00728643
   9.308E-05, -0.00653266
  9.3084E-05, -0.00565327
  9.3088E-05, -0.00603015
  9.3092E-05, -0.00665829
  9.3096E-05,  -0.0071608
    9.31E-05, -0.00653266
  9.3104E-05, -0.00577889
  9.3108E-05, -0.00615578
  9.3112E-05, -0.00678392
  9.3116E-05,  -0.0071608
   9.312E-05, -0.00665829
  9.3124E-05, -0.00590452
  9.3128E-05, -0.00653266
  9.3132E-05, -0.00678392
  9.3136E-05, -0.00728643
   9.314E-05, -0.00690955
  9.3144E-05, -0.00603015
  9.3148E-05, -0.00653266
  9.3152E-05,  -0.0071608
  9.3156E-05, -0.00753769
   9.316E-05, -0.00690955
  9.3164E-05, -0.00615578
  9.3168E-05, -0.00640704
  9.3172E-05, -0.00690955
  9.3176E-05,  -0.0071608
   9.318E-05, -0.00690955
  9.3184E-05, -0.00615578
  9.3188E-05, -0.00653266
  9.3192E-05,  -0.0071608
  9.3196E-05, -0.00741206
    9.32E-05, -0.00703518
  9.3204E-05, -0.00628141
  9.3208E-05, -0.00603015
  9.3212E-05, -0.00678392
  9.3216E-05, -0.00741206
   9.322E-05, -0.00703518
  9.3224E-05, -0.00640704
  9.3228E-05, -0.00665829
  9.3232E-05, -0.00728643
  9.3236E-05, -0.00766332
   9.324E-05, -0.00741206
  9.3244E-05, -0.00653266
  9.3248E-05, -0.00653266
  9.3252E-05,  -0.0071608
  9.3256E-05, -0.00778894
   9.326E-05, -0.00728643
  9.3264E-05, -0.00678392
  9.3268E-05, -0.00703518
  9.3272E-05,  -0.0071608
  9.3276E-05, -0.00766332
   9.328E-05, -0.00741206
  9.3284E-05, -0.00653266
  9.3288E-05, -0.00678392
  9.3292E-05, -0.00753769
  9.3296E-05,  -0.0080402
    9.33E-05, -0.00753769
  9.3304E-05, -0.00678392
  9.3308E-05, -0.00690955
  9.3312E-05, -0.00753769
  9.3316E-05,  -0.0080402
   9.332E-05, -0.00753769
  9.3324E-05, -0.00665829
  9.3328E-05,  -0.0071608
  9.3332E-05, -0.00766332
  9.3336E-05, -0.00791457
   9.334E-05, -0.00766332
  9.3344E-05, -0.00678392
  9.3348E-05, -0.00690955
  9.3352E-05, -0.00766332
  9.3356E-05, -0.00816583
   9.336E-05, -0.00766332
  9.3364E-05, -0.00678392
  9.3368E-05, -0.00690955
  9.3372E-05, -0.00778894
  9.3376E-05,  -0.0080402
   9.338E-05, -0.00753769
  9.3384E-05, -0.00690955
  9.3388E-05, -0.00728643
  9.3392E-05, -0.00791457
  9.3396E-05, -0.00816583
    9.34E-05, -0.00766332
  9.3404E-05, -0.00703518
  9.3408E-05,  -0.0071608
  9.3412E-05, -0.00791457
  9.3416E-05, -0.00854271
   9.342E-05, -0.00791457
  9.3424E-05, -0.00703518
  9.3428E-05, -0.00753769
  9.3432E-05, -0.00829146
  9.3436E-05, -0.00854271
   9.344E-05, -0.00791457
  9.3444E-05, -0.00741206
  9.3448E-05, -0.00766332
  9.3452E-05,  -0.0080402
  9.3456E-05, -0.00879397
   9.346E-05, -0.00829146
  9.3464E-05, -0.00753769
  9.3468E-05, -0.00753769
  9.3472E-05, -0.00816583
  9.3476E-05,  -0.0089196
   9.348E-05, -0.00816583
  9.3484E-05, -0.00741206
  9.3488E-05, -0.00791457
  9.3492E-05, -0.00854271
  9.3496E-05,  -0.0089196
    9.35E-05, -0.00829146
  9.3504E-05, -0.00753769
  9.3508E-05, -0.00778894
  9.3512E-05, -0.00854271
  9.3516E-05,  -0.0089196
   9.352E-05, -0.00854271
  9.3524E-05, -0.00766332
  9.3528E-05,  -0.0080402
  9.3532E-05, -0.00879397
  9.3536E-05,  -0.0089196
   9.354E-05, -0.00841709
  9.3544E-05, -0.00766332
  9.3548E-05,  -0.0080402
  9.3552E-05, -0.00866834
  9.3556E-05, -0.00879397
   9.356E-05, -0.00854271
  9.3564E-05,  -0.0080402
  9.3568E-05, -0.00816583
  9.3572E-05, -0.00866834
  9.3576E-05,  -0.0089196
   9.358E-05, -0.00866834
  9.3584E-05, -0.00778894
  9.3588E-05,  -0.0080402
  9.3592E-05, -0.00866834
  9.3596E-05, -0.00929648
    9.36E-05, -0.00854271
  9.3604E-05, -0.00778894
  9.3608E-05, -0.00816583
  9.3612E-05, -0.00879397
  9.3616E-05, -0.00929648
   9.362E-05, -0.00854271
  9.3624E-05, -0.00816583
  9.3628E-05, -0.00829146
  9.3632E-05, -0.00879397
  9.3636E-05, -0.00929648
   9.364E-05, -0.00879397
  9.3644E-05, -0.00829146
  9.3648E-05, -0.00829146
  9.3652E-05,  -0.0089196
  9.3656E-05,   -0.009799
   9.366E-05, -0.00904523
  9.3664E-05, -0.00816583
  9.3668E-05, -0.00854271
  9.3672E-05, -0.00917085
  9.3676E-05, -0.00954774
   9.368E-05,  -0.0089196
  9.3684E-05, -0.00841709
  9.3688E-05, -0.00879397
  9.3692E-05, -0.00942211
  9.3696E-05,   -0.009799
    9.37E-05, -0.00904523
  9.3704E-05, -0.00829146
  9.3708E-05, -0.00879397
  9.3712E-05, -0.00929648
  9.3716E-05, -0.00954774
   9.372E-05, -0.00942211
  9.3724E-05, -0.00854271
  9.3728E-05, -0.00866834
  9.3732E-05, -0.00942211
  9.3736E-05, -0.00992462
   9.374E-05, -0.00917085
  9.3744E-05, -0.00816583
  9.3748E-05, -0.00866834
  9.3752E-05, -0.00942211
  9.3756E-05,   -0.009799
   9.376E-05, -0.00917085
  9.3764E-05, -0.00879397
  9.3768E-05, -0.00879397
  9.3772E-05, -0.00942211
  9.3776E-05,  -0.0101759
   9.378E-05, -0.00954774
  9.3784E-05, -0.00866834
  9.3788E-05, -0.00866834
  9.3792E-05, -0.00967337
  9.3796E-05,  -0.0101759
    9.38E-05, -0.00929648
  9.3804E-05,  -0.0089196
  9.3808E-05, -0.00917085
  9.3812E-05,   -0.009799
  9.3816E-05,  -0.0101759
   9.382E-05, -0.00954774
  9.3824E-05,  -0.0089196
  9.3828E-05, -0.00904523
  9.3832E-05, -0.00967337
  9.3836E-05,  -0.0104271
   9.384E-05, -0.00954774
  9.3844E-05, -0.00879397
  9.3848E-05, -0.00954774
  9.3852E-05,  -0.0100503
  9.3856E-05,  -0.0103015
   9.386E-05, -0.00967337
  9.3864E-05, -0.00904523
  9.3868E-05, -0.00917085
  9.3872E-05, -0.00954774
  9.3876E-05,  -0.0104271
   9.388E-05, -0.00967337
  9.3884E-05, -0.00854271
  9.3888E-05, -0.00942211
  9.3892E-05,  -0.0100503
  9.3896E-05,  -0.0103015
    9.39E-05, -0.00967337
  9.3904E-05, -0.00904523
  9.3908E-05, -0.00929648
  9.3912E-05,   -0.009799
  9.3916E-05,  -0.0103015
   9.392E-05, -0.00992462
  9.3924E-05, -0.00917085
  9.3928E-05, -0.00942211
  9.3932E-05,  -0.0100503
  9.3936E-05,  -0.0103015
   9.394E-05,  -0.0100503
  9.3944E-05, -0.00929648
  9.3948E-05, -0.00942211
  9.3952E-05,  -0.0103015
  9.3956E-05,   -0.010804
   9.396E-05,  -0.0100503
  9.3964E-05, -0.00942211
  9.3968E-05,   -0.009799
  9.3972E-05,  -0.0103015
  9.3976E-05,  -0.0105528
   9.398E-05,  -0.0100503
  9.3984E-05, -0.00954774
  9.3988E-05,   -0.009799
  9.3992E-05,  -0.0101759
  9.3996E-05,   -0.010804
     9.4E-05,  -0.0101759
  9.4004E-05, -0.00942211
  9.4008E-05, -0.00929648
  9.4012E-05,  -0.0101759
  9.4016E-05,  -0.0110553
   9.402E-05,  -0.0100503
  9.4024E-05, -0.00942211
  9.4028E-05,  -0.0101759
  9.4032E-05,  -0.0101759
  9.4036E-05,  -0.0106784
   9.404E-05,  -0.0105528
  9.4044E-05, -0.00967337
  9.4048E-05, -0.00942211
  9.4052E-05,  -0.0103015
  9.4056E-05,  -0.0114322
   9.406E-05,  -0.0101759
  9.4064E-05, -0.00929648
  9.4068E-05,  -0.0101759
  9.4072E-05,  -0.0105528
  9.4076E-05,   -0.010804
   9.408E-05,  -0.0104271
  9.4084E-05, -0.00942211
  9.4088E-05,   -0.009799
  9.4092E-05,  -0.0105528
  9.4096E-05,  -0.0111809
    9.41E-05,  -0.0103015
  9.4104E-05, -0.00942211
  9.4108E-05,  -0.0100503
  9.4112E-05,   -0.010804
  9.4116E-05,  -0.0109296
   9.412E-05,  -0.0104271
  9.4124E-05, -0.00967337
  9.4128E-05,  -0.0100503
  9.4132E-05,   -0.010804
  9.4136E-05,  -0.0110553
   9.414E-05,  -0.0105528
  9.4144E-05, -0.00992462
  9.4148E-05,  -0.0101759
  9.4152E-05,  -0.0109296
  9.4156E-05,  -0.0114322
   9.416E-05,  -0.0104271
  9.4164E-05, -0.00992462
  9.4168E-05,  -0.0104271
  9.4172E-05,  -0.0105528
  9.4176E-05,  -0.0110553
   9.418E-05,  -0.0106784
  9.4184E-05,  -0.0101759
  9.4188E-05,  -0.0100503
  9.4192E-05,   -0.010804
  9.4196E-05,   -0.011809
    9.42E-05,  -0.0105528
  9.4204E-05,   -0.009799
  9.4208E-05,  -0.0104271
  9.4212E-05,  -0.0109296
  9.4216E-05,  -0.0110553
   9.422E-05,   -0.010804
  9.4224E-05,  -0.0104271
  9.4228E-05,  -0.0105528
  9.4232E-05,  -0.0109296
  9.4236E-05,  -0.0115578
   9.424E-05,  -0.0109296
  9.4244E-05, -0.00992462
  9.4248E-05,  -0.0105528
  9.4252E-05,  -0.0113065
  9.4256E-05,  -0.0114322
   9.426E-05,   -0.010804
  9.4264E-05,  -0.0105528
  9.4268E-05,   -0.010804
  9.4272E-05,  -0.0109296
  9.4276E-05,  -0.0114322
   9.428E-05,  -0.0111809
  9.4284E-05,  -0.0100503
  9.4288E-05,  -0.0103015
  9.4292E-05,  -0.0111809
  9.4296E-05,  -0.0115578
    9.43E-05,  -0.0106784
  9.4304E-05,  -0.0101759
  9.4308E-05,  -0.0106784
  9.4312E-05,  -0.0113065
  9.4316E-05,  -0.0114322
   9.432E-05,  -0.0109296
  9.4324E-05,  -0.0103015
  9.4328E-05,  -0.0105528
  9.4332E-05,  -0.0113065
  9.4336E-05,  -0.0115578
   9.434E-05,  -0.0110553
  9.4344E-05,  -0.0104271
  9.4348E-05,  -0.0106784
  9.4352E-05,  -0.0115578
  9.4356E-05,   -0.011809
   9.436E-05,  -0.0110553
  9.4364E-05,  -0.0105528
  9.4368E-05,   -0.010804
  9.4372E-05,  -0.0113065
  9.4376E-05,   -0.011809
   9.438E-05,  -0.0111809
  9.4384E-05,  -0.0103015
  9.4388E-05,  -0.0106784
  9.4392E-05,  -0.0116834
  9.4396E-05,  -0.0119347
    9.44E-05,   -0.010804
  9.4404E-05,  -0.0104271
  9.4408E-05,  -0.0110553
  9.4412E-05,  -0.0111809
  9.4416E-05,  -0.0116834
   9.442E-05,  -0.0113065
  9.4424E-05,  -0.0105528
  9.4428E-05,  -0.0106784
  9.4432E-05,  -0.0114322
  9.4436E-05,  -0.0119347
   9.444E-05,  -0.0111809
  9.4444E-05,  -0.0101759
  9.4448E-05,  -0.0106784
  9.4452E-05,  -0.0113065
  9.4456E-05,  -0.0116834
   9.446E-05,  -0.0113065
  9.4464E-05,  -0.0105528
  9.4468E-05,  -0.0106784
  9.4472E-05,  -0.0111809
  9.4476E-05,  -0.0119347
   9.448E-05,  -0.0113065
  9.4484E-05,  -0.0101759
  9.4488E-05,  -0.0105528
  9.4492E-05,  -0.0115578
  9.4496E-05,  -0.0115578
    9.45E-05,  -0.0109296
  9.4504E-05,  -0.0106784
  9.4508E-05,  -0.0106784
  9.4512E-05,  -0.0111809
  9.4516E-05,  -0.0116834
   9.452E-05,  -0.0114322
  9.4524E-05,  -0.0104271
  9.4528E-05,  -0.0106784
  9.4532E-05,  -0.0119347
  9.4536E-05,  -0.0119347
   9.454E-05,  -0.0110553
  9.4544E-05,  -0.0106784
  9.4548E-05,  -0.0109296
  9.4552E-05,  -0.0114322
  9.4556E-05,  -0.0120603
   9.456E-05,  -0.0114322
  9.4564E-05,   -0.010804
  9.4568E-05,  -0.0110553
  9.4572E-05,   -0.011809
  9.4576E-05,  -0.0119347
   9.458E-05,  -0.0111809
  9.4584E-05,  -0.0106784
  9.4588E-05,  -0.0109296
  9.4592E-05,  -0.0113065
  9.4596E-05,  -0.0120603
    9.46E-05,  -0.0113065
  9.4604E-05,  -0.0105528
  9.4608E-05,  -0.0109296
  9.4612E-05,  -0.0114322
  9.4616E-05,  -0.0119347
   9.462E-05,  -0.0114322
  9.4624E-05,   -0.010804
  9.4628E-05,  -0.0109296
  9.4632E-05,  -0.0113065
  9.4636E-05,   -0.011809
   9.464E-05,  -0.0113065
  9.4644E-05,  -0.0106784
  9.4648E-05,  -0.0111809
  9.4652E-05,  -0.0114322
  9.4656E-05,   -0.011809
   9.466E-05,  -0.0113065
  9.4664E-05,  -0.0105528
  9.4668E-05,   -0.010804
  9.4672E-05,  -0.0113065
  9.4676E-05,  -0.0116834
   9.468E-05,  -0.0111809
  9.4684E-05,  -0.0105528
  9.4688E-05,  -0.0110553
  9.4692E-05,  -0.0115578
  9.4696E-05,   -0.011809
    9.47E-05,  -0.0110553
  9.4704E-05,  -0.0105528
  9.4708E-05,  -0.0105528
  9.4712E-05,  -0.0111809
  9.4716E-05,   -0.011809
   9.472E-05,  -0.0111809
  9.4724E-05,  -0.0106784
  9.4728E-05,   -0.010804
  9.4732E-05,  -0.0113065
  9.4736E-05,  -0.0116834
   9.474E-05,  -0.0111809
  9.4744E-05,  -0.0105528
  9.4748E-05,  -0.0103015
  9.4752E-05,  -0.0110553
  9.4756E-05,   -0.011809
   9.476E-05,  -0.0109296
  9.4764E-05,  -0.0104271
  9.4768E-05,   -0.010804
  9.4772E-05,  -0.0113065
  9.4776E-05,  -0.0116834
   9.478E-05,  -0.0110553
  9.4784E-05,  -0.0103015
  9.4788E-05,  -0.0106784
  9.4792E-05,  -0.0113065
  9.4796E-05,  -0.0119347
    9.48E-05,   -0.010804
  9.4804E-05,  -0.0103015
  9.4808E-05,   -0.010804
  9.4812E-05,  -0.0114322
  9.4816E-05,  -0.0119347
   9.482E-05,  -0.0109296
  9.4824E-05,  -0.0103015
  9.4828E-05,   -0.010804
  9.4832E-05,  -0.0114322
  9.4836E-05,   -0.011809
   9.484E-05,  -0.0110553
  9.4844E-05,  -0.0101759
  9.4848E-05,  -0.0106784
  9.4852E-05,  -0.0115578
  9.4856E-05,  -0.0119347
   9.486E-05,   -0.010804
  9.4864E-05,  -0.0105528
  9.4868E-05,   -0.010804
  9.4872E-05,  -0.0113065
  9.4876E-05,  -0.0115578
   9.488E-05,  -0.0110553
  9.4884E-05,  -0.0103015
  9.4888E-05,  -0.0105528
  9.4892E-05,  -0.0114322
  9.4896E-05,  -0.0116834
    9.49E-05,  -0.0106784
  9.4904E-05,  -0.0103015
  9.4908E-05,  -0.0105528
  9.4912E-05,  -0.0113065
  9.4916E-05,  -0.0116834
   9.492E-05,   -0.010804
  9.4924E-05,  -0.0101759
  9.4928E-05,   -0.010804
  9.4932E-05,  -0.0115578
  9.4936E-05,  -0.0114322
   9.494E-05,  -0.0106784
  9.4944E-05,  -0.0104271
  9.4948E-05,  -0.0106784
  9.4952E-05,  -0.0113065
  9.4956E-05,   -0.011809
   9.496E-05,  -0.0106784
  9.4964E-05,  -0.0101759
  9.4968E-05,  -0.0109296
  9.4972E-05,  -0.0110553
  9.4976E-05,  -0.0114322
   9.498E-05,   -0.010804
  9.4984E-05,  -0.0101759
  9.4988E-05,  -0.0106784
  9.4992E-05,  -0.0113065
  9.4996E-05,  -0.0116834
     9.5E-05,  -0.0105528
  9.5004E-05,  -0.0100503
  9.5008E-05,  -0.0105528
  9.5012E-05,  -0.0109296
  9.5016E-05,  -0.0114322
   9.502E-05,  -0.0109296
  9.5024E-05,  -0.0101759
  9.5028E-05,  -0.0105528
  9.5032E-05,  -0.0113065
  9.5036E-05,  -0.0114322
   9.504E-05,  -0.0106784
  9.5044E-05,  -0.0100503
  9.5048E-05,  -0.0103015
  9.5052E-05,  -0.0110553
  9.5056E-05,  -0.0114322
   9.506E-05,  -0.0106784
  9.5064E-05,   -0.009799
  9.5068E-05,  -0.0104271
  9.5072E-05,  -0.0111809
  9.5076E-05,  -0.0111809
   9.508E-05,  -0.0104271
  9.5084E-05, -0.00992462
  9.5088E-05,  -0.0104271
  9.5092E-05,  -0.0109296
  9.5096E-05,  -0.0113065
    9.51E-05,  -0.0105528
  9.5104E-05, -0.00992462
  9.5108E-05,  -0.0100503
  9.5112E-05,   -0.010804
  9.5116E-05,  -0.0114322
   9.512E-05,  -0.0104271
  9.5124E-05,   -0.009799
  9.5128E-05,  -0.0103015
  9.5132E-05,   -0.010804
  9.5136E-05,  -0.0111809
   9.514E-05,  -0.0103015
  9.5144E-05,   -0.009799
  9.5148E-05,  -0.0100503
  9.5152E-05,  -0.0106784
  9.5156E-05,  -0.0114322
   9.516E-05,  -0.0103015
  9.5164E-05, -0.00954774
  9.5168E-05,  -0.0100503
  9.5172E-05,  -0.0104271
  9.5176E-05,  -0.0109296
   9.518E-05,  -0.0101759
  9.5184E-05, -0.00967337
  9.5188E-05,  -0.0101759
  9.5192E-05,  -0.0105528
  9.5196E-05,  -0.0109296
    9.52E-05,  -0.0103015
  9.5204E-05, -0.00967337
  9.5208E-05,  -0.0100503
  9.5212E-05,  -0.0103015
  9.5216E-05,   -0.010804
   9.522E-05,  -0.0104271
  9.5224E-05, -0.00954774
  9.5228E-05, -0.00992462
  9.5232E-05,  -0.0105528
  9.5236E-05,  -0.0109296
   9.524E-05, -0.00992462
  9.5244E-05, -0.00929648
  9.5248E-05, -0.00992462
  9.5252E-05,  -0.0103015
  9.5256E-05,  -0.0105528
   9.526E-05,  -0.0100503
  9.5264E-05, -0.00954774
  9.5268E-05, -0.00954774
  9.5272E-05,  -0.0103015
  9.5276E-05,   -0.010804
   9.528E-05, -0.00992462
  9.5284E-05, -0.00917085
  9.5288E-05, -0.00954774
  9.5292E-05,  -0.0101759
  9.5296E-05,  -0.0104271
    9.53E-05, -0.00967337
  9.5304E-05, -0.00917085
  9.5308E-05, -0.00954774
  9.5312E-05,  -0.0100503
  9.5316E-05,  -0.0103015
   9.532E-05, -0.00967337
  9.5324E-05, -0.00929648
  9.5328E-05, -0.00942211
  9.5332E-05,   -0.009799
  9.5336E-05,  -0.0105528
   9.534E-05,   -0.009799
  9.5344E-05,  -0.0089196
  9.5348E-05, -0.00942211
  9.5352E-05,  -0.0103015
  9.5356E-05,  -0.0104271
   9.536E-05, -0.00942211
  9.5364E-05, -0.00917085
  9.5368E-05, -0.00967337
  9.5372E-05, -0.00954774
  9.5376E-05,  -0.0100503
   9.538E-05,   -0.009799
  9.5384E-05, -0.00904523
  9.5388E-05, -0.00929648
  9.5392E-05, -0.00992462
  9.5396E-05,  -0.0105528
    9.54E-05, -0.00942211
  9.5404E-05, -0.00879397
  9.5408E-05, -0.00929648
  9.5412E-05,   -0.009799
  9.5416E-05,  -0.0103015
   9.542E-05,   -0.009799
  9.5424E-05, -0.00879397
  9.5428E-05, -0.00904523
  9.5432E-05,   -0.009799
  9.5436E-05,  -0.0100503
   9.544E-05, -0.00942211
  9.5444E-05, -0.00866834
  9.5448E-05,  -0.0089196
  9.5452E-05, -0.00967337
  9.5456E-05,  -0.0100503
   9.546E-05, -0.00942211
  9.5464E-05, -0.00866834
  9.5468E-05,  -0.0089196
  9.5472E-05, -0.00954774
  9.5476E-05,   -0.009799
   9.548E-05, -0.00917085
  9.5484E-05, -0.00854271
  9.5488E-05,  -0.0089196
  9.5492E-05, -0.00967337
  9.5496E-05, -0.00992462
    9.55E-05, -0.00904523
  9.5504E-05, -0.00854271
  9.5508E-05, -0.00866834
  9.5512E-05, -0.00942211
  9.5516E-05,  -0.0100503
   9.552E-05, -0.00904523
  9.5524E-05, -0.00854271
  9.5528E-05, -0.00917085
  9.5532E-05, -0.00954774
  9.5536E-05,   -0.009799
   9.554E-05, -0.00904523
  9.5544E-05, -0.00829146
  9.5548E-05, -0.00854271
  9.5552E-05, -0.00917085
  9.5556E-05, -0.00992462
   9.556E-05, -0.00904523
  9.5564E-05, -0.00829146
  9.5568E-05, -0.00879397
  9.5572E-05, -0.00917085
  9.5576E-05, -0.00967337
   9.558E-05, -0.00904523
  9.5584E-05, -0.00816583
  9.5588E-05, -0.00841709
  9.5592E-05, -0.00917085
  9.5596E-05, -0.00954774
    9.56E-05, -0.00866834
  9.5604E-05,  -0.0080402
  9.5608E-05, -0.00866834
  9.5612E-05, -0.00929648
  9.5616E-05, -0.00942211
   9.562E-05,  -0.0089196
  9.5624E-05, -0.00816583
  9.5628E-05, -0.00829146
  9.5632E-05, -0.00904523
  9.5636E-05, -0.00929648
   9.564E-05, -0.00841709
  9.5644E-05, -0.00778894
  9.5648E-05, -0.00854271
  9.5652E-05, -0.00929648
  9.5656E-05, -0.00904523
   9.566E-05, -0.00829146
  9.5664E-05, -0.00816583
  9.5668E-05, -0.00829146
  9.5672E-05, -0.00854271
  9.5676E-05, -0.00917085
   9.568E-05, -0.00854271
  9.5684E-05, -0.00778894
  9.5688E-05, -0.00816583
  9.5692E-05,  -0.0089196
  9.5696E-05, -0.00929648
    9.57E-05, -0.00816583
  9.5704E-05, -0.00766332
  9.5708E-05, -0.00791457
  9.5712E-05, -0.00866834
  9.5716E-05, -0.00929648
   9.572E-05, -0.00816583
  9.5724E-05, -0.00766332
  9.5728E-05, -0.00829146
  9.5732E-05, -0.00879397
  9.5736E-05, -0.00904523
   9.574E-05, -0.00816583
  9.5744E-05, -0.00753769
  9.5748E-05, -0.00791457
  9.5752E-05, -0.00854271
  9.5756E-05, -0.00904523
   9.576E-05, -0.00829146
  9.5764E-05, -0.00753769
  9.5768E-05,  -0.0080402
  9.5772E-05, -0.00854271
  9.5776E-05, -0.00879397
   9.578E-05,  -0.0080402
  9.5784E-05, -0.00728643
  9.5788E-05,  -0.0080402
  9.5792E-05, -0.00866834
  9.5796E-05, -0.00866834
    9.58E-05, -0.00791457
  9.5804E-05, -0.00753769
  9.5808E-05, -0.00778894
  9.5812E-05, -0.00841709
  9.5816E-05,  -0.0089196
   9.582E-05, -0.00778894
  9.5824E-05, -0.00703518
  9.5828E-05, -0.00766332
  9.5832E-05, -0.00854271
  9.5836E-05, -0.00841709
   9.584E-05, -0.00741206
  9.5844E-05, -0.00728643
  9.5848E-05, -0.00741206
  9.5852E-05,  -0.0080402
  9.5856E-05, -0.00879397
   9.586E-05, -0.00766332
  9.5864E-05, -0.00703518
  9.5868E-05, -0.00728643
  9.5872E-05, -0.00816583
  9.5876E-05, -0.00841709
   9.588E-05, -0.00728643
  9.5884E-05, -0.00703518
  9.5888E-05, -0.00766332
  9.5892E-05, -0.00816583
  9.5896E-05, -0.00816583
    9.59E-05,  -0.0071608
  9.5904E-05, -0.00728643
  9.5908E-05, -0.00766332
  9.5912E-05, -0.00766332
  9.5916E-05, -0.00816583
   9.592E-05, -0.00778894
  9.5924E-05, -0.00690955
  9.5928E-05, -0.00741206
  9.5932E-05, -0.00816583
  9.5936E-05, -0.00829146
   9.594E-05, -0.00703518
  9.5944E-05, -0.00678392
  9.5948E-05, -0.00766332
  9.5952E-05, -0.00766332
  9.5956E-05,  -0.0080402
   9.596E-05, -0.00753769
  9.5964E-05, -0.00703518
  9.5968E-05, -0.00703518
  9.5972E-05, -0.00766332
  9.5976E-05, -0.00829146
   9.598E-05, -0.00728643
  9.5984E-05, -0.00653266
  9.5988E-05,  -0.0071608
  9.5992E-05, -0.00816583
  9.5996E-05,  -0.0080402
     9.6E-05, -0.00703518
  9.6004E-05, -0.00690955
  9.6008E-05, -0.00703518
  9.6012E-05, -0.00728643
  9.6016E-05, -0.00778894
   9.602E-05, -0.00741206
  9.6024E-05, -0.00653266
  9.6028E-05, -0.00678392
  9.6032E-05, -0.00791457
  9.6036E-05, -0.00791457
   9.604E-05, -0.00665829
  9.6044E-05, -0.00640704
  9.6048E-05, -0.00690955
  9.6052E-05, -0.00728643
  9.6056E-05, -0.00753769
   9.606E-05, -0.00690955
  9.6064E-05, -0.00653266
  9.6068E-05, -0.00678392
  9.6072E-05, -0.00741206
  9.6076E-05, -0.00766332
   9.608E-05, -0.00665829
  9.6084E-05, -0.00628141
  9.6088E-05, -0.00690955
  9.6092E-05,  -0.0071608
  9.6096E-05, -0.00778894
    9.61E-05, -0.00678392
  9.6104E-05, -0.00628141
  9.6108E-05, -0.00665829
  9.6112E-05, -0.00728643
  9.6116E-05, -0.00778894
   9.612E-05, -0.00678392
  9.6124E-05, -0.00628141
  9.6128E-05, -0.00678392
  9.6132E-05, -0.00678392
  9.6136E-05, -0.00741206
   9.614E-05, -0.00678392
  9.6144E-05, -0.00603015
  9.6148E-05, -0.00640704
  9.6152E-05, -0.00703518
  9.6156E-05, -0.00753769
   9.616E-05, -0.00665829
  9.6164E-05, -0.00615578
  9.6168E-05, -0.00653266
  9.6172E-05, -0.00690955
  9.6176E-05, -0.00728643
   9.618E-05, -0.00653266
  9.6184E-05, -0.00615578
  9.6188E-05, -0.00665829
  9.6192E-05, -0.00728643
  9.6196E-05, -0.00741206
    9.62E-05, -0.00640704
  9.6204E-05, -0.00590452
  9.6208E-05, -0.00628141
  9.6212E-05, -0.00690955
  9.6216E-05, -0.00703518
   9.622E-05, -0.00640704
  9.6224E-05, -0.00590452
  9.6228E-05, -0.00628141
  9.6232E-05, -0.00690955
  9.6236E-05, -0.00741206
   9.624E-05, -0.00628141
  9.6244E-05, -0.00565327
  9.6248E-05, -0.00628141
  9.6252E-05, -0.00678392
  9.6256E-05,  -0.0071608
   9.626E-05, -0.00615578
  9.6264E-05, -0.00603015
  9.6268E-05, -0.00615578
  9.6272E-05, -0.00653266
  9.6276E-05, -0.00728643
   9.628E-05, -0.00628141
  9.6284E-05, -0.00577889
  9.6288E-05, -0.00615578
  9.6292E-05, -0.00665829
  9.6296E-05, -0.00728643
    9.63E-05, -0.00615578
  9.6304E-05, -0.00565327
  9.6308E-05, -0.00628141
  9.6312E-05, -0.00678392
  9.6316E-05, -0.00703518
   9.632E-05, -0.00615578
  9.6324E-05, -0.00565327
  9.6328E-05, -0.00615578
  9.6332E-05, -0.00653266
  9.6336E-05, -0.00690955
   9.634E-05, -0.00615578
  9.6344E-05, -0.00540201
  9.6348E-05, -0.00603015
  9.6352E-05, -0.00665829
  9.6356E-05, -0.00678392
   9.636E-05, -0.00603015
  9.6364E-05, -0.00565327
  9.6368E-05, -0.00603015
  9.6372E-05, -0.00665829
  9.6376E-05, -0.00665829
   9.638E-05, -0.00603015
  9.6384E-05, -0.00552764
  9.6388E-05, -0.00590452
  9.6392E-05, -0.00665829
  9.6396E-05,  -0.0071608
    9.64E-05, -0.00590452
  9.6404E-05, -0.00527638
  9.6408E-05, -0.00565327
  9.6412E-05, -0.00665829
  9.6416E-05, -0.00665829
   9.642E-05, -0.00552764
  9.6424E-05, -0.00565327
  9.6428E-05, -0.00590452
  9.6432E-05, -0.00628141
  9.6436E-05, -0.00678392
   9.644E-05, -0.00615578
  9.6444E-05, -0.00540201
  9.6448E-05, -0.00552764
  9.6452E-05, -0.00653266
  9.6456E-05,  -0.0071608
   9.646E-05, -0.00565327
  9.6464E-05, -0.00515075
  9.6468E-05, -0.00577889
  9.6472E-05, -0.00640704
  9.6476E-05, -0.00665829
   9.648E-05, -0.00565327
  9.6484E-05, -0.00527638
  9.6488E-05, -0.00603015
  9.6492E-05, -0.00628141
  9.6496E-05, -0.00665829
    9.65E-05, -0.00577889
  9.6504E-05, -0.00527638
  9.6508E-05, -0.00565327
  9.6512E-05, -0.00615578
  9.6516E-05, -0.00665829
   9.652E-05, -0.00577889
  9.6524E-05, -0.00515075
  9.6528E-05, -0.00590452
  9.6532E-05, -0.00640704
  9.6536E-05, -0.00640704
   9.654E-05, -0.00565327
  9.6544E-05,  -0.0048995
  9.6548E-05, -0.00540201
  9.6552E-05, -0.00590452
  9.6556E-05, -0.00628141
   9.656E-05, -0.00552764
  9.6564E-05,  -0.0048995
  9.6568E-05, -0.00515075
  9.6572E-05, -0.00590452
  9.6576E-05, -0.00640704
   9.658E-05, -0.00540201
  9.6584E-05, -0.00477387
  9.6588E-05, -0.00540201
  9.6592E-05, -0.00615578
  9.6596E-05, -0.00603015
    9.66E-05, -0.00540201
  9.6604E-05, -0.00540201
  9.6608E-05, -0.00540201
  9.6612E-05, -0.00590452
  9.6616E-05, -0.00628141
   9.662E-05, -0.00552764
  9.6624E-05, -0.00502513
  9.6628E-05, -0.00552764
  9.6632E-05, -0.00603015
  9.6636E-05, -0.00628141
   9.664E-05, -0.00540201
  9.6644E-05, -0.00515075
  9.6648E-05, -0.00577889
  9.6652E-05, -0.00603015
  9.6656E-05, -0.00628141
   9.666E-05, -0.00527638
  9.6664E-05, -0.00502513
  9.6668E-05, -0.00540201
  9.6672E-05, -0.00565327
  9.6676E-05, -0.00628141
   9.668E-05, -0.00552764
  9.6684E-05,  -0.0048995
  9.6688E-05, -0.00577889
  9.6692E-05, -0.00628141
  9.6696E-05, -0.00628141
    9.67E-05, -0.00540201
  9.6704E-05, -0.00502513
  9.6708E-05, -0.00527638
  9.6712E-05, -0.00565327
  9.6716E-05, -0.00628141
   9.672E-05, -0.00552764
  9.6724E-05, -0.00477387
  9.6728E-05, -0.00527638
  9.6732E-05, -0.00590452
  9.6736E-05, -0.00603015
   9.674E-05, -0.00527638
  9.6744E-05, -0.00477387
  9.6748E-05, -0.00515075
  9.6752E-05, -0.00565327
  9.6756E-05, -0.00590452
   9.676E-05, -0.00527638
  9.6764E-05,  -0.0048995
  9.6768E-05, -0.00515075
  9.6772E-05, -0.00565327
  9.6776E-05, -0.00603015
   9.678E-05, -0.00515075
  9.6784E-05, -0.00464824
  9.6788E-05, -0.00527638
  9.6792E-05, -0.00590452
  9.6796E-05, -0.00603015
    9.68E-05,  -0.0048995
  9.6804E-05,  -0.0048995
  9.6808E-05, -0.00540201
  9.6812E-05, -0.00565327
  9.6816E-05, -0.00590452
   9.682E-05, -0.00527638
  9.6824E-05, -0.00464824
  9.6828E-05,  -0.0048995
  9.6832E-05, -0.00565327
  9.6836E-05, -0.00615578
   9.684E-05,  -0.0048995
  9.6844E-05, -0.00452261
  9.6848E-05, -0.00527638
  9.6852E-05, -0.00565327
  9.6856E-05, -0.00590452
   9.686E-05, -0.00502513
  9.6864E-05, -0.00452261
  9.6868E-05, -0.00502513
  9.6872E-05, -0.00565327
  9.6876E-05, -0.00603015
   9.688E-05, -0.00477387
  9.6884E-05, -0.00464824
  9.6888E-05, -0.00552764
  9.6892E-05, -0.00590452
  9.6896E-05, -0.00590452
    9.69E-05, -0.00515075
  9.6904E-05, -0.00464824
  9.6908E-05,  -0.0048995
  9.6912E-05, -0.00552764
  9.6916E-05, -0.00603015
   9.692E-05, -0.00515075
  9.6924E-05, -0.00439698
  9.6928E-05,  -0.0048995
  9.6932E-05, -0.00565327
  9.6936E-05, -0.00590452
   9.694E-05,  -0.0048995
  9.6944E-05, -0.00427136
  9.6948E-05,  -0.0048995
  9.6952E-05, -0.00590452
  9.6956E-05, -0.00590452
   9.696E-05,  -0.0048995
  9.6964E-05, -0.00477387
  9.6968E-05, -0.00502513
  9.6972E-05, -0.00540201
  9.6976E-05, -0.00577889
   9.698E-05, -0.00527638
  9.6984E-05, -0.00464824
  9.6988E-05,  -0.0048995
  9.6992E-05, -0.00603015
  9.6996E-05, -0.00628141
     9.7E-05,  -0.0048995
  9.7004E-05, -0.00452261
  9.7008E-05, -0.00502513
  9.7012E-05, -0.00552764
  9.7016E-05, -0.00565327
   9.702E-05, -0.00502513
  9.7024E-05, -0.00477387
  9.7028E-05, -0.00502513
  9.7032E-05, -0.00565327
  9.7036E-05, -0.00590452
   9.704E-05, -0.00477387
  9.7044E-05, -0.00452261
  9.7048E-05, -0.00527638
  9.7052E-05, -0.00552764
  9.7056E-05, -0.00565327
   9.706E-05, -0.00477387
  9.7064E-05, -0.00477387
  9.7068E-05, -0.00515075
  9.7072E-05, -0.00552764
  9.7076E-05, -0.00590452
   9.708E-05, -0.00502513
  9.7084E-05, -0.00427136
  9.7088E-05, -0.00515075
  9.7092E-05, -0.00577889
  9.7096E-05, -0.00590452
    9.71E-05,  -0.0048995
  9.7104E-05, -0.00452261
  9.7108E-05, -0.00515075
  9.7112E-05, -0.00577889
  9.7116E-05, -0.00603015
   9.712E-05, -0.00515075
  9.7124E-05, -0.00452261
  9.7128E-05,  -0.0048995
  9.7132E-05, -0.00565327
  9.7136E-05, -0.00590452
   9.714E-05, -0.00515075
  9.7144E-05, -0.00464824
  9.7148E-05,  -0.0048995
  9.7152E-05, -0.00577889
  9.7156E-05, -0.00603015
   9.716E-05,  -0.0048995
  9.7164E-05, -0.00452261
  9.7168E-05,  -0.0048995
  9.7172E-05, -0.00552764
  9.7176E-05, -0.00577889
   9.718E-05, -0.00477387
  9.7184E-05, -0.00452261
  9.7188E-05, -0.00515075
  9.7192E-05, -0.00590452
  9.7196E-05, -0.00628141
    9.72E-05,  -0.0048995
  9.7204E-05, -0.00464824
  9.7208E-05, -0.00502513
  9.7212E-05, -0.00552764
  9.7216E-05, -0.00615578
   9.722E-05, -0.00515075
  9.7224E-05, -0.00477387
  9.7228E-05, -0.00515075
  9.7232E-05, -0.00577889
  9.7236E-05, -0.00640704
   9.724E-05, -0.00515075
  9.7244E-05, -0.00439698
  9.7248E-05, -0.00502513
  9.7252E-05, -0.00577889
  9.7256E-05, -0.00615578
   9.726E-05, -0.00527638
  9.7264E-05,  -0.0048995
  9.7268E-05, -0.00527638
  9.7272E-05, -0.00565327
  9.7276E-05, -0.00615578
   9.728E-05, -0.00527638
  9.7284E-05, -0.00439698
  9.7288E-05, -0.00515075
  9.7292E-05, -0.00603015
  9.7296E-05, -0.00615578
    9.73E-05, -0.00515075
  9.7304E-05,  -0.0048995
  9.7308E-05, -0.00552764
  9.7312E-05, -0.00590452
  9.7316E-05, -0.00615578
   9.732E-05, -0.00527638
  9.7324E-05, -0.00477387
  9.7328E-05, -0.00515075
  9.7332E-05, -0.00590452
  9.7336E-05, -0.00590452
   9.734E-05, -0.00502513
  9.7344E-05,  -0.0048995
  9.7348E-05, -0.00527638
  9.7352E-05, -0.00565327
  9.7356E-05, -0.00615578
   9.736E-05, -0.00502513
  9.7364E-05, -0.00477387
  9.7368E-05, -0.00502513
  9.7372E-05, -0.00577889
  9.7376E-05, -0.00603015
   9.738E-05, -0.00477387
  9.7384E-05, -0.00502513
  9.7388E-05, -0.00552764
  9.7392E-05, -0.00577889
  9.7396E-05, -0.00640704
    9.74E-05, -0.00540201
  9.7404E-05, -0.00502513
  9.7408E-05, -0.00540201
  9.7412E-05, -0.00590452
  9.7416E-05, -0.00640704
   9.742E-05, -0.00540201
  9.7424E-05, -0.00502513
  9.7428E-05, -0.00540201
  9.7432E-05, -0.00590452
  9.7436E-05, -0.00640704
   9.744E-05, -0.00527638
  9.7444E-05, -0.00452261
  9.7448E-05, -0.00540201
  9.7452E-05, -0.00603015
  9.7456E-05, -0.00603015
   9.746E-05, -0.00515075
  9.7464E-05,  -0.0048995
  9.7468E-05, -0.00552764
  9.7472E-05, -0.00590452
  9.7476E-05, -0.00603015
   9.748E-05, -0.00527638
  9.7484E-05, -0.00502513
  9.7488E-05, -0.00565327
  9.7492E-05, -0.00603015
  9.7496E-05, -0.00628141
    9.75E-05, -0.00565327
  9.7504E-05, -0.00502513
  9.7508E-05, -0.00540201
  9.7512E-05, -0.00628141
  9.7516E-05, -0.00653266
   9.752E-05, -0.00565327
  9.7524E-05, -0.00527638
  9.7528E-05, -0.00540201
  9.7532E-05, -0.00615578
  9.7536E-05, -0.00665829
   9.754E-05, -0.00540201
  9.7544E-05, -0.00477387
  9.7548E-05, -0.00540201
  9.7552E-05, -0.00640704
  9.7556E-05, -0.00640704
   9.756E-05, -0.00540201
  9.7564E-05, -0.00540201
  9.7568E-05, -0.00552764
  9.7572E-05, -0.00603015
  9.7576E-05, -0.00665829
   9.758E-05, -0.00540201
  9.7584E-05, -0.00477387
  9.7588E-05, -0.00577889
  9.7592E-05, -0.00653266
  9.7596E-05, -0.00628141
    9.76E-05, -0.00540201
  9.7604E-05, -0.00552764
  9.7608E-05, -0.00590452
  9.7612E-05, -0.00628141
  9.7616E-05, -0.00665829
   9.762E-05, -0.00565327
  9.7624E-05, -0.00502513
  9.7628E-05, -0.00590452
  9.7632E-05, -0.00653266
  9.7636E-05, -0.00640704
   9.764E-05, -0.00552764
  9.7644E-05, -0.00540201
  9.7648E-05, -0.00615578
  9.7652E-05, -0.00653266
  9.7656E-05, -0.00665829
   9.766E-05, -0.00577889
  9.7664E-05, -0.00540201
  9.7668E-05, -0.00590452
  9.7672E-05, -0.00640704
  9.7676E-05, -0.00653266
   9.768E-05, -0.00577889
  9.7684E-05, -0.00552764
  9.7688E-05, -0.00615578
  9.7692E-05, -0.00678392
  9.7696E-05, -0.00690955
    9.77E-05, -0.00603015
  9.7704E-05, -0.00552764
  9.7708E-05, -0.00590452
  9.7712E-05, -0.00665829
  9.7716E-05, -0.00678392
   9.772E-05, -0.00590452
  9.7724E-05, -0.00577889
  9.7728E-05, -0.00665829
  9.7732E-05,  -0.0071608
  9.7736E-05, -0.00678392
   9.774E-05, -0.00590452
  9.7744E-05, -0.00577889
  9.7748E-05, -0.00615578
  9.7752E-05, -0.00653266
  9.7756E-05, -0.00703518
   9.776E-05, -0.00628141
  9.7764E-05, -0.00577889
  9.7768E-05, -0.00640704
  9.7772E-05, -0.00703518
  9.7776E-05, -0.00703518
   9.778E-05, -0.00603015
  9.7784E-05, -0.00590452
  9.7788E-05, -0.00653266
  9.7792E-05, -0.00678392
  9.7796E-05, -0.00728643
    9.78E-05, -0.00628141
  9.7804E-05, -0.00577889
  9.7808E-05, -0.00640704
  9.7812E-05, -0.00690955
  9.7816E-05,  -0.0071608
   9.782E-05, -0.00628141
  9.7824E-05, -0.00577889
  9.7828E-05, -0.00628141
  9.7832E-05, -0.00690955
  9.7836E-05, -0.00741206
   9.784E-05, -0.00615578
  9.7844E-05, -0.00552764
  9.7848E-05, -0.00653266
  9.7852E-05,  -0.0071608
  9.7856E-05,  -0.0071608
   9.786E-05, -0.00640704
  9.7864E-05, -0.00603015
  9.7868E-05, -0.00653266
  9.7872E-05, -0.00728643
  9.7876E-05, -0.00728643
   9.788E-05, -0.00640704
  9.7884E-05, -0.00603015
  9.7888E-05, -0.00665829
  9.7892E-05,  -0.0071608
  9.7896E-05, -0.00741206
    9.79E-05, -0.00678392
  9.7904E-05, -0.00603015
  9.7908E-05, -0.00653266
  9.7912E-05, -0.00778894
  9.7916E-05, -0.00778894
   9.792E-05, -0.00628141
  9.7924E-05, -0.00640704
  9.7928E-05,  -0.0071608
  9.7932E-05, -0.00741206
  9.7936E-05, -0.00753769
   9.794E-05, -0.00690955
  9.7944E-05, -0.00653266
  9.7948E-05, -0.00640704
  9.7952E-05, -0.00728643
  9.7956E-05,  -0.0080402
   9.796E-05, -0.00653266
  9.7964E-05, -0.00628141
  9.7968E-05, -0.00690955
  9.7972E-05, -0.00741206
  9.7976E-05, -0.00766332
   9.798E-05, -0.00690955
  9.7984E-05, -0.00665829
  9.7988E-05, -0.00690955
  9.7992E-05, -0.00766332
  9.7996E-05, -0.00816583
     9.8E-05, -0.00690955
  9.8004E-05, -0.00640704
  9.8008E-05,  -0.0071608
  9.8012E-05, -0.00753769
  9.8016E-05, -0.00766332
   9.802E-05,  -0.0071608
  9.8024E-05, -0.00665829
  9.8028E-05, -0.00703518
  9.8032E-05, -0.00766332
  9.8036E-05, -0.00791457
   9.804E-05, -0.00678392
  9.8044E-05, -0.00628141
  9.8048E-05, -0.00728643
  9.8052E-05, -0.00778894
  9.8056E-05, -0.00753769
   9.806E-05, -0.00678392
  9.8064E-05, -0.00690955
  9.8068E-05, -0.00741206
  9.8072E-05, -0.00791457
  9.8076E-05, -0.00791457
   9.808E-05,  -0.0071608
  9.8084E-05, -0.00678392
  9.8088E-05, -0.00703518
  9.8092E-05,  -0.0080402
  9.8096E-05, -0.00841709
    9.81E-05,  -0.0071608
  9.8104E-05, -0.00703518
  9.8108E-05, -0.00753769
  9.8112E-05, -0.00816583
  9.8116E-05, -0.00816583
   9.812E-05, -0.00728643
  9.8124E-05,  -0.0071608
  9.8128E-05,  -0.0071608
  9.8132E-05,  -0.0080402
  9.8136E-05, -0.00854271
   9.814E-05, -0.00728643
  9.8144E-05, -0.00690955
  9.8148E-05, -0.00766332
  9.8152E-05,  -0.0080402
  9.8156E-05, -0.00829146
   9.816E-05, -0.00741206
  9.8164E-05,  -0.0071608
  9.8168E-05, -0.00741206
  9.8172E-05,  -0.0080402
  9.8176E-05, -0.00829146
   9.818E-05, -0.00728643
  9.8184E-05,  -0.0071608
  9.8188E-05,  -0.0080402
  9.8192E-05, -0.00829146
  9.8196E-05, -0.00841709
    9.82E-05, -0.00753769
  9.8204E-05, -0.00690955
  9.8208E-05, -0.00741206
  9.8212E-05, -0.00816583
  9.8216E-05, -0.00841709
   9.822E-05, -0.00741206
  9.8224E-05,  -0.0071608
  9.8228E-05, -0.00778894
  9.8232E-05, -0.00841709
  9.8236E-05, -0.00854271
   9.824E-05, -0.00753769
  9.8244E-05, -0.00703518
  9.8248E-05, -0.00753769
  9.8252E-05, -0.00841709
  9.8256E-05, -0.00854271
   9.826E-05, -0.00766332
  9.8264E-05, -0.00766332
  9.8268E-05,  -0.0080402
  9.8272E-05, -0.00854271
  9.8276E-05, -0.00854271
   9.828E-05, -0.00778894
  9.8284E-05, -0.00753769
  9.8288E-05, -0.00791457
  9.8292E-05, -0.00866834
  9.8296E-05, -0.00866834
    9.83E-05, -0.00766332
  9.8304E-05, -0.00766332
  9.8308E-05, -0.00816583
  9.8312E-05, -0.00866834
  9.8316E-05, -0.00879397
   9.832E-05, -0.00778894
  9.8324E-05, -0.00741206
  9.8328E-05, -0.00816583
  9.8332E-05, -0.00866834
  9.8336E-05, -0.00879397
   9.834E-05, -0.00766332
  9.8344E-05, -0.00753769
  9.8348E-05, -0.00829146
  9.8352E-05, -0.00866834
  9.8356E-05, -0.00879397
   9.836E-05, -0.00778894
  9.8364E-05, -0.00778894
  9.8368E-05, -0.00829146
  9.8372E-05, -0.00854271
  9.8376E-05, -0.00879397
   9.838E-05, -0.00816583
  9.8384E-05, -0.00791457
  9.8388E-05, -0.00829146
  9.8392E-05, -0.00879397
  9.8396E-05, -0.00929648
    9.84E-05, -0.00816583
  9.8404E-05, -0.00766332
  9.8408E-05, -0.00829146
  9.8412E-05, -0.00917085
  9.8416E-05, -0.00904523
   9.842E-05,  -0.0080402
  9.8424E-05,  -0.0080402
  9.8428E-05, -0.00866834
  9.8432E-05,  -0.0089196
  9.8436E-05,  -0.0089196
   9.844E-05, -0.00841709
  9.8444E-05, -0.00791457
  9.8448E-05, -0.00841709
  9.8452E-05, -0.00929648
  9.8456E-05, -0.00917085
   9.846E-05,  -0.0080402
  9.8464E-05,  -0.0080402
  9.8468E-05, -0.00866834
  9.8472E-05, -0.00904523
  9.8476E-05, -0.00917085
   9.848E-05, -0.00829146
  9.8484E-05,  -0.0080402
  9.8488E-05, -0.00866834
  9.8492E-05, -0.00942211
  9.8496E-05, -0.00954774
    9.85E-05, -0.00816583
  9.8504E-05, -0.00816583
  9.8508E-05, -0.00879397
  9.8512E-05, -0.00929648
  9.8516E-05, -0.00942211
   9.852E-05, -0.00829146
  9.8524E-05, -0.00829146
  9.8528E-05, -0.00879397
  9.8532E-05, -0.00942211
  9.8536E-05,   -0.009799
   9.854E-05, -0.00841709
  9.8544E-05,  -0.0080402
  9.8548E-05, -0.00879397
  9.8552E-05, -0.00942211
  9.8556E-05, -0.00942211
   9.856E-05, -0.00866834
  9.8564E-05, -0.00866834
  9.8568E-05,  -0.0089196
  9.8572E-05, -0.00929648
  9.8576E-05, -0.00992462
   9.858E-05, -0.00879397
  9.8584E-05, -0.00816583
  9.8588E-05, -0.00917085
  9.8592E-05,   -0.009799
  9.8596E-05, -0.00967337
    9.86E-05, -0.00866834
  9.8604E-05, -0.00854271
  9.8608E-05, -0.00917085
  9.8612E-05, -0.00954774
  9.8616E-05, -0.00954774
   9.862E-05, -0.00866834
  9.8624E-05, -0.00854271
  9.8628E-05, -0.00904523
  9.8632E-05, -0.00942211
  9.8636E-05, -0.00954774
   9.864E-05, -0.00879397
  9.8644E-05, -0.00854271
  9.8648E-05, -0.00904523
  9.8652E-05, -0.00954774
  9.8656E-05,   -0.009799
   9.866E-05,  -0.0089196
  9.8664E-05, -0.00866834
  9.8668E-05,  -0.0089196
  9.8672E-05, -0.00954774
  9.8676E-05, -0.00992462
   9.868E-05,  -0.0089196
  9.8684E-05, -0.00866834
  9.8688E-05, -0.00929648
  9.8692E-05, -0.00992462
  9.8696E-05, -0.00992462
    9.87E-05, -0.00904523
  9.8704E-05, -0.00904523
  9.8708E-05, -0.00904523
  9.8712E-05, -0.00954774
  9.8716E-05,  -0.0100503
   9.872E-05, -0.00917085
  9.8724E-05, -0.00879397
  9.8728E-05, -0.00917085
  9.8732E-05,   -0.009799
  9.8736E-05,  -0.0100503
   9.874E-05, -0.00866834
  9.8744E-05, -0.00829146
  9.8748E-05, -0.00929648
  9.8752E-05, -0.00967337
  9.8756E-05, -0.00954774
   9.876E-05, -0.00879397
  9.8764E-05,  -0.0089196
  9.8768E-05, -0.00929648
  9.8772E-05, -0.00942211
  9.8776E-05,  -0.0100503
   9.878E-05, -0.00917085
  9.8784E-05, -0.00841709
  9.8788E-05, -0.00929648
  9.8792E-05, -0.00992462
  9.8796E-05, -0.00992462
    9.88E-05, -0.00904523
  9.8804E-05, -0.00879397
  9.8808E-05, -0.00942211
  9.8812E-05, -0.00992462
  9.8816E-05,  -0.0100503
   9.882E-05, -0.00917085
  9.8824E-05, -0.00866834
  9.8828E-05, -0.00917085
  9.8832E-05, -0.00992462
  9.8836E-05,  -0.0100503
   9.884E-05, -0.00904523
  9.8844E-05, -0.00866834
  9.8848E-05, -0.00942211
  9.8852E-05,  -0.0100503
  9.8856E-05,   -0.009799
   9.886E-05, -0.00904523
  9.8864E-05, -0.00904523
  9.8868E-05, -0.00942211
  9.8872E-05,   -0.009799
  9.8876E-05,  -0.0100503
   9.888E-05, -0.00904523
  9.8884E-05, -0.00879397
  9.8888E-05, -0.00967337
  9.8892E-05,  -0.0103015
  9.8896E-05,  -0.0103015
    9.89E-05, -0.00904523
  9.8904E-05, -0.00904523
  9.8908E-05, -0.00967337
  9.8912E-05, -0.00992462
  9.8916E-05,  -0.0103015
   9.892E-05, -0.00917085
  9.8924E-05, -0.00879397
  9.8928E-05, -0.00942211
  9.8932E-05, -0.00992462
  9.8936E-05,  -0.0103015
   9.894E-05, -0.00917085
  9.8944E-05, -0.00879397
  9.8948E-05, -0.00954774
  9.8952E-05,  -0.0100503
  9.8956E-05,  -0.0103015
   9.896E-05, -0.00929648
  9.8964E-05, -0.00879397
  9.8968E-05, -0.00929648
  9.8972E-05, -0.00992462
  9.8976E-05,  -0.0100503
   9.898E-05, -0.00917085
  9.8984E-05, -0.00879397
  9.8988E-05, -0.00954774
  9.8992E-05,  -0.0103015
  9.8996E-05,  -0.0100503
     9.9E-05, -0.00917085
  9.9004E-05, -0.00904523
  9.9008E-05, -0.00954774
  9.9012E-05,  -0.0100503
  9.9016E-05,  -0.0100503
   9.902E-05, -0.00929648
  9.9024E-05,  -0.0089196
  9.9028E-05, -0.00954774
  9.9032E-05,  -0.0103015
  9.9036E-05,  -0.0100503
   9.904E-05,  -0.0089196
  9.9044E-05,  -0.0089196
  9.9048E-05, -0.00942211
  9.9052E-05, -0.00992462
  9.9056E-05,  -0.0101759
   9.906E-05, -0.00917085
  9.9064E-05, -0.00904523
  9.9068E-05, -0.00942211
  9.9072E-05,  -0.0100503
  9.9076E-05,  -0.0103015
   9.908E-05, -0.00904523
  9.9084E-05,  -0.0089196
  9.9088E-05, -0.00954774
  9.9092E-05,  -0.0100503
  9.9096E-05,  -0.0103015
    9.91E-05, -0.00904523
  9.9104E-05, -0.00904523
  9.9108E-05, -0.00954774
  9.9112E-05, -0.00992462
  9.9116E-05,  -0.0100503
   9.912E-05, -0.00917085
  9.9124E-05, -0.00904523
  9.9128E-05, -0.00954774
  9.9132E-05, -0.00992462
  9.9136E-05, -0.00992462
   9.914E-05, -0.00929648
  9.9144E-05, -0.00879397
  9.9148E-05, -0.00942211
  9.9152E-05,  -0.0100503
  9.9156E-05,  -0.0101759
   9.916E-05, -0.00917085
  9.9164E-05, -0.00879397
  9.9168E-05, -0.00942211
  9.9172E-05, -0.00992462
  9.9176E-05, -0.00992462
   9.918E-05, -0.00917085
  9.9184E-05,  -0.0089196
  9.9188E-05, -0.00954774
  9.9192E-05,  -0.0103015
  9.9196E-05,  -0.0104271
    9.92E-05, -0.00904523
  9.9204E-05, -0.00854271
  9.9208E-05, -0.00917085
  9.9212E-05,  -0.0101759
  9.9216E-05,  -0.0100503
   9.922E-05,  -0.0089196
  9.9224E-05,  -0.0089196
  9.9228E-05, -0.00942211
  9.9232E-05,  -0.0100503
  9.9236E-05,  -0.0100503
   9.924E-05, -0.00904523
  9.9244E-05, -0.00879397
  9.9248E-05, -0.00917085
  9.9252E-05, -0.00992462
  9.9256E-05,  -0.0100503
   9.926E-05, -0.00917085
  9.9264E-05, -0.00904523
  9.9268E-05, -0.00954774
  9.9272E-05,  -0.0101759
  9.9276E-05,  -0.0100503
   9.928E-05,  -0.0089196
  9.9284E-05, -0.00879397
  9.9288E-05, -0.00942211
  9.9292E-05,   -0.009799
  9.9296E-05, -0.00992462
    9.93E-05, -0.00879397
  9.9304E-05, -0.00866834
  9.9308E-05, -0.00929648
  9.9312E-05,   -0.009799
  9.9316E-05,   -0.009799
   9.932E-05,  -0.0089196
  9.9324E-05, -0.00866834
  9.9328E-05, -0.00929648
  9.9332E-05,   -0.009799
  9.9336E-05, -0.00992462
   9.934E-05,  -0.0089196
  9.9344E-05, -0.00854271
  9.9348E-05, -0.00929648
  9.9352E-05,   -0.009799
  9.9356E-05, -0.00992462
   9.936E-05,  -0.0089196
  9.9364E-05, -0.00854271
  9.9368E-05, -0.00917085
  9.9372E-05,   -0.009799
  9.9376E-05,   -0.009799
   9.938E-05, -0.00879397
  9.9384E-05, -0.00866834
  9.9388E-05, -0.00929648
  9.9392E-05,  -0.0100503
  9.9396E-05, -0.00992462
    9.94E-05, -0.00879397
  9.9404E-05,  -0.0089196
  9.9408E-05, -0.00942211
  9.9412E-05, -0.00967337
  9.9416E-05, -0.00954774
   9.942E-05, -0.00904523
  9.9424E-05,  -0.0089196
  9.9428E-05, -0.00879397
  9.9432E-05, -0.00954774
  9.9436E-05,  -0.0100503
   9.944E-05, -0.00854271
  9.9444E-05, -0.00829146
  9.9448E-05, -0.00929648
  9.9452E-05,  -0.0100503
  9.9456E-05, -0.00942211
   9.946E-05, -0.00866834
  9.9464E-05, -0.00904523
  9.9468E-05, -0.00904523
  9.9472E-05, -0.00929648
  9.9476E-05,  -0.0101759
   9.948E-05, -0.00917085
  9.9484E-05, -0.00841709
  9.9488E-05, -0.00904523
  9.9492E-05,  -0.0100503
  9.9496E-05,  -0.0101759
    9.95E-05, -0.00854271
  9.9504E-05, -0.00866834
  9.9508E-05, -0.00929648
  9.9512E-05, -0.00942211
  9.9516E-05, -0.00967337
   9.952E-05, -0.00904523
  9.9524E-05, -0.00854271
  9.9528E-05,  -0.0089196
  9.9532E-05, -0.00954774
  9.9536E-05, -0.00954774
   9.954E-05, -0.00841709
  9.9544E-05, -0.00816583
  9.9548E-05,  -0.0089196
  9.9552E-05, -0.00929648
  9.9556E-05, -0.00942211
   9.956E-05, -0.00866834
  9.9564E-05, -0.00841709
  9.9568E-05,  -0.0089196
  9.9572E-05, -0.00954774
  9.9576E-05, -0.00917085
   9.958E-05, -0.00841709
  9.9584E-05, -0.00841709
  9.9588E-05,  -0.0089196
  9.9592E-05, -0.00942211
  9.9596E-05, -0.00954774
    9.96E-05, -0.00841709
  9.9604E-05, -0.00841709
  9.9608E-05, -0.00904523
  9.9612E-05,   -0.009799
  9.9616E-05, -0.00929648
   9.962E-05, -0.00829146
  9.9624E-05, -0.00854271
  9.9628E-05, -0.00879397
  9.9632E-05, -0.00929648
  9.9636E-05, -0.00942211
   9.964E-05, -0.00841709
  9.9644E-05,  -0.0080402
  9.9648E-05, -0.00854271
  9.9652E-05, -0.00942211
  9.9656E-05, -0.00954774
   9.966E-05,  -0.0080402
  9.9664E-05, -0.00816583
  9.9668E-05, -0.00866834
  9.9672E-05, -0.00904523
  9.9676E-05, -0.00904523
   9.968E-05, -0.00816583
  9.9684E-05, -0.00829146
  9.9688E-05,  -0.0089196
  9.9692E-05, -0.00917085
  9.9696E-05, -0.00929648
    9.97E-05, -0.00841709
  9.9704E-05,  -0.0080402
  9.9708E-05, -0.00866834
  9.9712E-05, -0.00917085
  9.9716E-05, -0.00904523
   9.972E-05, -0.00816583
  9.9724E-05,  -0.0080402
  9.9728E-05,  -0.0089196
  9.9732E-05, -0.00904523
  9.9736E-05,  -0.0089196
   9.974E-05, -0.00816583
  9.9744E-05, -0.00791457
  9.9748E-05, -0.00841709
  9.9752E-05, -0.00904523
  9.9756E-05,  -0.0089196
   9.976E-05, -0.00816583
  9.9764E-05, -0.00829146
  9.9768E-05, -0.00854271
  9.9772E-05,  -0.0089196
  9.9776E-05,  -0.0089196
   9.978E-05, -0.00829146
  9.9784E-05, -0.00791457
  9.9788E-05, -0.00816583
  9.9792E-05, -0.00917085
  9.9796E-05, -0.00929648
    9.98E-05, -0.00791457
  9.9804E-05, -0.00791457
  9.9808E-05, -0.00854271
  9.9812E-05, -0.00904523
  9.9816E-05,  -0.0089196
   9.982E-05,  -0.0080402
  9.9824E-05, -0.00791457
  9.9828E-05, -0.00841709
  9.9832E-05, -0.00904523
  9.9836E-05, -0.00917085
   9.984E-05, -0.00778894
  9.9844E-05, -0.00778894
  9.9848E-05, -0.00879397
  9.9852E-05,  -0.0089196
  9.9856E-05, -0.00866834
   9.986E-05, -0.00766332
  9.9864E-05, -0.00778894
  9.9868E-05, -0.00841709
  9.9872E-05, -0.00854271
  9.9876E-05, -0.00866834
   9.988E-05, -0.00766332
  9.9884E-05, -0.00766332
  9.9888E-05, -0.00854271
  9.9892E-05, -0.00879397
  9.9896E-05,  -0.0089196
    9.99E-05, -0.00778894
  9.9904E-05, -0.00741206
  9.9908E-05, -0.00816583
  9.9912E-05,  -0.0089196
  9.9916E-05, -0.00854271
   9.992E-05, -0.00766332
  9.9924E-05, -0.00766332
  9.9928E-05,  -0.0080402
  9.9932E-05, -0.00854271
  9.9936E-05, -0.00866834
   9.994E-05, -0.00778894
  9.9944E-05,  -0.0071608
  9.9948E-05, -0.00791457
  9.9952E-05, -0.00879397
  9.9956E-05, -0.00866834
   9.996E-05, -0.00766332
  9.9964E-05, -0.00741206
  9.9968E-05, -0.00778894
  9.9972E-05, -0.00866834
  9.9976E-05, -0.00866834
   9.998E-05, -0.00728643
  9.9984E-05, -0.00728643
  9.9988E-05, -0.00841709
  9.9992E-05, -0.00866834
  9.9996E-05, -0.00841709
